model,n,degree_target,stage,method_a,method_b,interpretation,complete,repetitions,error_a,error_b,delta,delta_se,ci95_lower,ci95_upper,wins,ties,losses,seconds_a,seconds_b
k2_symmetric,1800,4.0,decoded,gmm_full_spec,km_spec,same_features_and_center_seeds,True,20,0.45397222222222233,0.4363055555555556,0.017666666666666664,0.012330040127212135,-0.00814040391140802,0.04347373724474135,7,0,13,0.1027135721007653,0.009639707150199683
k2_symmetric,1800,4.0,initial,gmm_full_spec,km_spec,same_features_and_center_seeds,True,20,0.473,0.4410833333333334,0.03191666666666667,0.009071450818254936,0.012929901895677155,0.05090343143765619,7,0,13,0.10230932360027509,0.009265801200308487
k2_symmetric,1800,6.0,decoded,gmm_full_spec,km_spec,same_features_and_center_seeds,True,20,0.2831388888888889,0.26280555555555557,0.02033333333333332,0.030960249305149932,-0.04446721319282362,0.08513387985949025,10,0,10,0.09929513615061296,0.008948271398912766
k2_symmetric,1800,6.0,initial,gmm_full_spec,km_spec,same_features_and_center_seeds,True,20,0.3274722222222222,0.31575,0.011722222222222228,0.03176415945465815,-0.05476092758443839,0.07820537202888285,10,0,10,0.0988936787503917,0.008609658648856567
k2_symmetric,1800,12.0,decoded,gmm_full_spec,km_spec,same_features_and_center_seeds,True,20,0.028361111111111115,0.034111111111111106,-0.005749999999999989,0.0021202001174445042,-0.010187629845970658,-0.0013123701540293199,15,2,3,0.09259518849976303,0.009517834899088484
k2_symmetric,1800,12.0,initial,gmm_full_spec,km_spec,same_features_and_center_seeds,True,20,0.02950000000000001,0.06316666666666665,-0.03366666666666665,0.008822522716463872,-0.05213241893278927,-0.015200914400544031,18,0,2,0.09218123284990724,0.00916489089904644
k2_symmetric,1800,24.0,decoded,gmm_full_spec,km_spec,same_features_and_center_seeds,True,20,0.0012777777777777722,0.0012777777777777666,5.551115123125783e-18,8.060847223444625e-05,-0.0001687154713757947,0.00016871547137580582,3,15,2,0.05122241305070929,0.008578015501188928
k2_symmetric,1800,24.0,initial,gmm_full_spec,km_spec,same_features_and_center_seeds,True,20,0.0013611111111111018,0.003972222222222227,-0.0026111111111111252,0.0010060731761991522,-0.00471684646939092,-0.0005053757528313309,11,6,3,0.05080530584964436,0.008229469151046942
k2_symmetric,1800,64.0,decoded,gmm_full_spec,km_spec,same_features_and_center_seeds,True,20,0.0,0.0,0.0,0.0,0.0,0.0,0,20,0,0.03273934439966979,0.0078198159000749
k2_symmetric,1800,64.0,initial,gmm_full_spec,km_spec,same_features_and_center_seeds,True,20,0.0,0.00011111111111110628,-0.00011111111111110628,6.498862798506404e-05,-0.0002471338727468383,2.4911650524625737e-05,3,17,0,0.03236262219943455,0.007461098799831234
k2_symmetric,1800,96.0,decoded,gmm_full_spec,km_spec,same_features_and_center_seeds,True,20,0.0,0.0,0.0,0.0,0.0,0.0,0,20,0,0.03244857134995982,0.00802501660073176
k2_symmetric,1800,96.0,initial,gmm_full_spec,km_spec,same_features_and_center_seeds,True,20,0.0,0.0,0.0,0.0,0.0,0.0,0,20,0,0.03204518820057274,0.007664754599682055
k3_disassortative,1800,4.0,decoded,gmm_full_spec,km_spec,same_features_and_center_seeds,True,20,0.5458055555555557,0.5357777777777778,0.010027777777777785,0.012325815302526437,-0.015770450140604072,0.03582600569615964,10,0,10,0.33856382990161366,0.011331702948518796
k3_disassortative,1800,4.0,initial,gmm_full_spec,km_spec,same_features_and_center_seeds,True,20,0.5790555555555554,0.5151388888888888,0.06391666666666668,0.010171728439856769,0.042626994367137364,0.08520633896619599,1,0,19,0.3379806572011148,0.010910687898285688
k3_disassortative,1800,6.0,decoded,gmm_full_spec,km_spec,same_features_and_center_seeds,True,20,0.5367222222222223,0.5250277777777778,0.01169444444444443,0.01176438296842126,-0.012928692093732692,0.03631758098262155,8,0,12,0.26706674144916176,0.01171573664942116
k3_disassortative,1800,6.0,initial,gmm_full_spec,km_spec,same_features_and_center_seeds,True,20,0.5510277777777778,0.40136111111111117,0.1496666666666667,0.0027208792486326967,0.14397180095013806,0.15536153238319533,0,0,20,0.26660765714914303,0.011304979100168566
k3_disassortative,1800,12.0,decoded,gmm_full_spec,km_spec,same_features_and_center_seeds,True,20,0.5232499999999999,0.5190277777777779,0.004222222222222227,0.027985405321008957,-0.0543519042870158,0.06279634873146026,11,0,9,0.22087882230080141,0.010399391300234128
k3_disassortative,1800,12.0,initial,gmm_full_spec,km_spec,same_features_and_center_seeds,True,20,0.28494444444444444,0.2541944444444445,0.03075,0.014252051765698987,0.0009201128297196097,0.060579887170280386,7,1,12,0.22042519899987384,0.009981069549758104
k3_disassortative,1800,24.0,decoded,gmm_full_spec,km_spec,same_features_and_center_seeds,True,20,0.4910555555555556,0.5225555555555557,-0.031500000000000014,0.021432536917650364,-0.07635881531563633,0.013358815315636305,13,0,7,0.25129899555067825,0.00996185844996944
k3_disassortative,1800,24.0,initial,gmm_full_spec,km_spec,same_features_and_center_seeds,True,20,0.09519444444444443,0.14391666666666664,-0.048722222222222236,0.0028957689104702395,-0.05478313620784419,-0.04266130823660028,20,0,0,0.2508522515505319,0.009557772600237513
k3_disassortative,1800,64.0,decoded,gmm_full_spec,km_spec,same_features_and_center_seeds,True,20,0.4634722222222223,0.39222222222222214,0.07125000000000001,0.014656056491356834,0.04057452122082311,0.1019254787791769,2,0,18,0.12327048809893312,0.009187706550073926
k3_disassortative,1800,64.0,initial,gmm_full_spec,km_spec,same_features_and_center_seeds,True,20,0.00899999999999999,0.03491666666666668,-0.02591666666666669,0.001291796352667145,-0.028620427506195943,-0.023212905827137434,20,0,0,0.122820488949219,0.008779547550875576
k3_disassortative,1800,96.0,decoded,gmm_full_spec,km_spec,same_features_and_center_seeds,True,20,0.38466666666666666,0.3714166666666667,0.013249999999999974,0.013101125831419312,-0.0141709715049907,0.04067097150499065,6,0,14,0.0704754773505556,0.009021781599585665
k3_disassortative,1800,96.0,initial,gmm_full_spec,km_spec,same_features_and_center_seeds,True,20,0.0013333333333333253,0.012555555555555552,-0.011222222222222227,0.00043892775014865037,-0.012140908561430672,-0.010303535883013783,20,0,0,0.07004553900042083,0.008623896950302879
k3_equal_degree,1800,4.0,decoded,gmm_full_spec,km_spec,same_features_and_center_seeds,True,20,0.6043333333333334,0.59425,0.01008333333333335,0.009703806702651138,-0.010226967514644057,0.030393634181310757,6,0,14,0.30166635535133535,0.011700289401414921
k3_equal_degree,1800,4.0,initial,gmm_full_spec,km_spec,same_features_and_center_seeds,True,20,0.6385833333333334,0.5759444444444445,0.06263888888888888,0.006222258119152931,0.0496155529727644,0.07566222480501336,0,0,20,0.30118122110070544,0.011299024650725187
k3_equal_degree,1800,6.0,decoded,gmm_full_spec,km_spec,same_features_and_center_seeds,True,20,0.561111111111111,0.5890833333333333,-0.02797222222222221,0.019672648964589153,-0.06914754971903803,0.013203105274593598,13,0,7,0.26079445479736024,0.01042047400114825
k3_equal_degree,1800,6.0,initial,gmm_full_spec,km_spec,same_features_and_center_seeds,True,20,0.5658333333333334,0.5008888888888888,0.0649444444444444,0.01735760315436603,0.028614563515482763,0.10127432537340604,7,0,13,0.26034638674900634,0.010027689500930137
k3_equal_degree,1800,12.0,decoded,gmm_full_spec,km_spec,same_features_and_center_seeds,True,20,0.3684722222222222,0.22961111111111113,0.1388611111111111,0.02579330908776937,0.08487509474762138,0.1928471274746008,2,0,18,0.22065769159817136,0.010904232200118713
k3_equal_degree,1800,12.0,initial,gmm_full_spec,km_spec,same_features_and_center_seeds,True,20,0.29883333333333334,0.30380555555555555,-0.004972222222222234,0.014800024750607123,-0.035949030031081276,0.026004585586636805,9,0,11,0.22021135014947504,0.010509322700818302
k3_equal_degree,1800,24.0,decoded,gmm_full_spec,km_spec,same_features_and_center_seeds,True,20,0.023777777777777766,0.024722222222222222,-0.0009444444444444589,0.0006232187091657211,-0.002248856193885609,0.0003599673049966912,10,4,6,0.1238895329501247,0.010051405000194791
k3_equal_degree,1800,24.0,initial,gmm_full_spec,km_spec,same_features_and_center_seeds,True,20,0.026555555555555548,0.03925,-0.012694444444444453,0.00244672773478929,-0.01781550444794639,-0.007573384440942516,19,0,1,0.12344170174983446,0.009642988100313232
k3_equal_degree,1800,64.0,decoded,gmm_full_spec,km_spec,same_features_and_center_seeds,True,20,0.0002222222222222181,0.0002499999999999947,-2.777777777777657e-05,2.777777777777657e-05,-8.59173348446715e-05,3.036177928911837e-05,1,19,0,0.05321638574969256,0.008402364999346901
k3_equal_degree,1800,64.0,initial,gmm_full_spec,km_spec,same_features_and_center_seeds,True,20,0.0002777777777777712,0.0008055555555555261,-0.0005277777777777549,0.00011733310074404933,-0.0007733587800133635,-0.0002821967755421462,13,6,1,0.05278964625031222,0.008010089249364683
k3_equal_degree,1800,96.0,decoded,gmm_full_spec,km_spec,same_features_and_center_seeds,True,20,0.0,0.0,0.0,0.0,0.0,0.0,0,20,0,0.042029200949764346,0.008515803498812601
k3_equal_degree,1800,96.0,initial,gmm_full_spec,km_spec,same_features_and_center_seeds,True,20,0.0,2.777777777777657e-05,-2.777777777777657e-05,2.777777777777657e-05,-8.59173348446715e-05,3.036177928911837e-05,1,19,0,0.04158445429966377,0.008117159348694258
k3_heterogeneous,1800,4.0,decoded,gmm_full_spec,km_spec,same_features_and_center_seeds,True,20,0.5755,0.5778333333333333,-0.0023333333333333205,0.01216978384058015,-0.027804983648617106,0.023138316981950468,9,0,11,0.2604664973499894,0.010498205000840245
k3_heterogeneous,1800,4.0,initial,gmm_full_spec,km_spec,same_features_and_center_seeds,True,20,0.4184166666666666,0.5415833333333333,-0.12316666666666669,0.005358205284668044,-0.13438151921593464,-0.11195181411739875,20,0,0,0.2600134698997863,0.010097958299593302
k3_heterogeneous,1800,6.0,decoded,gmm_full_spec,km_spec,same_features_and_center_seeds,True,20,0.6085833333333335,0.5328333333333333,0.07575000000000001,0.014944627871219364,0.04447053438135705,0.10702946561864297,3,0,17,0.3227923442987958,0.010654282051837072
k3_heterogeneous,1800,6.0,initial,gmm_full_spec,km_spec,same_features_and_center_seeds,True,20,0.35513888888888895,0.5393333333333333,-0.1841944444444445,0.006577062920496426,-0.19796039534440046,-0.17042849354448852,20,0,0,0.32229484380040957,0.010256425100305933
k3_heterogeneous,1800,12.0,decoded,gmm_full_spec,km_spec,same_features_and_center_seeds,True,20,0.5811388888888888,0.4958611111111112,0.0852777777777778,0.017988584749405657,0.0476272371925093,0.1229283183630463,3,0,17,0.17831612865193164,0.009440444999927421
k3_heterogeneous,1800,12.0,initial,gmm_full_spec,km_spec,same_features_and_center_seeds,True,20,0.23705555555555557,0.5040277777777777,-0.26697222222222217,0.018852884286997607,-0.3064317625298846,-0.22751268191455976,20,0,0,0.17784957235053298,0.009046884550480172
k3_heterogeneous,1800,24.0,decoded,gmm_full_spec,km_spec,same_features_and_center_seeds,True,20,0.5362777777777777,0.4925555555555555,0.04372222222222221,0.02956584539253323,-0.0181598033732669,0.10560424781771133,5,0,15,0.21890568185117446,0.009344104451156455
k3_heterogeneous,1800,24.0,initial,gmm_full_spec,km_spec,same_features_and_center_seeds,True,20,0.13822222222222222,0.4931111111111111,-0.3548888888888889,0.01956307172145232,-0.3958348685800036,-0.31394290919777423,20,0,0,0.21847784980091092,0.008956038701217039
k3_heterogeneous,1800,64.0,decoded,gmm_full_spec,km_spec,same_features_and_center_seeds,True,20,0.5490277777777777,0.4916666666666667,0.05736111111111113,0.02988009052766608,-0.005178637111191833,0.11990085933341409,4,0,16,0.16702066709949576,0.009450185999958194
k3_heterogeneous,1800,64.0,initial,gmm_full_spec,km_spec,same_features_and_center_seeds,True,20,0.05958333333333332,0.4918333333333334,-0.43224999999999997,0.024850804815941072,-0.48426333225117046,-0.38023666774882947,20,0,0,0.16657127204925928,0.009048824199999217
k3_heterogeneous,1800,96.0,decoded,gmm_full_spec,km_spec,same_features_and_center_seeds,True,20,0.0011944444444444314,0.0014722222222222192,-0.0002777777777777879,8.549819600710004e-05,-0.0004567275586291647,-9.882799692641111e-05,8,12,0,0.041846038001676786,0.008429786401393358
k3_heterogeneous,1800,96.0,initial,gmm_full_spec,km_spec,same_features_and_center_seeds,True,20,0.0009444444444444311,0.008138888888888895,-0.007194444444444464,0.0005749184195029947,-0.00839776252578664,-0.005991126363102289,20,0,0,0.04141542415090953,0.00802085765026277
k4_equal_degree,1800,4.0,decoded,gmm_full_spec,km_spec,same_features_and_center_seeds,True,20,0.723111111111111,0.7213888888888889,0.001722222222222236,0.0030821279451971628,-0.004728745705839479,0.008173190150283952,8,1,11,0.5140759664511279,0.01167612795070454
k4_equal_degree,1800,4.0,initial,gmm_full_spec,km_spec,same_features_and_center_seeds,True,20,0.7262777777777778,0.7171111111111113,0.009166666666666651,0.0022593750968929525,0.004437740240938598,0.013895593092394704,3,1,16,0.5136227871997108,0.01128122399932181
k4_equal_degree,1800,6.0,decoded,gmm_full_spec,km_spec,same_features_and_center_seeds,True,20,0.6890833333333333,0.6875277777777778,0.00155555555555556,0.0075896846996536,-0.014329837086194126,0.017440948197305246,11,0,9,0.5537080525511555,0.01236544959974708
k4_equal_degree,1800,6.0,initial,gmm_full_spec,km_spec,same_features_and_center_seeds,True,20,0.7208333333333332,0.6784166666666668,0.042416666666666686,0.005027260805058684,0.03189448887389478,0.05293884445943859,1,0,19,0.5532435551514936,0.011952568350170622
k4_equal_degree,1800,12.0,decoded,gmm_full_spec,km_spec,same_features_and_center_seeds,True,20,0.5923333333333334,0.5758888888888889,0.016444444444444463,0.018351461885809772,-0.021965606716112654,0.05485449560500158,8,0,12,0.4766617047502223,0.01254194999964966
k4_equal_degree,1800,12.0,initial,gmm_full_spec,km_spec,same_features_and_center_seeds,True,20,0.5825555555555556,0.5517777777777779,0.030777777777777782,0.007651587000468008,0.014762822131400323,0.04679273342415524,5,0,15,0.4761897079002665,0.012128447249779128
k4_equal_degree,1800,24.0,decoded,gmm_full_spec,km_spec,same_features_and_center_seeds,True,20,0.5430555555555555,0.45541666666666664,0.08763888888888888,0.03358346393253088,0.017347891047747893,0.15792988673002986,5,1,14,0.42698282599922094,0.0133095240995317
k4_equal_degree,1800,24.0,initial,gmm_full_spec,km_spec,same_features_and_center_seeds,True,20,0.19336111111111112,0.3973888888888889,-0.20402777777777778,0.024660030026273,-0.25564181380519835,-0.15241374175035724,20,0,0,0.426441840148982,0.012889374999940629
k4_equal_degree,1800,64.0,decoded,gmm_full_spec,km_spec,same_features_and_center_seeds,True,20,0.45552777777777775,0.42061111111111116,0.034916666666666686,0.02208000085194365,-0.011297306237807322,0.0811306395711407,3,6,11,0.16308323994817328,0.011705783099750988
k4_equal_degree,1800,64.0,initial,gmm_full_spec,km_spec,same_features_and_center_seeds,True,20,0.0017499999999999905,0.0198611111111111,-0.018111111111111113,0.011701798954239133,-0.04260325780218361,0.006381035579961385,8,6,6,0.16260865694821405,0.011265604749860358
k4_equal_degree,1800,96.0,decoded,gmm_full_spec,km_spec,same_features_and_center_seeds,True,20,0.05152777777777777,0.049194444444444436,0.0023333333333333426,0.0004978837606473156,0.0012912506459992422,0.003375416020667443,0,3,17,0.08922889044915791,0.009739406200242228
k4_equal_degree,1800,96.0,initial,gmm_full_spec,km_spec,same_features_and_center_seeds,True,20,2.777777777777657e-05,0.023166666666666662,-0.023138888888888886,0.0023030882309651394,-0.0279593079557236,-0.01831846982205417,19,1,0,0.08877077904980979,0.00933088619967748
k4_hierarchical,1800,4.0,decoded,gmm_full_spec,km_spec,same_features_and_center_seeds,True,20,0.6900277777777777,0.6815277777777777,0.008499999999999997,0.010522269771470399,-0.013523363738660966,0.03052336373866096,10,0,10,0.4230961713514262,0.011643393198392004
k4_hierarchical,1800,4.0,initial,gmm_full_spec,km_spec,same_features_and_center_seeds,True,20,0.5750277777777776,0.6510277777777779,-0.076,0.005120636940563448,-0.08671761629049106,-0.06528238370950894,20,0,0,0.4226244039015,0.011245046048861696
k4_hierarchical,1800,6.0,decoded,gmm_full_spec,km_spec,same_features_and_center_seeds,True,20,0.6978055555555555,0.6373055555555556,0.06049999999999998,0.00914345812648153,0.041362522200799,0.07963747779920095,2,0,18,0.5451724664999347,0.01174636175019259
k4_hierarchical,1800,6.0,initial,gmm_full_spec,km_spec,same_features_and_center_seeds,True,20,0.5233055555555557,0.6206666666666665,-0.09736111111111112,0.007619512906549433,-0.11330893490739365,-0.0814132873148286,20,0,0,0.5446861499000079,0.011338968200288947
k4_hierarchical,1800,12.0,decoded,gmm_full_spec,km_spec,same_features_and_center_seeds,True,20,0.6707500000000002,0.5549722222222222,0.11577777777777779,0.011167866741833597,0.09240316405069351,0.13915239150486206,0,0,20,0.4151383292995888,0.012116910249096691
k4_hierarchical,1800,12.0,initial,gmm_full_spec,km_spec,same_features_and_center_seeds,True,20,0.4140833333333333,0.5612222222222222,-0.14713888888888887,0.005486304497294791,-0.15862185617153535,-0.1356559216062424,20,0,0,0.414608064499771,0.011683133199039731
k4_hierarchical,1800,24.0,decoded,gmm_full_spec,km_spec,same_features_and_center_seeds,True,20,0.6067222222222222,0.47086111111111106,0.13586111111111113,0.023118633327957914,0.0874732554506496,0.18424896677157265,3,0,17,0.4132131701990147,0.011114919450119488
k4_hierarchical,1800,24.0,initial,gmm_full_spec,km_spec,same_features_and_center_seeds,True,20,0.36350000000000005,0.47377777777777774,-0.11027777777777778,0.011439411543092668,-0.1342207413057468,-0.08633481424980875,20,0,0,0.41271217399917076,0.01070709144914872
k4_hierarchical,1800,64.0,decoded,gmm_full_spec,km_spec,same_features_and_center_seeds,True,20,0.43261111111111106,0.3756666666666667,0.05694444444444443,0.027352400875576156,-0.00030478853395535244,0.11419367742284421,8,0,12,0.35095248420038844,0.011037614598899381
k4_hierarchical,1800,64.0,initial,gmm_full_spec,km_spec,same_features_and_center_seeds,True,20,0.2694444444444445,0.3844722222222222,-0.1150277777777778,0.0214169700602747,-0.1598540112864753,-0.07020154426908029,19,0,1,0.35043833359995913,0.010592066449680715
k4_hierarchical,1800,96.0,decoded,gmm_full_spec,km_spec,same_features_and_center_seeds,True,20,0.3522222222222222,0.3682222222222223,-0.016000000000000004,0.031834978984437406,-0.08263137678601049,0.050631376786010485,13,0,7,0.27429226324893535,0.010901164649112616
k4_hierarchical,1800,96.0,initial,gmm_full_spec,km_spec,same_features_and_center_seeds,True,20,0.20822222222222217,0.3723888888888888,-0.16416666666666666,0.02654258106301419,-0.2197209272976378,-0.1086124060356955,20,0,0,0.27379069999951755,0.010476286799530499
k2_symmetric,1800,4.0,decoded,gmm_tied_spec,km_spec,same_features_and_center_seeds,True,20,0.4565555555555556,0.4363055555555556,0.02024999999999999,0.00961975872668926,0.00011561358743512537,0.04038438641256485,7,0,13,0.0905974375000369,0.009639707150199683
k2_symmetric,1800,4.0,initial,gmm_tied_spec,km_spec,same_features_and_center_seeds,True,20,0.4628055555555555,0.4410833333333334,0.021722222222222233,0.008027618424529814,0.004920223760070001,0.038524220684374465,5,0,15,0.0901799322993611,0.009265801200308487
k2_symmetric,1800,6.0,decoded,gmm_tied_spec,km_spec,same_features_and_center_seeds,True,20,0.37419444444444444,0.26280555555555557,0.1113888888888889,0.008704921942033372,0.09316927787246636,0.12960849990531143,1,0,19,0.0982072793507541,0.008948271398912766
k2_symmetric,1800,6.0,initial,gmm_tied_spec,km_spec,same_features_and_center_seeds,True,20,0.4083333333333333,0.31575,0.09258333333333334,0.009918386503772006,0.0718239118000198,0.11334275486664687,1,0,19,0.0977986250010872,0.008609658648856567
k2_symmetric,1800,12.0,decoded,gmm_tied_spec,km_spec,same_features_and_center_seeds,True,20,0.08733333333333335,0.034111111111111106,0.05322222222222224,0.01257831865016057,0.02689549872342352,0.07954894572102096,6,0,14,0.14817733934942226,0.009517834899088484
k2_symmetric,1800,12.0,initial,gmm_tied_spec,km_spec,same_features_and_center_seeds,True,20,0.17980555555555558,0.06316666666666665,0.11663888888888892,0.029376935601831,0.055152256029452805,0.17812552174832502,5,0,15,0.1477474927000003,0.00916489089904644
k2_symmetric,1800,24.0,decoded,gmm_tied_spec,km_spec,same_features_and_center_seeds,True,20,0.0012777777777777666,0.0012777777777777666,0.0,4.030423611722112e-05,-8.435773568789593e-05,8.435773568789593e-05,1,18,1,0.06865103435047785,0.008578015501188928
k2_symmetric,1800,24.0,initial,gmm_tied_spec,km_spec,same_features_and_center_seeds,True,20,0.0012777777777777666,0.003972222222222227,-0.0026944444444444602,0.0010166538841749086,-0.004822325479030182,-0.0005665634098587381,11,7,2,0.06826153835027071,0.008229469151046942
k2_symmetric,1800,64.0,decoded,gmm_tied_spec,km_spec,same_features_and_center_seeds,True,20,0.0,0.0,0.0,0.0,0.0,0.0,0,20,0,0.039525314250204245,0.0078198159000749
k2_symmetric,1800,64.0,initial,gmm_tied_spec,km_spec,same_features_and_center_seeds,True,20,0.0,0.00011111111111110628,-0.00011111111111110628,6.498862798506404e-05,-0.0002471338727468383,2.4911650524625737e-05,3,17,0,0.039151736550411445,0.007461098799831234
k2_symmetric,1800,96.0,decoded,gmm_tied_spec,km_spec,same_features_and_center_seeds,True,20,0.0,0.0,0.0,0.0,0.0,0.0,0,20,0,0.038143056099579555,0.00802501660073176
k2_symmetric,1800,96.0,initial,gmm_tied_spec,km_spec,same_features_and_center_seeds,True,20,0.0,0.0,0.0,0.0,0.0,0.0,0,20,0,0.037758495649541146,0.007664754599682055
k3_disassortative,1800,4.0,decoded,gmm_tied_spec,km_spec,same_features_and_center_seeds,True,20,0.5603888888888888,0.5357777777777778,0.02461111111111114,0.010620001786568526,0.0023831919139640015,0.04683903030825828,8,0,12,0.14737838979817752,0.011331702948518796
k3_disassortative,1800,4.0,initial,gmm_tied_spec,km_spec,same_features_and_center_seeds,True,20,0.6016666666666668,0.5151388888888888,0.08652777777777776,0.008547717511644229,0.06863719941561926,0.10441835613993626,0,0,20,0.14688769044914807,0.010910687898285688
k3_disassortative,1800,6.0,decoded,gmm_tied_spec,km_spec,same_features_and_center_seeds,True,20,0.5727222222222221,0.5250277777777778,0.04769444444444443,0.017560083202885678,0.010940767903393406,0.08444812098549545,5,0,15,0.14842012685076042,0.01171573664942116
k3_disassortative,1800,6.0,initial,gmm_tied_spec,km_spec,same_features_and_center_seeds,True,20,0.5282222222222221,0.40136111111111117,0.12686111111111115,0.008499252250869584,0.10907197170555714,0.14465025051666514,0,0,20,0.14798768819964608,0.011304979100168566
k3_disassortative,1800,12.0,decoded,gmm_tied_spec,km_spec,same_features_and_center_seeds,True,20,0.5172222222222221,0.5190277777777779,-0.0018055555555555381,0.019064409609929667,-0.04170782345223126,0.03809671234112018,10,0,10,0.14172628129963413,0.010399391300234128
k3_disassortative,1800,12.0,initial,gmm_tied_spec,km_spec,same_features_and_center_seeds,True,20,0.30319444444444443,0.2541944444444445,0.049,0.0035844948024727073,0.041497566155523066,0.05650243384447694,0,0,20,0.14127693630034627,0.009981069549758104
k3_disassortative,1800,24.0,decoded,gmm_tied_spec,km_spec,same_features_and_center_seeds,True,20,0.5464444444444444,0.5225555555555557,0.023888888888888883,0.014197335224801167,-0.005826475245118354,0.05360425302289612,8,0,12,0.09044640664833423,0.00996185844996944
k3_disassortative,1800,24.0,initial,gmm_tied_spec,km_spec,same_features_and_center_seeds,True,20,0.10686111111111112,0.14391666666666664,-0.03705555555555556,0.0016096989172787884,-0.040424694109775075,-0.03368641700133604,20,0,0,0.09000030259958294,0.009557772600237513
k3_disassortative,1800,64.0,decoded,gmm_tied_spec,km_spec,same_features_and_center_seeds,True,20,0.4409722222222222,0.39222222222222214,0.048749999999999974,0.01619718261986672,0.01484890716297474,0.08265109283702521,5,0,15,0.05531685109999671,0.009187706550073926
k3_disassortative,1800,64.0,initial,gmm_tied_spec,km_spec,same_features_and_center_seeds,True,20,0.011000000000000005,0.03491666666666668,-0.023916666666666676,0.0010342376411519593,-0.026081350927572237,-0.021751982405761115,20,0,0,0.05486394714935159,0.008779547550875576
k3_disassortative,1800,96.0,decoded,gmm_tied_spec,km_spec,same_features_and_center_seeds,True,20,0.38258333333333333,0.3714166666666667,0.011166666666666653,0.011476938200641256,-0.01285484105823311,0.035188174391566414,7,0,13,0.043980561200078226,0.009021781599585665
k3_disassortative,1800,96.0,initial,gmm_tied_spec,km_spec,same_features_and_center_seeds,True,20,0.002472222222222231,0.012555555555555552,-0.010083333333333323,0.0005197137088641112,-0.011171106627391663,-0.008995560039274982,20,0,0,0.043547511550423225,0.008623896950302879
k3_equal_degree,1800,4.0,decoded,gmm_tied_spec,km_spec,same_features_and_center_seeds,True,20,0.5569999999999999,0.59425,-0.037250000000000026,0.00997083751320569,-0.05811920275773626,-0.016380797242263795,16,0,4,0.1821486321503471,0.011700289401414921
k3_equal_degree,1800,4.0,initial,gmm_tied_spec,km_spec,same_features_and_center_seeds,True,20,0.63075,0.5759444444444445,0.05480555555555555,0.005995487121324034,0.04225685679272912,0.06735425431838198,0,0,20,0.18166494959987176,0.011299024650725187
k3_equal_degree,1800,6.0,decoded,gmm_tied_spec,km_spec,same_features_and_center_seeds,True,20,0.5375277777777778,0.5890833333333333,-0.051555555555555535,0.01707552120145955,-0.08729503217176944,-0.01581607893934163,17,0,3,0.18949082650033233,0.01042047400114825
k3_equal_degree,1800,6.0,initial,gmm_tied_spec,km_spec,same_features_and_center_seeds,True,20,0.5762777777777777,0.5008888888888888,0.07538888888888888,0.0061368543372476445,0.0625443051426296,0.08823347263514816,0,0,20,0.18904019560104643,0.010027689500930137
k3_equal_degree,1800,12.0,decoded,gmm_tied_spec,km_spec,same_features_and_center_seeds,True,20,0.24063888888888885,0.22961111111111113,0.011027777777777775,0.020245218392778083,-0.031345951305056276,0.053401506860611826,4,0,16,0.17368991749935958,0.010904232200118713
k3_equal_degree,1800,12.0,initial,gmm_tied_spec,km_spec,same_features_and_center_seeds,True,20,0.33,0.30380555555555555,0.026194444444444437,0.013834236037622,-0.002760944356660699,0.055149833245549576,4,1,15,0.17323807669890812,0.010509322700818302
k3_equal_degree,1800,24.0,decoded,gmm_tied_spec,km_spec,same_features_and_center_seeds,True,20,0.02486111111111111,0.024722222222222222,0.0001388888888888884,0.000439436330426858,-0.0007808619210754432,0.00105863969885322,9,2,9,0.08728648759934003,0.010051405000194791
k3_equal_degree,1800,24.0,initial,gmm_tied_spec,km_spec,same_features_and_center_seeds,True,20,0.039,0.03925,-0.0002500000000000002,0.0016154282751087374,-0.0036311302379739103,0.00313113023797391,13,0,7,0.0868554941509501,0.009642988100313232
k3_equal_degree,1800,64.0,decoded,gmm_tied_spec,km_spec,same_features_and_center_seeds,True,20,0.0002222222222222181,0.0002499999999999947,-2.777777777777657e-05,2.777777777777657e-05,-8.59173348446715e-05,3.036177928911837e-05,1,19,0,0.03717603059922112,0.008402364999346901
k3_equal_degree,1800,64.0,initial,gmm_tied_spec,km_spec,same_features_and_center_seeds,True,20,0.0004722222222222072,0.0008055555555555261,-0.00033333333333331885,0.00010963937578509857,-0.000562811184161842,-0.0001038554825047957,9,10,1,0.03675000209914288,0.008010089249364683
k3_equal_degree,1800,96.0,decoded,gmm_tied_spec,km_spec,same_features_and_center_seeds,True,20,0.0,0.0,0.0,0.0,0.0,0.0,0,20,0,0.030570509000244783,0.008515803498812601
k3_equal_degree,1800,96.0,initial,gmm_tied_spec,km_spec,same_features_and_center_seeds,True,20,0.0,2.777777777777657e-05,-2.777777777777657e-05,2.777777777777657e-05,-8.59173348446715e-05,3.036177928911837e-05,1,19,0,0.030158710999239703,0.008117159348694258
k3_heterogeneous,1800,4.0,decoded,gmm_tied_spec,km_spec,same_features_and_center_seeds,True,20,0.5946111111111112,0.5778333333333333,0.01677777777777776,0.008454153390591915,-0.000916968628388682,0.0344725241839442,6,1,13,0.16246469789875845,0.010498205000840245
k3_heterogeneous,1800,4.0,initial,gmm_tied_spec,km_spec,same_features_and_center_seeds,True,20,0.5932777777777777,0.5415833333333333,0.051694444444444446,0.003723176756372742,0.043901745934542394,0.0594871429543465,0,0,20,0.1620121175481472,0.010097958299593302
k3_heterogeneous,1800,6.0,decoded,gmm_tied_spec,km_spec,same_features_and_center_seeds,True,20,0.5529722222222222,0.5328333333333333,0.0201388888888889,0.007094905121808141,0.00528908180519975,0.03498869597257805,2,0,18,0.16154277409914358,0.010654282051837072
k3_heterogeneous,1800,6.0,initial,gmm_tied_spec,km_spec,same_features_and_center_seeds,True,20,0.5859444444444444,0.5393333333333333,0.04661111111111109,0.0029311184709216874,0.040476209645151494,0.052746012577070685,0,0,20,0.16109669325051074,0.010256425100305933
k3_heterogeneous,1800,12.0,decoded,gmm_tied_spec,km_spec,same_features_and_center_seeds,True,20,0.48638888888888887,0.4958611111111112,-0.00947222222222222,0.004602361705511212,-0.019105075978944834,0.00016063153450039495,11,2,7,0.13684453810019476,0.009440444999927421
k3_heterogeneous,1800,12.0,initial,gmm_tied_spec,km_spec,same_features_and_center_seeds,True,20,0.49108333333333337,0.5040277777777777,-0.012944444444444436,0.008788920679221823,-0.03133986683834232,0.005450977949453453,7,0,13,0.13638806475028104,0.009046884550480172
k3_heterogeneous,1800,24.0,decoded,gmm_tied_spec,km_spec,same_features_and_center_seeds,True,20,0.4771944444444444,0.4925555555555555,-0.01536111111111112,0.004136297709237236,-0.02401848171273864,-0.006703740509483601,19,0,1,0.11257547210079792,0.009344104451156455
k3_heterogeneous,1800,24.0,initial,gmm_tied_spec,km_spec,same_features_and_center_seeds,True,20,0.45022222222222236,0.4931111111111111,-0.042888888888888886,0.006322063431340239,-0.05612111972417914,-0.029656658053598635,18,0,2,0.11213782919985534,0.008956038701217039
k3_heterogeneous,1800,64.0,decoded,gmm_tied_spec,km_spec,same_features_and_center_seeds,True,20,0.5391388888888888,0.4916666666666667,0.047472222222222235,0.02952090577062073,-0.014315743663608008,0.10926018810805248,4,1,15,0.09295154750143411,0.009450185999958194
k3_heterogeneous,1800,64.0,initial,gmm_tied_spec,km_spec,same_features_and_center_seeds,True,20,0.19202777777777774,0.4918333333333334,-0.29980555555555555,0.04822689892634588,-0.40074561507791573,-0.19886549603319537,20,0,0,0.09251218900026288,0.009048824199999217
k3_heterogeneous,1800,96.0,decoded,gmm_tied_spec,km_spec,same_features_and_center_seeds,True,20,0.0013888888888888783,0.0014722222222222192,-8.333333333334081e-05,7.293841920039125e-05,-0.00023599519921027655,6.932853254359491e-05,3,16,1,0.03445696715025406,0.008429786401393358
k3_heterogeneous,1800,96.0,initial,gmm_tied_spec,km_spec,same_features_and_center_seeds,True,20,0.0026111111111111083,0.008138888888888895,-0.005527777777777787,0.0005720859430066695,-0.006725167417679607,-0.004330388137875967,20,0,0,0.03400270484962675,0.00802085765026277
k4_equal_degree,1800,4.0,decoded,gmm_tied_spec,km_spec,same_features_and_center_seeds,True,20,0.72275,0.7213888888888889,0.0013611111111111406,0.003318552756498048,-0.005584699634062273,0.008306921856284554,8,1,11,0.2081052309986262,0.01167612795070454
k4_equal_degree,1800,4.0,initial,gmm_tied_spec,km_spec,same_features_and_center_seeds,True,20,0.7323611111111112,0.7171111111111113,0.015249999999999986,0.0016194455729084346,0.011860461461097588,0.018639538538902385,1,0,19,0.2076888515486644,0.01128122399932181
k4_equal_degree,1800,6.0,decoded,gmm_tied_spec,km_spec,same_features_and_center_seeds,True,20,0.6698888888888889,0.6875277777777778,-0.01763888888888888,0.007501448311534936,-0.03333960064783209,-0.001938177129945668,13,0,7,0.2841077234003023,0.01236544959974708
k4_equal_degree,1800,6.0,initial,gmm_tied_spec,km_spec,same_features_and_center_seeds,True,20,0.7227222222222222,0.6784166666666668,0.044305555555555584,0.004597664993430133,0.0346825321301953,0.05392857898091587,0,0,20,0.28360783380012433,0.011952568350170622
k4_equal_degree,1800,12.0,decoded,gmm_tied_spec,km_spec,same_features_and_center_seeds,True,20,0.5440555555555555,0.5758888888888889,-0.03183333333333334,0.027081360701890274,-0.08851527270849756,0.02484860604183088,13,0,7,0.3672075786998903,0.01254194999964966
k4_equal_degree,1800,12.0,initial,gmm_tied_spec,km_spec,same_features_and_center_seeds,True,20,0.6758611111111111,0.5517777777777779,0.12408333333333339,0.009301225317003168,0.10461564500937422,0.14355102165729258,0,0,20,0.3667425835003087,0.012128447249779128
k4_equal_degree,1800,24.0,decoded,gmm_tied_spec,km_spec,same_features_and_center_seeds,True,20,0.5041944444444445,0.45541666666666664,0.04877777777777779,0.02906476490192925,-0.01205547429768248,0.10961102985323806,7,0,13,0.3117900559493137,0.0133095240995317
k4_equal_degree,1800,24.0,initial,gmm_tied_spec,km_spec,same_features_and_center_seeds,True,20,0.47375,0.3973888888888889,0.0763611111111111,0.012907457573575254,0.04934549192836339,0.10337673029385881,3,0,17,0.3112015053498908,0.012889374999940629
k4_equal_degree,1800,64.0,decoded,gmm_tied_spec,km_spec,same_features_and_center_seeds,True,20,0.4537222222222222,0.42061111111111116,0.03311111111111113,0.02200339627633215,-0.012942526573930267,0.07916474879615254,3,6,11,0.14819726230016386,0.011705783099750988
k4_equal_degree,1800,64.0,initial,gmm_tied_spec,km_spec,same_features_and_center_seeds,True,20,0.0018611111111111079,0.0198611111111111,-0.017999999999999995,0.01171449400190199,-0.04251871773120271,0.00651871773120272,9,5,6,0.14771337649981434,0.011265604749860358
k4_equal_degree,1800,96.0,decoded,gmm_tied_spec,km_spec,same_features_and_center_seeds,True,20,0.05152777777777777,0.049194444444444436,0.0023333333333333426,0.0004978837606473156,0.0012912506459992422,0.003375416020667443,0,3,17,0.06982309955055825,0.009739406200242228
k4_equal_degree,1800,96.0,initial,gmm_tied_spec,km_spec,same_features_and_center_seeds,True,20,8.333333333332971e-05,0.023166666666666662,-0.023083333333333334,0.002290073431636462,-0.02787651211210983,-0.018290154554556837,19,1,0,0.06936318974985625,0.00933088619967748
k4_hierarchical,1800,4.0,decoded,gmm_tied_spec,km_spec,same_features_and_center_seeds,True,20,0.6944444444444444,0.6815277777777777,0.012916666666666665,0.004735683428066557,0.003004767337660561,0.02282856599567277,3,1,16,0.19688329345081002,0.011643393198392004
k4_hierarchical,1800,4.0,initial,gmm_tied_spec,km_spec,same_features_and_center_seeds,True,20,0.6969444444444444,0.6510277777777779,0.045916666666666654,0.003584194556282341,0.0384148612446884,0.053418472088644905,0,0,20,0.19642706154954795,0.011245046048861696
k4_hierarchical,1800,6.0,decoded,gmm_tied_spec,km_spec,same_features_and_center_seeds,True,20,0.6594444444444445,0.6373055555555556,0.022138888888888868,0.009841521601530843,0.0015403474449058319,0.042737430332871904,4,0,16,0.26283270204985454,0.01174636175019259
k4_hierarchical,1800,6.0,initial,gmm_tied_spec,km_spec,same_features_and_center_seeds,True,20,0.6810555555555555,0.6206666666666665,0.060388888888888895,0.007820486333836649,0.04402042287499734,0.07675735490278045,1,0,19,0.2623809588501899,0.011338968200288947
k4_hierarchical,1800,12.0,decoded,gmm_tied_spec,km_spec,same_features_and_center_seeds,True,20,0.5928888888888889,0.5549722222222222,0.03791666666666667,0.013329731177647809,0.01001721867305341,0.06581611466027992,7,0,13,0.2485021198499453,0.012116910249096691
k4_hierarchical,1800,12.0,initial,gmm_tied_spec,km_spec,same_features_and_center_seeds,True,20,0.5024722222222222,0.5612222222222222,-0.05875000000000001,0.0045630865934430005,-0.06830065000242427,-0.04919934999757575,20,0,0,0.2480203799503215,0.011683133199039731
k4_hierarchical,1800,24.0,decoded,gmm_tied_spec,km_spec,same_features_and_center_seeds,True,20,0.5087777777777778,0.47086111111111106,0.03791666666666667,0.024158847125058672,-0.012648381492854147,0.08848171482618748,15,0,5,0.22700596560025588,0.011114919450119488
k4_hierarchical,1800,24.0,initial,gmm_tied_spec,km_spec,same_features_and_center_seeds,True,20,0.3955833333333333,0.47377777777777774,-0.07819444444444447,0.01818685391417786,-0.11625996716082863,-0.040128921728060304,19,0,1,0.2265379609507363,0.01070709144914872
k4_hierarchical,1800,64.0,decoded,gmm_tied_spec,km_spec,same_features_and_center_seeds,True,20,0.5819166666666666,0.3756666666666667,0.20625,0.02565547067904783,0.1525524827415858,0.25994751725841414,1,0,19,0.1497327557499375,0.011037614598899381
k4_hierarchical,1800,64.0,initial,gmm_tied_spec,km_spec,same_features_and_center_seeds,True,20,0.11761111111111111,0.3844722222222222,-0.2668611111111111,0.020182052956363564,-0.3091026334161224,-0.22461958880609983,19,0,1,0.14925995730009162,0.010592066449680715
k4_hierarchical,1800,96.0,decoded,gmm_tied_spec,km_spec,same_features_and_center_seeds,True,20,0.5586666666666666,0.3682222222222223,0.19044444444444442,0.03471792020132993,0.11777900234403271,0.2631098865448561,3,1,16,0.11635321489957277,0.010901164649112616
k4_hierarchical,1800,96.0,initial,gmm_tied_spec,km_spec,same_features_and_center_seeds,True,20,0.09863888888888887,0.3723888888888888,-0.27375,0.024934380255250983,-0.32593825765600387,-0.22156174234399612,20,0,0,0.11587483389994305,0.010476286799530499
k2_symmetric,1800,4.0,decoded,gmm_full_spec_degree,km_spec_degree,same_features_and_center_seeds,True,20,0.45102777777777775,0.47452777777777777,-0.023500000000000014,0.007745977178067655,-0.03971251655859341,-0.0072874834414066204,15,0,5,0.11053177464928013,0.009159283101325855
k2_symmetric,1800,4.0,initial,gmm_full_spec_degree,km_spec_degree,same_features_and_center_seeds,True,20,0.4761111111111111,0.47911111111111115,-0.002999999999999997,0.0030967190082383023,-0.009481507373986205,0.0034815073739862114,14,0,6,0.11012626500050829,0.008802075200219407
k2_symmetric,1800,6.0,decoded,gmm_full_spec_degree,km_spec_degree,same_features_and_center_seeds,True,20,0.39363888888888887,0.4503055555555555,-0.05666666666666666,0.024208121331519294,-0.10733484692557144,-0.005998486407761877,14,0,6,0.12860902689862996,0.009244163649782422
k2_symmetric,1800,6.0,initial,gmm_full_spec_degree,km_spec_degree,same_features_and_center_seeds,True,20,0.4484166666666667,0.4820833333333333,-0.033666666666666664,0.02259829442637555,-0.08096544048967191,0.013632107156338578,11,0,9,0.12818021885032066,0.008883866850374034
k2_symmetric,1800,12.0,decoded,gmm_full_spec_degree,km_spec_degree,same_features_and_center_seeds,True,20,0.028416666666666666,0.33388888888888885,-0.3054722222222222,0.021491202659411318,-0.3504538263465339,-0.2604906180979105,20,0,0,0.11510265834876918,0.009683877200950519
k2_symmetric,1800,12.0,initial,gmm_full_spec_degree,km_spec_degree,same_features_and_center_seeds,True,20,0.030222222222222216,0.46863888888888894,-0.4384166666666666,0.005074697870763554,-0.44903813137902937,-0.42779520195430387,20,0,0,0.11467700744906324,0.009312044400576269
k2_symmetric,1800,24.0,decoded,gmm_full_spec_degree,km_spec_degree,same_features_and_center_seeds,True,20,0.0012777777777777722,0.22197222222222218,-0.22069444444444444,0.03100286292822953,-0.2855841823087525,-0.15580470658013643,20,0,0,0.07696568140017916,0.00929279465235595
k2_symmetric,1800,24.0,initial,gmm_full_spec_degree,km_spec_degree,same_features_and_center_seeds,True,20,0.001444444444444437,0.4598055555555556,-0.4583611111111111,0.006735689834297575,-0.47245907195732945,-0.44426315026489277,20,0,0,0.07657252755052468,0.008901757551211632
k2_symmetric,1800,64.0,decoded,gmm_full_spec_degree,km_spec_degree,same_features_and_center_seeds,True,20,0.0,0.029749999999999988,-0.029749999999999988,0.010028344737823724,-0.050739566762164026,-0.00876043323783595,18,2,0,0.06028810625030019,0.008740270450653042
k2_symmetric,1800,64.0,initial,gmm_full_spec_degree,km_spec_degree,same_features_and_center_seeds,True,20,0.0,0.4533888888888889,-0.4533888888888889,0.005806734120277912,-0.465542523080184,-0.4412352546975938,20,0,0,0.05990527744979772,0.008393634951062268
k2_symmetric,1800,96.0,decoded,gmm_full_spec_degree,km_spec_degree,same_features_and_center_seeds,True,20,0.0,0.009638888888888874,-0.009638888888888874,0.005546524091687975,-0.021247897231147,0.001970119453369253,14,6,0,0.05371807809970051,0.009315619399421849
k2_symmetric,1800,96.0,initial,gmm_full_spec_degree,km_spec_degree,same_features_and_center_seeds,True,20,0.0,0.4578055555555555,-0.4578055555555555,0.004698767862769998,-0.46764018971841387,-0.4479709213926972,20,0,0,0.05330850240025029,0.008940448749490315
k3_disassortative,1800,4.0,decoded,gmm_full_spec_degree,km_spec_degree,same_features_and_center_seeds,True,20,0.5483611111111111,0.5461666666666667,0.002194444444444449,0.010528394957915643,-0.019841739456784142,0.024230628345673043,7,0,13,0.34033856630085213,0.012801198500892497
k3_disassortative,1800,4.0,initial,gmm_full_spec_degree,km_spec_degree,same_features_and_center_seeds,True,20,0.5831666666666667,0.4994722222222222,0.08369444444444443,0.010725416531728609,0.06124588964998792,0.10614299923890094,0,0,20,0.33986058620102993,0.01236294865157106
k3_disassortative,1800,6.0,decoded,gmm_full_spec_degree,km_spec_degree,same_features_and_center_seeds,True,20,0.5232777777777777,0.5322777777777778,-0.009000000000000018,0.015508313811338593,-0.04145927385044429,0.023459273850444256,9,0,11,0.31379159085045105,0.01123480914866377
k3_disassortative,1800,6.0,initial,gmm_full_spec_degree,km_spec_degree,same_features_and_center_seeds,True,20,0.5563888888888889,0.38755555555555554,0.16883333333333334,0.0039047088415273723,0.16066068380255574,0.17700598286411093,0,0,20,0.313337782000599,0.010814021398982732
k3_disassortative,1800,12.0,decoded,gmm_full_spec_degree,km_spec_degree,same_features_and_center_seeds,True,20,0.5396388888888888,0.5435555555555556,-0.003916666666666652,0.025695696192047843,-0.05769837689139077,0.049865043558057466,11,0,9,0.24024431405050564,0.010336099749110872
k3_disassortative,1800,12.0,initial,gmm_full_spec_degree,km_spec_degree,same_features_and_center_seeds,True,20,0.2560555555555556,0.2612777777777778,-0.0052222222222222114,0.009070100972090923,-0.024206161732720697,0.013761717288276274,14,0,6,0.2397936737503187,0.009928772549392307
k3_disassortative,1800,24.0,decoded,gmm_full_spec_degree,km_spec_degree,same_features_and_center_seeds,True,20,0.5083333333333333,0.5603333333333333,-0.052000000000000005,0.024353879280258426,-0.102973255151737,-0.0010267448482630115,13,0,7,0.227979117949144,0.010044503000972326
k3_disassortative,1800,24.0,initial,gmm_full_spec_degree,km_spec_degree,same_features_and_center_seeds,True,20,0.07455555555555557,0.15702777777777777,-0.08247222222222224,0.0023287601382874137,-0.08734637320860501,-0.07759807123583946,20,0,0,0.22752311204967554,0.009634149250996416
k3_disassortative,1800,64.0,decoded,gmm_full_spec_degree,km_spec_degree,same_features_and_center_seeds,True,20,0.4553055555555556,0.4214444444444444,0.0338611111111111,0.013644902260544229,0.0053020024597417205,0.06242021976248048,4,0,16,0.09829871204783558,0.00923717900113843
k3_disassortative,1800,64.0,initial,gmm_full_spec_degree,km_spec_degree,same_features_and_center_seeds,True,20,0.006194444444444442,0.0408888888888889,-0.03469444444444446,0.0012121293803995503,-0.03723146039467576,-0.03215742849421316,20,0,0,0.09784769944817526,0.008832331850135234
k3_disassortative,1800,96.0,decoded,gmm_full_spec_degree,km_spec_degree,same_features_and_center_seeds,True,20,0.3849444444444444,0.37369444444444444,0.011249999999999982,0.012090254789858262,-0.014055194099098632,0.0365551940990986,7,1,12,0.06889415885016206,0.00898028864976368
k3_disassortative,1800,96.0,initial,gmm_full_spec_degree,km_spec_degree,same_features_and_center_seeds,True,20,0.0009999999999999898,0.015000000000000003,-0.014000000000000012,0.0004913150855818925,-0.01502833429241659,-0.012971665707583435,20,0,0,0.0684439956494316,0.00857112425037485
k3_equal_degree,1800,4.0,decoded,gmm_full_spec_degree,km_spec_degree,same_features_and_center_seeds,True,20,0.6025833333333334,0.6064444444444445,-0.003861111111111115,0.009151766642761424,-0.023015978834742348,0.015293756612520118,11,0,9,0.3426498317003279,0.01216309140145313
k3_equal_degree,1800,4.0,initial,gmm_full_spec_degree,km_spec_degree,same_features_and_center_seeds,True,20,0.6387222222222223,0.5663333333333334,0.07238888888888888,0.003378615431684647,0.06531736551977779,0.07946041225799996,0,0,20,0.34219197340062235,0.011737742400509888
k3_equal_degree,1800,6.0,decoded,gmm_full_spec_degree,km_spec_degree,same_features_and_center_seeds,True,20,0.5594722222222223,0.6202222222222222,-0.060750000000000005,0.019056074490402156,-0.10063482229100827,-0.02086517770899174,16,0,4,0.2590675619998365,0.010839945001134766
k3_equal_degree,1800,6.0,initial,gmm_full_spec_degree,km_spec_degree,same_features_and_center_seeds,True,20,0.5725833333333333,0.5163333333333334,0.05625000000000002,0.017365367899189584,0.019903867273346344,0.09259613272665371,6,0,14,0.2586198628996499,0.01043425570060208
k3_equal_degree,1800,12.0,decoded,gmm_full_spec_degree,km_spec_degree,same_features_and_center_seeds,True,20,0.4057777777777778,0.4646111111111111,-0.058833333333333314,0.020785340431854753,-0.10233755083627089,-0.015329115830395736,15,0,5,0.23885273424821207,0.01075175579971983
k3_equal_degree,1800,12.0,initial,gmm_full_spec_degree,km_spec_degree,same_features_and_center_seeds,True,20,0.3242222222222223,0.4563055555555556,-0.1320833333333333,0.007354487806991311,-0.14747645322121872,-0.11669021344544787,20,0,0,0.23840238174889236,0.010338601849798578
k3_equal_degree,1800,24.0,decoded,gmm_full_spec_degree,km_spec_degree,same_features_and_center_seeds,True,20,0.02372222222222222,0.2836666666666667,-0.2599444444444444,0.020994634823164337,-0.3038867201428457,-0.21600216874604314,20,0,0,0.1533115223995992,0.01012595459978911
k3_equal_degree,1800,24.0,initial,gmm_full_spec_degree,km_spec_degree,same_features_and_center_seeds,True,20,0.02666666666666668,0.42650000000000005,-0.3998333333333334,0.004419539137267027,-0.4090835350570322,-0.39058313160963454,20,0,0,0.152871531049459,0.009719275850147823
k3_equal_degree,1800,64.0,decoded,gmm_full_spec_degree,km_spec_degree,same_features_and_center_seeds,True,20,0.0002222222222222181,0.15652777777777777,-0.15630555555555556,0.026619179056316306,-0.21202013762902744,-0.10059097348208366,20,0,0,0.06608676355026546,0.010353503350052052
k3_equal_degree,1800,64.0,initial,gmm_full_spec_degree,km_spec_degree,same_features_and_center_seeds,True,20,0.0002777777777777712,0.37880555555555556,-0.3785277777777778,0.005144796667365777,-0.3892959609576141,-0.3677595945979415,20,0,0,0.06560196970058314,0.009956764349408332
k3_equal_degree,1800,96.0,decoded,gmm_full_spec_degree,km_spec_degree,same_features_and_center_seeds,True,20,0.0,0.16097222222222224,-0.16097222222222224,0.03171935380462496,-0.22736159272558998,-0.09458285171885449,16,4,0,0.06603186815009394,0.010525486500046099
k3_equal_degree,1800,96.0,initial,gmm_full_spec_degree,km_spec_degree,same_features_and_center_seeds,True,20,0.0,0.3385277777777777,-0.3385277777777777,0.026690908663122688,-0.3943924916437086,-0.2826630639118468,18,2,0,0.06558407555057784,0.010094419850065605
k3_heterogeneous,1800,4.0,decoded,gmm_full_spec_degree,km_spec_degree,same_features_and_center_seeds,True,20,0.5746944444444444,0.5812777777777778,-0.006583333333333325,0.008988321333978828,-0.025396106094102387,0.01222943942743574,11,0,9,0.24518610940031066,0.011690096950042061
k3_heterogeneous,1800,4.0,initial,gmm_full_spec_degree,km_spec_degree,same_features_and_center_seeds,True,20,0.4178055555555556,0.5286388888888889,-0.11083333333333331,0.005171600486497659,-0.12165761755136262,-0.100009049115304,20,0,0,0.24473451790036052,0.011267809250057326
k3_heterogeneous,1800,6.0,decoded,gmm_full_spec_degree,km_spec_degree,same_features_and_center_seeds,True,20,0.6158333333333335,0.5062222222222221,0.1096111111111111,0.01559441157962107,0.07697163256062073,0.14225058966160148,3,0,17,0.31590444990069955,0.011494711101113353
k3_heterogeneous,1800,6.0,initial,gmm_full_spec_degree,km_spec_degree,same_features_and_center_seeds,True,20,0.34208333333333335,0.4780555555555555,-0.13597222222222222,0.01216646472368389,-0.16143692554600275,-0.1105075188984417,20,0,0,0.3154033791495749,0.011090959650027798
k3_heterogeneous,1800,12.0,decoded,gmm_full_spec_degree,km_spec_degree,same_features_and_center_seeds,True,20,0.6010555555555556,0.4967499999999999,0.10430555555555557,0.013995548059903771,0.07501253681154943,0.1335985742995617,1,0,19,0.21229597545061552,0.010438266650453443
k3_heterogeneous,1800,12.0,initial,gmm_full_spec_degree,km_spec_degree,same_features_and_center_seeds,True,20,0.20008333333333334,0.5068888888888889,-0.30680555555555555,0.010857476097117605,-0.3295305141969859,-0.2840805969141252,20,0,0,0.211837425700287,0.010024189849718822
k3_heterogeneous,1800,24.0,decoded,gmm_full_spec_degree,km_spec_degree,same_features_and_center_seeds,True,20,0.5763611111111111,0.49338888888888893,0.08297222222222222,0.018757596468528513,0.043712121610707706,0.12223232283373675,4,0,16,0.1890441784500581,0.009424860201761476
k3_heterogeneous,1800,24.0,initial,gmm_full_spec_degree,km_spec_degree,same_features_and_center_seeds,True,20,0.12191666666666667,0.47630555555555565,-0.3543888888888889,0.021990749871753517,-0.40041605734494545,-0.3083617204328324,20,0,0,0.18859680884961563,0.009025552951425198
k3_heterogeneous,1800,64.0,decoded,gmm_full_spec_degree,km_spec_degree,same_features_and_center_seeds,True,20,0.55975,0.4919166666666667,0.06783333333333333,0.02872487460464591,0.007711479825947082,0.12795518684071958,2,0,18,0.15322567535004056,0.009257171199351433
k3_heterogeneous,1800,64.0,initial,gmm_full_spec_degree,km_spec_degree,same_features_and_center_seeds,True,20,0.03177777777777779,0.4921388888888889,-0.46036111111111105,0.0017509280004894506,-0.46402584553367254,-0.45669637668854957,20,0,0,0.1527762508001615,0.008850484399226843
k3_heterogeneous,1800,96.0,decoded,gmm_full_spec_degree,km_spec_degree,same_features_and_center_seeds,True,20,0.00124999999999999,0.0014444444444444316,-0.00019444444444444153,7.293841920038893e-05,-0.0003471063103213724,-4.178257856751066e-05,6,14,0,0.04185757385021134,0.008362164298887365
k3_heterogeneous,1800,96.0,initial,gmm_full_spec_degree,km_spec_degree,same_features_and_center_seeds,True,20,0.0011944444444444314,0.0037222222222222157,-0.002527777777777784,0.00036823825874653397,-0.0032985093110877105,-0.0017570462444678578,18,2,0,0.04144651345050079,0.007951339648570865
k4_equal_degree,1800,4.0,decoded,gmm_full_spec_degree,km_spec_degree,same_features_and_center_seeds,True,20,0.7218333333333333,0.7228611111111112,-0.0010277777777777885,0.0038623309949756854,-0.009111729456348675,0.007056173900793097,7,1,12,0.5299909804496565,0.013126257100520889
k4_equal_degree,1800,4.0,initial,gmm_full_spec_degree,km_spec_degree,same_features_and_center_seeds,True,20,0.7256666666666667,0.717,0.008666666666666673,0.0028156482812426607,0.0027734470852723734,0.014559886248060972,5,1,14,0.5295205426995381,0.012711004000448157
k4_equal_degree,1800,6.0,decoded,gmm_full_spec_degree,km_spec_degree,same_features_and_center_seeds,True,20,0.6919444444444444,0.7048888888888889,-0.012944444444444436,0.008025614856642481,-0.029742249390813838,0.003853360501924967,14,0,6,0.564151903651873,0.01369139900089067
k4_equal_degree,1800,6.0,initial,gmm_full_spec_degree,km_spec_degree,same_features_and_center_seeds,True,20,0.7224722222222222,0.6800277777777778,0.04244444444444446,0.004967961028141017,0.032046382511182275,0.05284250637770664,1,0,19,0.5636927509509405,0.013284642950020497
k4_equal_degree,1800,12.0,decoded,gmm_full_spec_degree,km_spec_degree,same_features_and_center_seeds,True,20,0.5799722222222223,0.5905833333333333,-0.010611111111111121,0.016570330743490548,-0.045293211946738354,0.024070989724516115,10,0,10,0.5006517737492686,0.013730874899920309
k4_equal_degree,1800,12.0,initial,gmm_full_spec_degree,km_spec_degree,same_features_and_center_seeds,True,20,0.5834444444444444,0.5718888888888889,0.01155555555555558,0.008119438167345469,-0.0054386238369794025,0.02854973494809056,7,0,13,0.5001597074500751,0.01329417734996241
k4_equal_degree,1800,24.0,decoded,gmm_full_spec_degree,km_spec_degree,same_features_and_center_seeds,True,20,0.5176388888888889,0.497111111111111,0.020527777777777766,0.035226166948473706,-0.05320143698998063,0.09425699254553617,9,0,11,0.46627652805036635,0.014592035548776038
k4_equal_degree,1800,24.0,initial,gmm_full_spec_degree,km_spec_degree,same_features_and_center_seeds,True,20,0.24580555555555553,0.4533333333333333,-0.2075277777777778,0.02472964521584619,-0.2592875200715272,-0.1557680354840284,19,0,1,0.46576343070009896,0.014152440749967354
k4_equal_degree,1800,64.0,decoded,gmm_full_spec_degree,km_spec_degree,same_features_and_center_seeds,True,20,0.4524722222222223,0.39291666666666664,0.05955555555555556,0.03333612561404169,-0.010217757235410636,0.12932886834652177,7,0,13,0.22284999105067982,0.013151622549776221
k4_equal_degree,1800,64.0,initial,gmm_full_spec_degree,km_spec_degree,same_features_and_center_seeds,True,20,0.0017777777777777614,0.39222222222222214,-0.3904444444444445,0.009625508939904255,-0.4105908661915863,-0.37029802269730266,20,0,0,0.22237885629911033,0.012683203400229104
k4_equal_degree,1800,96.0,decoded,gmm_full_spec_degree,km_spec_degree,same_features_and_center_seeds,True,20,0.05152777777777777,0.20261111111111113,-0.1510833333333333,0.028572846012250266,-0.21088698733987762,-0.09127967932678896,19,0,1,0.12833604409934196,0.011857169049835647
k4_equal_degree,1800,96.0,initial,gmm_full_spec_degree,km_spec_degree,same_features_and_center_seeds,True,20,2.777777777777657e-05,0.34850000000000003,-0.34847222222222224,0.006780087206011263,-0.36266310783538985,-0.3342813366090546,20,0,0,0.12787387589996796,0.01144340009886946
k4_hierarchical,1800,4.0,decoded,gmm_full_spec_degree,km_spec_degree,same_features_and_center_seeds,True,20,0.6970833333333333,0.6755833333333332,0.021500000000000012,0.008751784372035625,0.0031823047903347355,0.039817695209665285,4,0,16,0.4385746711508546,0.013450253049450111
k4_hierarchical,1800,4.0,initial,gmm_full_spec_degree,km_spec_degree,same_features_and_center_seeds,True,20,0.5711666666666667,0.644611111111111,-0.07344444444444445,0.0040379936989067495,-0.08189606238780546,-0.06499282650108344,20,0,0,0.4380954192507488,0.013016615750530036
k4_hierarchical,1800,6.0,decoded,gmm_full_spec_degree,km_spec_degree,same_features_and_center_seeds,True,20,0.698,0.6520277777777778,0.04597222222222222,0.011402742608090164,0.022106007657262974,0.06983843678718146,4,0,16,0.5287575940510578,0.013872155950593879
k4_hierarchical,1800,6.0,initial,gmm_full_spec_degree,km_spec_degree,same_features_and_center_seeds,True,20,0.5195,0.5945277777777778,-0.07502777777777776,0.008114722719927811,-0.09201208762544029,-0.058043467930115236,20,0,0,0.5282655852504832,0.01342840130055265
k4_hierarchical,1800,12.0,decoded,gmm_full_spec_degree,km_spec_degree,same_features_and_center_seeds,True,20,0.679611111111111,0.5904444444444443,0.0891666666666667,0.018569386763066117,0.050300493495958075,0.12803283983737532,3,0,17,0.4094627413487615,0.01289404064991686
k4_hierarchical,1800,12.0,initial,gmm_full_spec_degree,km_spec_degree,same_features_and_center_seeds,True,20,0.40680555555555553,0.5360555555555555,-0.12924999999999998,0.011146455116467203,-0.1525797986801484,-0.10592020131985155,20,0,0,0.4088989660504012,0.01245571074905456
k4_hierarchical,1800,24.0,decoded,gmm_full_spec_degree,km_spec_degree,same_features_and_center_seeds,True,20,0.6264722222222222,0.46005555555555555,0.16641666666666668,0.015281019060742078,0.13443312619666165,0.19840020713667172,1,0,19,0.4347868022505281,0.01187695524931769
k4_hierarchical,1800,24.0,initial,gmm_full_spec_degree,km_spec_degree,same_features_and_center_seeds,True,20,0.35875,0.46641666666666665,-0.10766666666666666,0.008700358114413359,-0.12587672548210033,-0.08945660785123298,20,0,0,0.43431106009993525,0.011449788399477256
k4_hierarchical,1800,64.0,decoded,gmm_full_spec_degree,km_spec_degree,same_features_and_center_seeds,True,20,0.3809444444444444,0.3761111111111111,0.004833333333333323,0.03053713160658078,-0.0590816176718725,0.06874828433853915,12,0,8,0.3757244875498145,0.011495565249060747
k4_hierarchical,1800,64.0,initial,gmm_full_spec_degree,km_spec_degree,same_features_and_center_seeds,True,20,0.2350833333333333,0.3803333333333333,-0.14525000000000002,0.018260375609880128,-0.1834694053940099,-0.10703059460599013,20,0,0,0.37522519970043505,0.01106802614958724
k4_hierarchical,1800,96.0,decoded,gmm_full_spec_degree,km_spec_degree,same_features_and_center_seeds,True,20,0.43308333333333326,0.3686944444444445,0.0643888888888889,0.04134689969465635,-0.0221511667472344,0.1509289445250122,9,0,11,0.26332064180132875,0.011101114800476352
k4_hierarchical,1800,96.0,initial,gmm_full_spec_degree,km_spec_degree,same_features_and_center_seeds,True,20,0.14455555555555555,0.37044444444444447,-0.22588888888888886,0.026320530112311797,-0.28097839153873566,-0.17079938623904206,20,0,0,0.26282086225073725,0.010647042300115572
k2_symmetric,1800,4.0,decoded,gmm_full_neighbor_degree,km_neighbor_degree,same_features_and_center_seeds,True,20,0.4227777777777778,0.4676111111111112,-0.0448333333333333,0.014317486366483851,-0.07480017669704701,-0.014866489969619586,15,1,4,0.16620527940176544,0.0099357847495412
k2_symmetric,1800,4.0,initial,gmm_full_neighbor_degree,km_neighbor_degree,same_features_and_center_seeds,True,20,0.4457777777777777,0.47088888888888886,-0.0251111111111111,0.013711889710328046,-0.05381042610622148,0.0035882038839992747,15,0,5,0.1658150718511024,0.00958884025021689
k2_symmetric,1800,6.0,decoded,gmm_full_neighbor_degree,km_neighbor_degree,same_features_and_center_seeds,True,20,0.16955555555555557,0.4208333333333333,-0.2512777777777778,0.02193906218694466,-0.29719676266621275,-0.2053587928893429,20,0,0,0.2472765525992145,0.01114555284839298
k2_symmetric,1800,6.0,initial,gmm_full_neighbor_degree,km_neighbor_degree,same_features_and_center_seeds,True,20,0.20061111111111113,0.4735555555555556,-0.27294444444444443,0.01823213697605002,-0.31110474569858426,-0.23478414319030458,19,0,1,0.24683037639915711,0.010767913099334692
k2_symmetric,1800,12.0,decoded,gmm_full_neighbor_degree,km_neighbor_degree,same_features_and_center_seeds,True,20,0.028472222222222232,0.051416666666666666,-0.022944444444444427,0.02291585945769567,-0.0709078895168416,0.025019000627952752,8,7,5,0.14079564884959836,0.009919816500405432
k2_symmetric,1800,12.0,initial,gmm_full_neighbor_degree,km_neighbor_degree,same_features_and_center_seeds,True,20,0.029472222222222212,0.051916666666666667,-0.022444444444444454,0.02312579661624227,-0.0708472930395938,0.02595840415070489,9,1,10,0.14036486614968452,0.009556853550384404
k2_symmetric,1800,24.0,decoded,gmm_full_neighbor_degree,km_neighbor_degree,same_features_and_center_seeds,True,20,0.001305555555555543,0.008194444444444431,-0.006888888888888889,0.006918301669174668,-0.021369060698124623,0.007591282920346845,2,16,2,0.1082263658518059,0.009682935401360736
k2_symmetric,1800,24.0,initial,gmm_full_neighbor_degree,km_neighbor_degree,same_features_and_center_seeds,True,20,0.001388888888888873,0.024222222222222207,-0.022833333333333334,0.022862767556682134,-0.07068565577981492,0.02501898911314825,4,11,5,0.10782712630025344,0.009300931200777995
k2_symmetric,1800,64.0,decoded,gmm_full_neighbor_degree,km_neighbor_degree,same_features_and_center_seeds,True,20,0.0,0.0,0.0,0.0,0.0,0.0,0,20,0,0.08307265344992629,0.008933222100313287
k2_symmetric,1800,64.0,initial,gmm_full_neighbor_degree,km_neighbor_degree,same_features_and_center_seeds,True,20,0.0,0.0,0.0,0.0,0.0,0.0,0,20,0,0.08268272850000358,0.00858545234950725
k2_symmetric,1800,96.0,decoded,gmm_full_neighbor_degree,km_neighbor_degree,same_features_and_center_seeds,True,20,0.0,0.0,0.0,0.0,0.0,0.0,0,20,0,0.07157952909983578,0.009779523000179324
k2_symmetric,1800,96.0,initial,gmm_full_neighbor_degree,km_neighbor_degree,same_features_and_center_seeds,True,20,0.0,0.0,0.0,0.0,0.0,0.0,0,20,0,0.07118297859997255,0.009416900999713106
k3_disassortative,1800,4.0,decoded,gmm_full_neighbor_degree,km_neighbor_degree,same_features_and_center_seeds,True,20,0.5315833333333334,0.5683611111111111,-0.03677777777777777,0.009972965405853707,-0.0576514342660115,-0.015904121289544042,15,0,5,0.3678004006993433,0.011940503799996805
k3_disassortative,1800,4.0,initial,gmm_full_neighbor_degree,km_neighbor_degree,same_features_and_center_seeds,True,20,0.6376944444444445,0.5008055555555554,0.1368888888888889,0.010683922445918887,0.11452718221414782,0.15925059556362997,0,0,20,0.3673169408502872,0.011513002150240936
k3_disassortative,1800,6.0,decoded,gmm_full_neighbor_degree,km_neighbor_degree,same_features_and_center_seeds,True,20,0.5173333333333334,0.5637777777777778,-0.04644444444444446,0.019316723388533977,-0.08687481114899764,-0.006014077739891273,14,0,6,0.4158417955517507,0.011947975748989847
k3_disassortative,1800,6.0,initial,gmm_full_neighbor_degree,km_neighbor_degree,same_features_and_center_seeds,True,20,0.4929166666666667,0.4047777777777778,0.0881388888888889,0.0078125034113053,0.07178713132387994,0.10449064645389787,0,0,20,0.4153901670517371,0.011518774049909553
k3_disassortative,1800,12.0,decoded,gmm_full_neighbor_degree,km_neighbor_degree,same_features_and_center_seeds,True,20,0.37902777777777785,0.47119444444444447,-0.09216666666666669,0.031958944077717946,-0.15905750537482033,-0.02527582795851306,15,0,5,0.3808917385507812,0.011920214449128252
k3_disassortative,1800,12.0,initial,gmm_full_neighbor_degree,km_neighbor_degree,same_features_and_center_seeds,True,20,0.27641666666666664,0.31752777777777774,-0.04111111111111111,0.013543962543418294,-0.06945895050649074,-0.012763271715731484,16,0,4,0.38044560915113834,0.011504294449696317
k3_disassortative,1800,24.0,decoded,gmm_full_neighbor_degree,km_neighbor_degree,same_features_and_center_seeds,True,20,0.523361111111111,0.32213888888888886,0.2012222222222222,0.04010920764627115,0.11727268581531901,0.28517175862912536,3,0,17,0.285240987000725,0.012268445849622367
k3_disassortative,1800,24.0,initial,gmm_full_neighbor_degree,km_neighbor_degree,same_features_and_center_seeds,True,20,0.07333333333333333,0.20244444444444443,-0.1291111111111111,0.020894487242835144,-0.1728437755148926,-0.0853784467073296,19,0,1,0.2847967581998091,0.011843829799909144
k3_disassortative,1800,64.0,decoded,gmm_full_neighbor_degree,km_neighbor_degree,same_features_and_center_seeds,True,20,0.4607222222222223,0.4251111111111111,0.035611111111111135,0.019607789258611903,-0.0054284634609324395,0.07665068568315471,6,0,14,0.10678980760094418,0.009827803249572753
k3_disassortative,1800,64.0,initial,gmm_full_neighbor_degree,km_neighbor_degree,same_features_and_center_seeds,True,20,0.0049722222222222225,0.04036111111111111,-0.03538888888888889,0.0011813335929489858,-0.03786144851521171,-0.032916329262566074,20,0,0,0.10631948910086067,0.009422249099588952
k3_disassortative,1800,96.0,decoded,gmm_full_neighbor_degree,km_neighbor_degree,same_features_and_center_seeds,True,20,0.38552777777777775,0.3604166666666667,0.025111111111111105,0.01411365497169918,-0.0044291082402746935,0.0546513304624969,7,0,13,0.07962368735061318,0.009415869999793358
k3_disassortative,1800,96.0,initial,gmm_full_neighbor_degree,km_neighbor_degree,same_features_and_center_seeds,True,20,0.0008055555555555427,0.01933333333333333,-0.01852777777777779,0.000910443165516021,-0.020433357223374467,-0.01662219833218111,20,0,0,0.0791656437504571,0.00899803799984511
k3_equal_degree,1800,4.0,decoded,gmm_full_neighbor_degree,km_neighbor_degree,same_features_and_center_seeds,True,20,0.5809166666666667,0.5735555555555555,0.0073611111111111125,0.011932223790534366,-0.017613320305060402,0.03233554252728263,8,0,12,0.32258100979888693,0.011578582449510577
k3_equal_degree,1800,4.0,initial,gmm_full_neighbor_degree,km_neighbor_degree,same_features_and_center_seeds,True,20,0.6129444444444443,0.5435555555555557,0.0693888888888889,0.011395262800611344,0.045538329740905166,0.09323944803687265,1,0,19,0.322138055549658,0.011159838050298276
k3_equal_degree,1800,6.0,decoded,gmm_full_neighbor_degree,km_neighbor_degree,same_features_and_center_seeds,True,20,0.49158333333333337,0.5540555555555555,-0.06247222222222224,0.021968340494460926,-0.10845248731256107,-0.0164919571318834,15,0,5,0.3596694439012936,0.011505819249214256
k3_equal_degree,1800,6.0,initial,gmm_full_neighbor_degree,km_neighbor_degree,same_features_and_center_seeds,True,20,0.4328333333333333,0.4542222222222222,-0.021388888888888884,0.005123633908804276,-0.0321127779059983,-0.01066499987177947,18,0,2,0.3592189249509829,0.011095565999130485
k3_equal_degree,1800,12.0,decoded,gmm_full_neighbor_degree,km_neighbor_degree,same_features_and_center_seeds,True,20,0.21988888888888888,0.2225277777777778,-0.002638888888888907,0.03255160033754735,-0.07077017140486114,0.06549239362708331,13,0,7,0.3658342729504511,0.011552946649317164
k3_equal_degree,1800,12.0,initial,gmm_full_neighbor_degree,km_neighbor_degree,same_features_and_center_seeds,True,20,0.21838888888888883,0.2669166666666667,-0.04852777777777778,0.021931440924837477,-0.09443081118129742,-0.0026247443742581367,16,0,4,0.3653767121002602,0.01113605745085806
k3_equal_degree,1800,24.0,decoded,gmm_full_neighbor_degree,km_neighbor_degree,same_features_and_center_seeds,True,20,0.023499999999999983,0.024500000000000004,-0.001000000000000023,0.0003481128927443875,-0.0017286086581636856,-0.0002713913418363604,12,4,4,0.183289441650777,0.010103055652507464
k3_equal_degree,1800,24.0,initial,gmm_full_neighbor_degree,km_neighbor_degree,same_features_and_center_seeds,True,20,0.024111111111111118,0.03474999999999999,-0.010638888888888875,0.0008637480846497981,-0.012446734407010007,-0.008831043370767743,20,0,0,0.18281966040012776,0.009695006300535169
k3_equal_degree,1800,64.0,decoded,gmm_full_neighbor_degree,km_neighbor_degree,same_features_and_center_seeds,True,20,0.0002222222222222181,0.0002499999999999947,-2.777777777777657e-05,2.777777777777657e-05,-8.59173348446715e-05,3.036177928911837e-05,1,19,0,0.07898759795061779,0.009114483249868499
k3_equal_degree,1800,64.0,initial,gmm_full_neighbor_degree,km_neighbor_degree,same_features_and_center_seeds,True,20,0.0002777777777777712,0.0006944444444444198,-0.00041666666666664853,0.00010567859864620126,-0.0006378545156693091,-0.00019547881766398796,12,7,1,0.0785500777510606,0.00871266819885932
k3_equal_degree,1800,96.0,decoded,gmm_full_neighbor_degree,km_neighbor_degree,same_features_and_center_seeds,True,20,0.0,0.0,0.0,0.0,0.0,0.0,0,20,0,0.07109600585135922,0.008934333898650948
k3_equal_degree,1800,96.0,initial,gmm_full_neighbor_degree,km_neighbor_degree,same_features_and_center_seeds,True,20,0.0,0.0,0.0,0.0,0.0,0.0,0,20,0,0.07067032060003839,0.00853100174899737
k3_heterogeneous,1800,4.0,decoded,gmm_full_neighbor_degree,km_neighbor_degree,same_features_and_center_seeds,True,20,0.588611111111111,0.5846944444444444,0.003916666666666668,0.013879673843570623,-0.025133824555268473,0.03296715788860181,11,0,9,0.4907000193506974,0.011219921250449261
k3_heterogeneous,1800,4.0,initial,gmm_full_neighbor_degree,km_neighbor_degree,same_features_and_center_seeds,True,20,0.4580277777777778,0.4926666666666667,-0.034638888888888865,0.007979554262289421,-0.05134028790331697,-0.01793748987446076,17,0,3,0.4902314169004967,0.010811744300372083
k3_heterogeneous,1800,6.0,decoded,gmm_full_neighbor_degree,km_neighbor_degree,same_features_and_center_seeds,True,20,0.5925,0.5289999999999999,0.0635,0.017011161912980244,0.02789522892269789,0.09910477107730212,4,0,16,0.4444953121004801,0.011637442649589502
k3_heterogeneous,1800,6.0,initial,gmm_full_neighbor_degree,km_neighbor_degree,same_features_and_center_seeds,True,20,0.3763611111111111,0.4372222222222222,-0.0608611111111111,0.015575617545488425,-0.09346125329608249,-0.028260968926139725,15,0,5,0.4440174812501937,0.01122450495022349
k3_heterogeneous,1800,12.0,decoded,gmm_full_neighbor_degree,km_neighbor_degree,same_features_and_center_seeds,True,20,0.5633333333333332,0.5601388888888889,0.00319444444444445,0.020541044150719782,-0.03979845506567514,0.046187343954564045,9,1,10,0.3892073083497962,0.010136956351198023
k3_heterogeneous,1800,12.0,initial,gmm_full_neighbor_degree,km_neighbor_degree,same_features_and_center_seeds,True,20,0.28680555555555554,0.19927777777777778,0.08752777777777776,0.008667423400011198,0.06938665211181287,0.10566890344374265,0,0,20,0.3885215768495982,0.009732532551061013
k3_heterogeneous,1800,24.0,decoded,gmm_full_neighbor_degree,km_neighbor_degree,same_features_and_center_seeds,True,20,0.5369166666666667,0.5008888888888889,0.036027777777777784,0.02696495797770582,-0.020410527895669724,0.09246608345122528,9,0,11,0.3749672518995794,0.009471259499696317
k3_heterogeneous,1800,24.0,initial,gmm_full_neighbor_degree,km_neighbor_degree,same_features_and_center_seeds,True,20,0.14963888888888888,0.10049999999999999,0.049138888888888885,0.008028485976167963,0.03233507462028957,0.06594270315748821,0,0,20,0.37452241355022126,0.009070652299851645
k3_heterogeneous,1800,64.0,decoded,gmm_full_neighbor_degree,km_neighbor_degree,same_features_and_center_seeds,True,20,0.5761111111111111,0.5847777777777778,-0.008666666666666684,0.007380232805088872,-0.024113671454851,0.006780338121517633,10,0,10,0.11346447614996577,0.009070855949903488
k3_heterogeneous,1800,64.0,initial,gmm_full_neighbor_degree,km_neighbor_degree,same_features_and_center_seeds,True,20,0.007361111111111107,0.014222222222222225,-0.006861111111111118,0.0006062740519937013,-0.008130057285497528,-0.0055921649367247075,20,0,0,0.1130064497498097,0.008662656850356143
k3_heterogeneous,1800,96.0,decoded,gmm_full_neighbor_degree,km_neighbor_degree,same_features_and_center_seeds,True,20,0.0012777777777777666,0.0011666666666666548,0.00011111111111111182,6.498862798506852e-05,-2.4911650524629572e-05,0.0002471338727468532,0,17,3,0.06734645029973763,0.008705714501047623
k3_heterogeneous,1800,96.0,initial,gmm_full_neighbor_degree,km_neighbor_degree,same_features_and_center_seeds,True,20,0.0005277777777777714,0.0021666666666666666,-0.0016388888888888952,0.0002657482967865779,-0.0021951064664812413,-0.0010826713112965494,17,3,0,0.06692864629985706,0.008298880900838412
k4_equal_degree,1800,4.0,decoded,gmm_full_neighbor_degree,km_neighbor_degree,same_features_and_center_seeds,True,20,0.720138888888889,0.7217777777777779,-0.0016388888888888785,0.004665635328810274,-0.011404175861186,0.008126398083408242,14,0,6,0.5390641235000657,0.013766773749739513
k4_equal_degree,1800,4.0,initial,gmm_full_neighbor_degree,km_neighbor_degree,same_features_and_center_seeds,True,20,0.72175,0.7057500000000001,0.015999999999999997,0.00349314747359093,0.008688758312178567,0.023311241687821428,2,1,17,0.5386080477499491,0.01333511595003074
k4_equal_degree,1800,6.0,decoded,gmm_full_neighbor_degree,km_neighbor_degree,same_features_and_center_seeds,True,20,0.6796944444444445,0.683111111111111,-0.003416666666666679,0.005542422342180656,-0.01501708994854083,0.008183756615207472,12,0,8,0.6277205680016777,0.013519885799541952
k4_equal_degree,1800,6.0,initial,gmm_full_neighbor_degree,km_neighbor_degree,same_features_and_center_seeds,True,20,0.6846111111111112,0.6575277777777778,0.02708333333333333,0.007981854319365175,0.010377120244119159,0.0437895464225475,5,0,15,0.627238154700899,0.01310883924998052
k4_equal_degree,1800,12.0,decoded,gmm_full_neighbor_degree,km_neighbor_degree,same_features_and_center_seeds,True,20,0.5230555555555555,0.5518611111111111,-0.028805555555555556,0.022214336137267147,-0.07530069544356745,0.017689584332456335,13,0,7,0.6660258937990875,0.015800531599961688
k4_equal_degree,1800,12.0,initial,gmm_full_neighbor_degree,km_neighbor_degree,same_features_and_center_seeds,True,20,0.511638888888889,0.5293333333333333,-0.017694444444444447,0.00943551994922117,-0.03744321466401382,0.0020543257751249253,13,0,7,0.6655381169002794,0.015349050850272761
k4_equal_degree,1800,24.0,decoded,gmm_full_neighbor_degree,km_neighbor_degree,same_features_and_center_seeds,True,20,0.5226111111111111,0.47911111111111104,0.0435,0.03562349822421984,-0.031060838685463804,0.1180608386854638,7,0,13,0.628196233050403,0.01559346390022256
k4_equal_degree,1800,24.0,initial,gmm_full_neighbor_degree,km_neighbor_degree,same_features_and_center_seeds,True,20,0.08652777777777779,0.33725000000000005,-0.25072222222222224,0.014832402450147608,-0.2817667973350459,-0.21967764710939855,20,0,0,0.6276452496993443,0.015152959599799943
k4_equal_degree,1800,64.0,decoded,gmm_full_neighbor_degree,km_neighbor_degree,same_features_and_center_seeds,True,20,0.45525000000000004,0.4070277777777778,0.048222222222222236,0.0241974026498042,-0.0024235235780213013,0.09886796802246578,6,3,11,0.28541048644910916,0.01351839039925835
k4_equal_degree,1800,64.0,initial,gmm_full_neighbor_degree,km_neighbor_degree,same_features_and_center_seeds,True,20,0.0018055555555555435,0.01880555555555557,-0.017000000000000026,0.010471921676547244,-0.038917983964893196,0.004917983964893142,12,4,4,0.28493925654947816,0.013085177649190882
k4_equal_degree,1800,96.0,decoded,gmm_full_neighbor_degree,km_neighbor_degree,same_features_and_center_seeds,True,20,0.05152777777777777,0.049277777777777775,0.002250000000000002,0.00048276837318144105,0.0012395541822236788,0.0032604458177763252,1,2,17,0.1493115986497287,0.010770120150482398
k4_equal_degree,1800,96.0,initial,gmm_full_neighbor_degree,km_neighbor_degree,same_features_and_center_seeds,True,20,2.777777777777657e-05,0.022361111111111102,-0.022333333333333327,0.0020754137973304156,-0.026677224333996778,-0.017989442332669876,20,0,0,0.1488553138493444,0.01035197870041884
k4_hierarchical,1800,4.0,decoded,gmm_full_neighbor_degree,km_neighbor_degree,same_features_and_center_seeds,True,20,0.7093055555555556,0.6992222222222222,0.010083333333333328,0.007983828176111946,-0.00662701108553179,0.026793677752198444,8,0,12,0.7307803491508821,0.01355897345019912
k4_hierarchical,1800,4.0,initial,gmm_full_neighbor_degree,km_neighbor_degree,same_features_and_center_seeds,True,20,0.5909444444444444,0.6132777777777778,-0.022333333333333344,0.004511122634156917,-0.03177522151900954,-0.012891445147657143,15,0,5,0.7302894686010404,0.013128418050109758
k4_hierarchical,1800,6.0,decoded,gmm_full_neighbor_degree,km_neighbor_degree,same_features_and_center_seeds,True,20,0.6903055555555555,0.6570833333333334,0.033222222222222236,0.013357957281786778,0.005263696313683883,0.06118074813076059,4,1,15,0.6417664669999794,0.013397324149991618
k4_hierarchical,1800,6.0,initial,gmm_full_neighbor_degree,km_neighbor_degree,same_features_and_center_seeds,True,20,0.5442222222222222,0.5554166666666667,-0.011194444444444457,0.009990596211966801,-0.0321050026339715,0.00971611374508259,13,0,7,0.6412929812500806,0.012953762350298348
k4_hierarchical,1800,12.0,decoded,gmm_full_neighbor_degree,km_neighbor_degree,same_features_and_center_seeds,True,20,0.6423888888888889,0.6676111111111113,-0.02522222222222223,0.01809442060912664,-0.06309427980770574,0.012649835363261273,12,0,8,0.573809093449745,0.012420804050998413
k4_hierarchical,1800,12.0,initial,gmm_full_neighbor_degree,km_neighbor_degree,same_features_and_center_seeds,True,20,0.42236111111111113,0.4456666666666667,-0.02330555555555554,0.007508006880420345,-0.039019994556938414,-0.0075911165541726715,15,0,5,0.5732606859506632,0.011683465750684264
k4_hierarchical,1800,24.0,decoded,gmm_full_neighbor_degree,km_neighbor_degree,same_features_and_center_seeds,True,20,0.5058055555555555,0.6526388888888889,-0.14683333333333332,0.020444027296786724,-0.189623174234488,-0.10404349243217864,18,0,2,0.531293401151197,0.011968804650314269
k4_hierarchical,1800,24.0,initial,gmm_full_neighbor_degree,km_neighbor_degree,same_features_and_center_seeds,True,20,0.3190833333333333,0.272,0.04708333333333333,0.0059445503351775375,0.03464124648916577,0.05952542017750089,0,0,20,0.5308125775507506,0.01154272094972839
k4_hierarchical,1800,64.0,decoded,gmm_full_neighbor_degree,km_neighbor_degree,same_features_and_center_seeds,True,20,0.5130555555555556,0.6435833333333333,-0.1305277777777778,0.032895256688549916,-0.1993783413028486,-0.061677214252707016,17,0,3,0.3700862579007662,0.010821202198712854
k4_hierarchical,1800,64.0,initial,gmm_full_neighbor_degree,km_neighbor_degree,same_features_and_center_seeds,True,20,0.06805555555555556,0.07444444444444445,-0.006388888888888894,0.003927233681927094,-0.014608683452444812,0.0018309056746670244,16,0,4,0.36955718010067357,0.01040662914965651
k4_hierarchical,1800,96.0,decoded,gmm_full_neighbor_degree,km_neighbor_degree,same_features_and_center_seeds,True,20,0.5281111111111111,0.5671666666666666,-0.03905555555555555,0.025787502576806415,-0.09302941875192763,0.014918307640816524,14,0,6,0.2030527624014212,0.010453911251897808
k4_hierarchical,1800,96.0,initial,gmm_full_neighbor_degree,km_neighbor_degree,same_features_and_center_seeds,True,20,0.02330555555555556,0.03130555555555556,-0.008000000000000002,0.0009957675212946254,-0.010084165374668191,-0.005915834625331813,19,1,0,0.20254302580106015,0.010024121101014315
k2_symmetric,1800,4.0,decoded,poisson_gaussian,km_neighbor_degree,same_information_different_model_and_seeding,True,20,0.42894444444444446,0.4676111111111112,-0.03866666666666664,0.013913160079285114,-0.0677872453854438,-0.009546087947889484,16,0,4,0.14970102534971375,0.0099357847495412
k2_symmetric,1800,4.0,initial,poisson_gaussian,km_neighbor_degree,same_information_different_model_and_seeding,True,20,0.4604722222222223,0.47088888888888886,-0.010416666666666663,0.012781456055879627,-0.037168561641985474,0.016335228308652146,13,0,7,0.14930806319935072,0.00958884025021689
k2_symmetric,1800,6.0,decoded,poisson_gaussian,km_neighbor_degree,same_information_different_model_and_seeding,True,20,0.18733333333333332,0.4208333333333333,-0.23349999999999996,0.02358765949202868,-0.28286953870400844,-0.18413046129599148,19,0,1,0.1588289943014388,0.01114555284839298
k2_symmetric,1800,6.0,initial,poisson_gaussian,km_neighbor_degree,same_information_different_model_and_seeding,True,20,0.20669444444444443,0.4735555555555556,-0.2668611111111111,0.02595781412282413,-0.3211914404700417,-0.2125307817521805,19,0,1,0.15841099345088877,0.010767913099334692
k2_symmetric,1800,12.0,decoded,poisson_gaussian,km_neighbor_degree,same_information_different_model_and_seeding,True,20,0.028444444444444446,0.051416666666666666,-0.022972222222222217,0.022914589663098922,-0.07093300958398424,0.02498856513953981,7,8,5,0.14882313500056626,0.009919816500405432
k2_symmetric,1800,12.0,initial,poisson_gaussian,km_neighbor_degree,same_information_different_model_and_seeding,True,20,0.02922222222222224,0.051916666666666667,-0.022694444444444427,0.023109560332304824,-0.07106331010675848,0.025674421217869635,9,2,9,0.1484205983004358,0.009556853550384404
k2_symmetric,1800,24.0,decoded,poisson_gaussian,km_neighbor_degree,same_information_different_model_and_seeding,True,20,0.0012777777777777666,0.008194444444444431,-0.006916666666666666,0.006916901520238361,-0.021393907930498952,0.007560574597165622,3,15,2,0.10661358645229484,0.009682935401360736
k2_symmetric,1800,24.0,initial,poisson_gaussian,km_neighbor_degree,same_information_different_model_and_seeding,True,20,0.0014166666666666494,0.024222222222222207,-0.022805555555555558,0.022864244489778557,-0.07066096925853471,0.02504985814742359,4,10,6,0.1062290125515574,0.009300931200777995
k2_symmetric,1800,64.0,decoded,poisson_gaussian,km_neighbor_degree,same_information_different_model_and_seeding,True,20,0.0,0.0,0.0,0.0,0.0,0.0,0,20,0,0.08715160870233377,0.008933222100313287
k2_symmetric,1800,64.0,initial,poisson_gaussian,km_neighbor_degree,same_information_different_model_and_seeding,True,20,0.0,0.0,0.0,0.0,0.0,0.0,0,20,0,0.08677918495086487,0.00858545234950725
k2_symmetric,1800,96.0,decoded,poisson_gaussian,km_neighbor_degree,same_information_different_model_and_seeding,True,20,0.0,0.0,0.0,0.0,0.0,0.0,0,20,0,0.07424661644909065,0.009779523000179324
k2_symmetric,1800,96.0,initial,poisson_gaussian,km_neighbor_degree,same_information_different_model_and_seeding,True,20,0.0,0.0,0.0,0.0,0.0,0.0,0,20,0,0.07386723389899999,0.009416900999713106
k3_disassortative,1800,4.0,decoded,poisson_gaussian,km_neighbor_degree,same_information_different_model_and_seeding,True,20,0.5322222222222222,0.5683611111111111,-0.03613888888888888,0.010487041029988027,-0.05808851802422071,-0.014189259753557053,16,0,4,0.316013855899655,0.011940503799996805
k3_disassortative,1800,4.0,initial,poisson_gaussian,km_neighbor_degree,same_information_different_model_and_seeding,True,20,0.5970000000000001,0.5008055555555554,0.09619444444444447,0.010189344135818002,0.07486790206953314,0.1175209868193558,0,0,20,0.31555351414972393,0.011513002150240936
k3_disassortative,1800,6.0,decoded,poisson_gaussian,km_neighbor_degree,same_information_different_model_and_seeding,True,20,0.5507222222222222,0.5637777777777778,-0.01305555555555556,0.012374286624314501,-0.038955235116388806,0.012844124005277683,12,0,8,0.2876567179511767,0.011947975748989847
k3_disassortative,1800,6.0,initial,poisson_gaussian,km_neighbor_degree,same_information_different_model_and_seeding,True,20,0.4773611111111111,0.4047777777777778,0.07258333333333335,0.014992107247718564,0.04120449223758925,0.10396217442907744,1,0,19,0.2871977023012732,0.011518774049909553
k3_disassortative,1800,12.0,decoded,poisson_gaussian,km_neighbor_degree,same_information_different_model_and_seeding,True,20,0.5153333333333333,0.47119444444444447,0.044138888888888866,0.02707255296017862,-0.01252461567100785,0.10080239344878558,6,0,14,0.3112935455490515,0.011920214449128252
k3_disassortative,1800,12.0,initial,poisson_gaussian,km_neighbor_degree,same_information_different_model_and_seeding,True,20,0.22549999999999998,0.31752777777777774,-0.09202777777777779,0.004240050655906408,-0.10090230579249963,-0.08315324976305595,20,0,0,0.3108498221001355,0.011504294449696317
k3_disassortative,1800,24.0,decoded,poisson_gaussian,km_neighbor_degree,same_information_different_model_and_seeding,True,20,0.49811111111111106,0.32213888888888886,0.17597222222222225,0.040465972416979204,0.09127596856846165,0.26066847587598285,3,0,17,0.15948478440041072,0.012268445849622367
k3_disassortative,1800,24.0,initial,poisson_gaussian,km_neighbor_degree,same_information_different_model_and_seeding,True,20,0.06530555555555553,0.20244444444444443,-0.13713888888888892,0.020511382717594985,-0.1800697063059901,-0.09420807147178775,20,0,0,0.15905364445061423,0.011843829799909144
k3_disassortative,1800,64.0,decoded,poisson_gaussian,km_neighbor_degree,same_information_different_model_and_seeding,True,20,0.4571666666666667,0.4251111111111111,0.03205555555555557,0.018348571551287295,-0.006348446065320708,0.07045955717643185,5,0,15,0.08503310055020848,0.009827803249572753
k3_disassortative,1800,64.0,initial,poisson_gaussian,km_neighbor_degree,same_information_different_model_and_seeding,True,20,0.0044444444444444505,0.04036111111111111,-0.035916666666666666,0.0012867565290963882,-0.03860987903423235,-0.03322345429910098,20,0,0,0.08460569549970387,0.009422249099588952
k3_disassortative,1800,96.0,decoded,poisson_gaussian,km_neighbor_degree,same_information_different_model_and_seeding,True,20,0.3838055555555555,0.3604166666666667,0.023388888888888876,0.014198359229443274,-0.006328618511466117,0.053106396289243865,7,0,13,0.07345775730027526,0.009415869999793358
k3_disassortative,1800,96.0,initial,poisson_gaussian,km_neighbor_degree,same_information_different_model_and_seeding,True,20,0.0006666666666666488,0.01933333333333333,-0.018666666666666682,0.0009351972477171617,-0.020624057001755146,-0.01670927633157822,20,0,0,0.0730349503493926,0.00899803799984511
k3_equal_degree,1800,4.0,decoded,poisson_gaussian,km_neighbor_degree,same_information_different_model_and_seeding,True,20,0.5904444444444445,0.5735555555555555,0.016888888888888905,0.013831307538556168,-0.01206037049322813,0.045838148271005935,8,0,12,0.3140316051983973,0.011578582449510577
k3_equal_degree,1800,4.0,initial,poisson_gaussian,km_neighbor_degree,same_information_different_model_and_seeding,True,20,0.6238888888888887,0.5435555555555557,0.08033333333333333,0.011160737129838309,0.0569736420556538,0.10369302461101285,1,0,19,0.31359280349824986,0.011159838050298276
k3_equal_degree,1800,6.0,decoded,poisson_gaussian,km_neighbor_degree,same_information_different_model_and_seeding,True,20,0.5305555555555556,0.5540555555555555,-0.023500000000000004,0.020923260107241163,-0.06729288670109752,0.02029288670109752,12,0,8,0.2910041255505348,0.011505819249214256
k3_equal_degree,1800,6.0,initial,poisson_gaussian,km_neighbor_degree,same_information_different_model_and_seeding,True,20,0.4487222222222223,0.4542222222222222,-0.005499999999999994,0.006035402916878939,-0.01813224348307368,0.007132243483073695,11,0,9,0.2905762528502237,0.011095565999130485
k3_equal_degree,1800,12.0,decoded,poisson_gaussian,km_neighbor_degree,same_information_different_model_and_seeding,True,20,0.2200277777777778,0.2225277777777778,-0.0024999999999999966,0.020762726355611365,-0.045956885697391946,0.040956885697391955,13,0,7,0.3165038145994913,0.011552946649317164
k3_equal_degree,1800,12.0,initial,poisson_gaussian,km_neighbor_degree,same_information_different_model_and_seeding,True,20,0.20869444444444443,0.2669166666666667,-0.05822222222222222,0.022886298326119162,-0.10612379513515424,-0.010320649309290199,16,0,4,0.316070897699683,0.01113605745085806
k3_equal_degree,1800,24.0,decoded,poisson_gaussian,km_neighbor_degree,same_information_different_model_and_seeding,True,20,0.02361111111111111,0.024500000000000004,-0.0008888888888888946,0.00033576113914523116,-0.0015916450296553986,-0.00018613274812239052,13,4,3,0.22476441660001,0.010103055652507464
k3_equal_degree,1800,24.0,initial,poisson_gaussian,km_neighbor_degree,same_information_different_model_and_seeding,True,20,0.02425,0.03474999999999999,-0.010499999999999992,0.0008130074763464279,-0.01220164420440686,-0.008798355795593123,20,0,0,0.2243386935988383,0.009695006300535169
k3_equal_degree,1800,64.0,decoded,poisson_gaussian,km_neighbor_degree,same_information_different_model_and_seeding,True,20,0.0002222222222222181,0.0002499999999999947,-2.777777777777657e-05,2.777777777777657e-05,-8.59173348446715e-05,3.036177928911837e-05,1,19,0,0.13008025069793802,0.009114483249868499
k3_equal_degree,1800,64.0,initial,poisson_gaussian,km_neighbor_degree,same_information_different_model_and_seeding,True,20,0.0002499999999999947,0.0006944444444444198,-0.0004444444444444251,0.00011111111111110628,-0.0006770026727120049,-0.00021188621617684536,12,7,1,0.12963794484858226,0.00871266819885932
k3_equal_degree,1800,96.0,decoded,poisson_gaussian,km_neighbor_degree,same_information_different_model_and_seeding,True,20,0.0,0.0,0.0,0.0,0.0,0.0,0,20,0,0.11556533770090027,0.008934333898650948
k3_equal_degree,1800,96.0,initial,poisson_gaussian,km_neighbor_degree,same_information_different_model_and_seeding,True,20,0.0,0.0,0.0,0.0,0.0,0.0,0,20,0,0.11512665930022195,0.00853100174899737
k3_heterogeneous,1800,4.0,decoded,poisson_gaussian,km_neighbor_degree,same_information_different_model_and_seeding,True,20,0.5749444444444445,0.5846944444444444,-0.009749999999999998,0.014933003675263465,-0.04100513589689411,0.021505135896894113,12,0,8,0.39731487869903503,0.011219921250449261
k3_heterogeneous,1800,4.0,initial,poisson_gaussian,km_neighbor_degree,same_information_different_model_and_seeding,True,20,0.42030555555555554,0.4926666666666667,-0.07236111111111111,0.007033969719830554,-0.08708337893269613,-0.05763884328952609,20,0,0,0.3968833570987044,0.010811744300372083
k3_heterogeneous,1800,6.0,decoded,poisson_gaussian,km_neighbor_degree,same_information_different_model_and_seeding,True,20,0.597111111111111,0.5289999999999999,0.06811111111111111,0.01985982390626977,0.026544021958975296,0.10967820026324693,4,0,16,0.3304463131498778,0.011637442649589502
k3_heterogeneous,1800,6.0,initial,poisson_gaussian,km_neighbor_degree,same_information_different_model_and_seeding,True,20,0.3458333333333333,0.4372222222222222,-0.09138888888888888,0.01377464711649215,-0.120219556644693,-0.06255822113308476,17,0,3,0.3299862616993778,0.01122450495022349
k3_heterogeneous,1800,12.0,decoded,poisson_gaussian,km_neighbor_degree,same_information_different_model_and_seeding,True,20,0.6057777777777777,0.5601388888888889,0.045638888888888896,0.01742314764183521,0.009171821771020404,0.08210595600675738,6,0,14,0.3333116912002879,0.010136956351198023
k3_heterogeneous,1800,12.0,initial,poisson_gaussian,km_neighbor_degree,same_information_different_model_and_seeding,True,20,0.18750000000000003,0.19927777777777778,-0.011777777777777776,0.0026666666666666614,-0.01735917525619992,-0.00619638029935563,16,0,4,0.3328381753497524,0.009732532551061013
k3_heterogeneous,1800,24.0,decoded,poisson_gaussian,km_neighbor_degree,same_information_different_model_and_seeding,True,20,0.5694722222222223,0.5008888888888889,0.06858333333333334,0.016359820340469806,0.034341835834931715,0.10282483083173496,3,0,17,0.15373577474965713,0.009471259499696317
k3_heterogeneous,1800,24.0,initial,poisson_gaussian,km_neighbor_degree,same_information_different_model_and_seeding,True,20,0.07519444444444448,0.10049999999999999,-0.025305555555555546,0.0016664107990729835,-0.028793393442541074,-0.02181771766857002,20,0,0,0.153305278499829,0.009070652299851645
k3_heterogeneous,1800,64.0,decoded,poisson_gaussian,km_neighbor_degree,same_information_different_model_and_seeding,True,20,0.5816388888888889,0.5847777777777778,-0.0031388888888888855,0.0070577625824736635,-0.01791095574430917,0.011633177966531396,10,0,10,0.07391554030109546,0.009070855949903488
k3_heterogeneous,1800,64.0,initial,poisson_gaussian,km_neighbor_degree,same_information_different_model_and_seeding,True,20,0.006777777777777788,0.014222222222222225,-0.007444444444444437,0.0005167751253828209,-0.008526067212590551,-0.006362821676298322,20,0,0,0.07347987100001774,0.008662656850356143
k3_heterogeneous,1800,96.0,decoded,poisson_gaussian,km_neighbor_degree,same_information_different_model_and_seeding,True,20,0.0012777777777777666,0.0011666666666666548,0.00011111111111111182,6.498862798506852e-05,-2.4911650524629572e-05,0.0002471338727468532,0,17,3,0.05384198520114296,0.008705714501047623
k3_heterogeneous,1800,96.0,initial,poisson_gaussian,km_neighbor_degree,same_information_different_model_and_seeding,True,20,0.0005277777777777714,0.0021666666666666666,-0.0016388888888888952,0.0002777046687416999,-0.0022201314405867643,-0.0010576463371910262,17,3,0,0.05342519605037523,0.008298880900838412
k4_equal_degree,1800,4.0,decoded,poisson_gaussian,km_neighbor_degree,same_information_different_model_and_seeding,True,20,0.7175277777777778,0.7217777777777779,-0.0042499999999999925,0.0038008572183840204,-0.012205285585449203,0.003705285585449217,10,0,10,0.43007029464970403,0.013766773749739513
k4_equal_degree,1800,4.0,initial,poisson_gaussian,km_neighbor_degree,same_information_different_model_and_seeding,True,20,0.7228888888888889,0.7057500000000001,0.017138888888888905,0.00323245878528567,0.010373274896402536,0.023904502881375272,2,1,17,0.42962882599968,0.01333511595003074
k4_equal_degree,1800,6.0,decoded,poisson_gaussian,km_neighbor_degree,same_information_different_model_and_seeding,True,20,0.6881388888888889,0.683111111111111,0.005027777777777786,0.006846321394309357,-0.009301737584721928,0.019357293140277503,7,0,13,0.4708469580011297,0.013519885799541952
k4_equal_degree,1800,6.0,initial,poisson_gaussian,km_neighbor_degree,same_information_different_model_and_seeding,True,20,0.6804722222222221,0.6575277777777778,0.02294444444444444,0.008450453771299543,0.005257441430449088,0.040631447458439794,4,0,16,0.4703079645507387,0.01310883924998052
k4_equal_degree,1800,12.0,decoded,poisson_gaussian,km_neighbor_degree,same_information_different_model_and_seeding,True,20,0.6085277777777778,0.5518611111111111,0.056666666666666664,0.019417734369827494,0.01602488154850676,0.09730845178482657,6,0,14,0.4598325396498694,0.015800531599961688
k4_equal_degree,1800,12.0,initial,poisson_gaussian,km_neighbor_degree,same_information_different_model_and_seeding,True,20,0.5185277777777777,0.5293333333333333,-0.010805555555555551,0.010196053699649382,-0.03214614120896053,0.010535030097849434,10,0,10,0.4593738517996826,0.015349050850272761
k4_equal_degree,1800,24.0,decoded,poisson_gaussian,km_neighbor_degree,same_information_different_model_and_seeding,True,20,0.5285,0.47911111111111104,0.049388888888888885,0.03974661664548106,-0.03380173583144866,0.13257951360922643,5,0,15,0.4743689888495283,0.01559346390022256
k4_equal_degree,1800,24.0,initial,poisson_gaussian,km_neighbor_degree,same_information_different_model_and_seeding,True,20,0.12841666666666668,0.33725000000000005,-0.2088333333333333,0.02438699056140333,-0.2598758911929788,-0.15779077547368772,19,0,1,0.47384267405032005,0.015152959599799943
k4_equal_degree,1800,64.0,decoded,poisson_gaussian,km_neighbor_degree,same_information_different_model_and_seeding,True,20,0.45569444444444446,0.4070277777777778,0.048666666666666684,0.023372440077272464,-0.00025241262528137576,0.09758574595861474,2,7,11,0.2882576437496027,0.01351839039925835
k4_equal_degree,1800,64.0,initial,poisson_gaussian,km_neighbor_degree,same_information_different_model_and_seeding,True,20,0.0016944444444444372,0.01880555555555557,-0.017111111111111132,0.010461228271387103,-0.03900671352178059,0.004784491299558324,12,7,1,0.2877821984497132,0.013085177649190882
k4_equal_degree,1800,96.0,decoded,poisson_gaussian,km_neighbor_degree,same_information_different_model_and_seeding,True,20,0.05152777777777777,0.049277777777777775,0.002250000000000002,0.00048276837318144105,0.0012395541822236788,0.0032604458177763252,1,2,17,0.18341456445123186,0.010770120150482398
k4_equal_degree,1800,96.0,initial,poisson_gaussian,km_neighbor_degree,same_information_different_model_and_seeding,True,20,5.555555555555314e-05,0.022361111111111102,-0.02230555555555555,0.00206272457772742,-0.02662288771435826,-0.01798822339675284,20,0,0,0.1829657544996735,0.01035197870041884
k4_hierarchical,1800,4.0,decoded,poisson_gaussian,km_neighbor_degree,same_information_different_model_and_seeding,True,20,0.6996111111111112,0.6992222222222222,0.0003888888888888942,0.00995450175865964,-0.020446122741635545,0.021223900519413332,10,0,10,0.5035659905995999,0.01355897345019912
k4_hierarchical,1800,4.0,initial,poisson_gaussian,km_neighbor_degree,same_information_different_model_and_seeding,True,20,0.5759444444444444,0.6132777777777778,-0.03733333333333333,0.006015412303839631,-0.04992373598245338,-0.02474293068421328,18,1,1,0.5030840220995743,0.013128418050109758
k4_hierarchical,1800,6.0,decoded,poisson_gaussian,km_neighbor_degree,same_information_different_model_and_seeding,True,20,0.7091944444444446,0.6570833333333334,0.05211111111111113,0.012676537653775551,0.025578812875146236,0.07864340934707602,4,0,16,0.6062454637012706,0.013397324149991618
k4_hierarchical,1800,6.0,initial,poisson_gaussian,km_neighbor_degree,same_information_different_model_and_seeding,True,20,0.502,0.5554166666666667,-0.05341666666666667,0.009249648764910159,-0.07277640402645173,-0.0340569293068816,18,1,1,0.6057338585003891,0.012953762350298348
k4_hierarchical,1800,12.0,decoded,poisson_gaussian,km_neighbor_degree,same_information_different_model_and_seeding,True,20,0.7037777777777777,0.6676111111111113,0.036166666666666666,0.015313058678195915,0.004116066506636713,0.06821726682669663,7,0,13,0.47378820910089414,0.012420804050998413
k4_hierarchical,1800,12.0,initial,poisson_gaussian,km_neighbor_degree,same_information_different_model_and_seeding,True,20,0.4095,0.4456666666666667,-0.036166666666666666,0.0062395982318468836,-0.049226295855765746,-0.023107037477567587,17,0,3,0.4732760446499015,0.011683465750684264
k4_hierarchical,1800,24.0,decoded,poisson_gaussian,km_neighbor_degree,same_information_different_model_and_seeding,True,20,0.5905555555555555,0.6526388888888889,-0.062083333333333345,0.021625912901815425,-0.10734688923537203,-0.016819777431294668,15,0,5,0.3599205898004584,0.011968804650314269
k4_hierarchical,1800,24.0,initial,poisson_gaussian,km_neighbor_degree,same_information_different_model_and_seeding,True,20,0.28594444444444445,0.272,0.013944444444444449,0.006517320851785659,0.000303535131360215,0.027585353757528682,6,1,13,0.35945659119970513,0.01154272094972839
k4_hierarchical,1800,64.0,decoded,poisson_gaussian,km_neighbor_degree,same_information_different_model_and_seeding,True,20,0.5885,0.6435833333333333,-0.05508333333333335,0.02604524712228354,-0.10959666206328159,-0.0005700046033851186,14,0,6,0.21107564135090798,0.010821202198712854
k4_hierarchical,1800,64.0,initial,poisson_gaussian,km_neighbor_degree,same_information_different_model_and_seeding,True,20,0.05622222222222223,0.07444444444444445,-0.018222222222222213,0.0012168942883019394,-0.02076921123931025,-0.015675233205134174,20,0,0,0.21061950490002346,0.01040662914965651
k4_hierarchical,1800,96.0,decoded,poisson_gaussian,km_neighbor_degree,same_information_different_model_and_seeding,True,20,0.5638888888888889,0.5671666666666666,-0.003277777777777785,0.02374668336337169,-0.052980157269732334,0.04642460171417677,12,0,8,0.15757642964963453,0.010453911251897808
k4_hierarchical,1800,96.0,initial,poisson_gaussian,km_neighbor_degree,same_information_different_model_and_seeding,True,20,0.021972222222222226,0.03130555555555556,-0.009333333333333332,0.0007904152929205355,-0.010987691554388203,-0.007678975112278462,20,0,0,0.1570968232499581,0.010024121101014315
k2_symmetric,1800,4.0,decoded,gmm_full_spec,km_classic_U,different_geometry_same_spectral_information,True,20,0.45397222222222233,0.3995833333333333,0.054388888888888896,0.016231947537424456,0.0204150322431658,0.08836274553461199,5,0,15,0.1027135721007653,0.0105815596980392
k2_symmetric,1800,4.0,initial,gmm_full_spec,km_classic_U,different_geometry_same_spectral_information,True,20,0.473,0.4009444444444445,0.07205555555555554,0.013447011740767366,0.043910636522218494,0.10020047458889259,3,0,17,0.10230932360027509,0.010143417599101668
k2_symmetric,1800,6.0,decoded,gmm_full_spec,km_classic_U,different_geometry_same_spectral_information,True,20,0.2831388888888889,0.1509722222222222,0.13216666666666665,0.031394022247531336,0.06645822293795398,0.19787511039537933,5,0,15,0.09929513615061296,0.010079986098935479
k2_symmetric,1800,6.0,initial,gmm_full_spec,km_classic_U,different_geometry_same_spectral_information,True,20,0.3274722222222222,0.15552777777777776,0.17194444444444446,0.031842527478284886,0.10529726847923665,0.23859162040965226,0,0,20,0.0988936787503917,0.00967705454932002
k2_symmetric,1800,12.0,decoded,gmm_full_spec,km_classic_U,different_geometry_same_spectral_information,True,20,0.028361111111111115,0.028305555555555556,5.555555555555869e-05,0.00020903876668672597,-0.00038196761142360503,0.0004930787225347225,7,7,6,0.09259518849976303,0.008913441900222096
k2_symmetric,1800,12.0,initial,gmm_full_spec,km_classic_U,different_geometry_same_spectral_information,True,20,0.02950000000000001,0.02819444444444445,0.0013055555555555598,0.0006035887368257243,4.222981040939277e-05,0.002568881300701727,6,1,13,0.09218123284990724,0.00850502730027074
k2_symmetric,1800,24.0,decoded,gmm_full_spec,km_classic_U,different_geometry_same_spectral_information,True,20,0.0012777777777777722,0.0012499999999999844,2.7777777777787672e-05,7.513254478087784e-05,-0.00012947644571749907,0.0001850320012730744,2,16,2,0.05122241305070929,0.008188900250388542
k2_symmetric,1800,24.0,initial,gmm_full_spec,km_classic_U,different_geometry_same_spectral_information,True,20,0.0013611111111111018,0.0012499999999999844,0.00011111111111111738,9.537723058655052e-05,-8.851572674938076e-05,0.00031073794897161554,3,11,6,0.05080530584964436,0.007797033700990141
k2_symmetric,1800,64.0,decoded,gmm_full_spec,km_classic_U,different_geometry_same_spectral_information,True,20,0.0,0.0,0.0,0.0,0.0,0.0,0,20,0,0.03273934439966979,0.007602432300336659
k2_symmetric,1800,64.0,initial,gmm_full_spec,km_classic_U,different_geometry_same_spectral_information,True,20,0.0,0.0,0.0,0.0,0.0,0.0,0,20,0,0.03236262219943455,0.007219964950127178
k2_symmetric,1800,96.0,decoded,gmm_full_spec,km_classic_U,different_geometry_same_spectral_information,True,20,0.0,0.0,0.0,0.0,0.0,0.0,0,20,0,0.03244857134995982,0.007844016300077783
k2_symmetric,1800,96.0,initial,gmm_full_spec,km_classic_U,different_geometry_same_spectral_information,True,20,0.0,0.0,0.0,0.0,0.0,0.0,0,20,0,0.03204518820057274,0.007456125350654474
k3_disassortative,1800,4.0,decoded,gmm_full_spec,km_classic_U,different_geometry_same_spectral_information,True,20,0.5458055555555557,0.5392222222222223,0.006583333333333346,0.012998680082440674,-0.02062321675477316,0.033789883421439855,11,0,9,0.33856382990161366,0.012171996799588669
k3_disassortative,1800,4.0,initial,gmm_full_spec,km_classic_U,different_geometry_same_spectral_information,True,20,0.5790555555555554,0.5489166666666667,0.030138888888888892,0.010387854891158527,0.008396858727991091,0.05188091904978669,5,0,15,0.3379806572011148,0.011680635049560805
k3_disassortative,1800,6.0,decoded,gmm_full_spec,km_classic_U,different_geometry_same_spectral_information,True,20,0.5367222222222223,0.4703611111111111,0.06636111111111112,0.01038250538784618,0.044630277589325196,0.08809194463289705,1,0,19,0.26706674144916176,0.011820645950501784
k3_disassortative,1800,6.0,initial,gmm_full_spec,km_classic_U,different_geometry_same_spectral_information,True,20,0.5510277777777778,0.44497222222222216,0.10605555555555557,0.009090718513567422,0.08702846303480401,0.12508264807630712,0,0,20,0.26660765714914303,0.011382721350673818
k3_disassortative,1800,12.0,decoded,gmm_full_spec,km_classic_U,different_geometry_same_spectral_information,True,20,0.5232499999999999,0.37569444444444444,0.14755555555555555,0.024487216699257856,0.09630322197850003,0.19880788913261108,2,0,18,0.22087882230080141,0.012262733300667605
k3_disassortative,1800,12.0,initial,gmm_full_spec,km_classic_U,different_geometry_same_spectral_information,True,20,0.28494444444444444,0.38225,-0.09730555555555555,0.014572546832403251,-0.12780624660976717,-0.06680486450134393,17,0,3,0.22042519899987384,0.011808231650138622
k3_disassortative,1800,24.0,decoded,gmm_full_spec,km_classic_U,different_geometry_same_spectral_information,True,20,0.4910555555555556,0.32555555555555554,0.16549999999999998,0.018815945327580547,0.12611777382294226,0.2048822261770577,0,0,20,0.25129899555067825,0.011900274048457504
k3_disassortative,1800,24.0,initial,gmm_full_spec,km_classic_U,different_geometry_same_spectral_information,True,20,0.09519444444444443,0.3424722222222222,-0.2472777777777778,0.0040748958058409316,-0.25580663271861037,-0.23874892283694518,20,0,0,0.2508522515505319,0.011452252549133846
k3_disassortative,1800,64.0,decoded,gmm_full_spec,km_classic_U,different_geometry_same_spectral_information,True,20,0.4634722222222223,0.3060833333333334,0.15738888888888888,0.024265664005805092,0.10660027042854894,0.20817750734922882,0,0,20,0.12327048809893312,0.011616393449730821
k3_disassortative,1800,64.0,initial,gmm_full_spec,km_classic_U,different_geometry_same_spectral_information,True,20,0.00899999999999999,0.3291388888888888,-0.32013888888888886,0.0034651975725813996,-0.327391630761579,-0.3128861470161987,20,0,0,0.122820488949219,0.011165210000399384
k3_disassortative,1800,96.0,decoded,gmm_full_spec,km_classic_U,different_geometry_same_spectral_information,True,20,0.38466666666666666,0.2862777777777778,0.09838888888888889,0.022970830020677447,0.050310389105886484,0.1464673886718913,2,0,18,0.0704754773505556,0.01118825750054384
k3_disassortative,1800,96.0,initial,gmm_full_spec,km_classic_U,different_geometry_same_spectral_information,True,20,0.0013333333333333253,0.3166388888888889,-0.3153055555555556,0.0039499128143625694,-0.3235728180888321,-0.30703829302227914,20,0,0,0.07004553900042083,0.010734035250425222
k3_equal_degree,1800,4.0,decoded,gmm_full_spec,km_classic_U,different_geometry_same_spectral_information,True,20,0.6043333333333334,0.5646666666666668,0.0396666666666667,0.007553405266772503,0.023857207750617438,0.05547612558271596,3,0,17,0.30166635535133535,0.01151986314835085
k3_equal_degree,1800,4.0,initial,gmm_full_spec,km_classic_U,different_geometry_same_spectral_information,True,20,0.6385833333333334,0.5723888888888891,0.06619444444444443,0.007559411103473545,0.05037241516771304,0.08201647372117582,0,0,20,0.30118122110070544,0.011050391399112413
k3_equal_degree,1800,6.0,decoded,gmm_full_spec,km_classic_U,different_geometry_same_spectral_information,True,20,0.561111111111111,0.4298333333333333,0.13127777777777777,0.01696047559161291,0.09577909439032696,0.1667764611652286,2,0,18,0.26079445479736024,0.011719133099904865
k3_equal_degree,1800,6.0,initial,gmm_full_spec,km_classic_U,different_geometry_same_spectral_information,True,20,0.5658333333333334,0.45044444444444454,0.1153888888888889,0.01707088287802414,0.07965912039519744,0.15111865738258035,2,0,18,0.26034638674900634,0.01128575215007004
k3_equal_degree,1800,12.0,decoded,gmm_full_spec,km_classic_U,different_geometry_same_spectral_information,True,20,0.3684722222222222,0.16099999999999998,0.20747222222222222,0.02485606633124573,0.15544787749295644,0.25949656695148804,0,0,20,0.22065769159817136,0.010631565300354851
k3_equal_degree,1800,12.0,initial,gmm_full_spec,km_classic_U,different_geometry_same_spectral_information,True,20,0.29883333333333334,0.18680555555555553,0.11202777777777777,0.012948721465432168,0.08492579227679503,0.1391297632787605,1,0,19,0.22021135014947504,0.010177851199841825
k3_equal_degree,1800,24.0,decoded,gmm_full_spec,km_classic_U,different_geometry_same_spectral_information,True,20,0.023777777777777766,0.024416666666666677,-0.000638888888888911,0.0003995509988096266,-0.001475158740360325,0.000197380962582503,10,4,6,0.1238895329501247,0.009177903700401658
k3_equal_degree,1800,24.0,initial,gmm_full_spec,km_classic_U,different_geometry_same_spectral_information,True,20,0.026555555555555548,0.03458333333333333,-0.008027777777777778,0.0013087865953533965,-0.01076709960393959,-0.005288455951615966,18,0,2,0.12344170174983446,0.00874280309981259
k3_equal_degree,1800,64.0,decoded,gmm_full_spec,km_classic_U,different_geometry_same_spectral_information,True,20,0.0002222222222222181,0.0002499999999999947,-2.777777777777657e-05,2.777777777777657e-05,-8.59173348446715e-05,3.036177928911837e-05,1,19,0,0.05321638574969256,0.008398361049694358
k3_equal_degree,1800,64.0,initial,gmm_full_spec,km_classic_U,different_geometry_same_spectral_information,True,20,0.0002777777777777712,0.0007499999999999784,-0.0004722222222222072,0.000129193781345701,-0.0007426279142587269,-0.00020181653018568757,11,8,1,0.05278964625031222,0.007930114550254075
k3_equal_degree,1800,96.0,decoded,gmm_full_spec,km_classic_U,different_geometry_same_spectral_information,True,20,0.0,0.0,0.0,0.0,0.0,0.0,0,20,0,0.042029200949764346,0.00841552214915282
k3_equal_degree,1800,96.0,initial,gmm_full_spec,km_classic_U,different_geometry_same_spectral_information,True,20,0.0,0.0,0.0,0.0,0.0,0.0,0,20,0,0.04158445429966377,0.007977671049593483
k3_heterogeneous,1800,4.0,decoded,gmm_full_spec,km_classic_U,different_geometry_same_spectral_information,True,20,0.5755,0.5699166666666666,0.0055833333333333455,0.009188435519904559,-0.013648283232206609,0.0248149498988733,9,0,11,0.2604664973499894,0.011051307350862771
k3_heterogeneous,1800,4.0,initial,gmm_full_spec,km_classic_U,different_geometry_same_spectral_information,True,20,0.4184166666666666,0.5738888888888888,-0.15547222222222223,0.005179568717447951,-0.16631318413930157,-0.1446312603051429,20,0,0,0.2600134698997863,0.010609669399855193
k3_heterogeneous,1800,6.0,decoded,gmm_full_spec,km_classic_U,different_geometry_same_spectral_information,True,20,0.6085833333333335,0.5446666666666666,0.06391666666666665,0.010027696780868721,0.04292845609399565,0.08490487723933765,2,0,18,0.3227923442987958,0.012161401548291905
k3_heterogeneous,1800,6.0,initial,gmm_full_spec,km_classic_U,different_geometry_same_spectral_information,True,20,0.35513888888888895,0.5678333333333334,-0.21269444444444446,0.0073919853468754305,-0.2281660475852885,-0.19722284130360043,20,0,0,0.32229484380040957,0.01169877359898237
k3_heterogeneous,1800,12.0,decoded,gmm_full_spec,km_classic_U,different_geometry_same_spectral_information,True,20,0.5811388888888888,0.4960833333333333,0.08505555555555558,0.018169205967352574,0.047026970416387655,0.12308414069472351,3,0,17,0.17831612865193164,0.01090084519928496
k3_heterogeneous,1800,12.0,initial,gmm_full_spec,km_classic_U,different_geometry_same_spectral_information,True,20,0.23705555555555557,0.51,-0.27294444444444443,0.018923089952048878,-0.3125509268978149,-0.23333796199107396,20,0,0,0.17784957235053298,0.010432607249458669
k3_heterogeneous,1800,24.0,decoded,gmm_full_spec,km_classic_U,different_geometry_same_spectral_information,True,20,0.5362777777777777,0.4921388888888889,0.044138888888888894,0.029575221961315505,-0.017762762090609334,0.10604053986838713,5,0,15,0.21890568185117446,0.009842620150084257
k3_heterogeneous,1800,24.0,initial,gmm_full_spec,km_classic_U,different_geometry_same_spectral_information,True,20,0.13822222222222222,0.4948055555555556,-0.3565833333333333,0.019589818925224062,-0.3975852955653304,-0.3155813711013362,20,0,0,0.21847784980091092,0.009394865050489897
k3_heterogeneous,1800,64.0,decoded,gmm_full_spec,km_classic_U,different_geometry_same_spectral_information,True,20,0.5490277777777777,0.4919722222222222,0.05705555555555556,0.029923611323165566,-0.005575282738594804,0.11968639384970592,4,0,16,0.16702066709949576,0.009875877549711731
k3_heterogeneous,1800,64.0,initial,gmm_full_spec,km_classic_U,different_geometry_same_spectral_information,True,20,0.05958333333333332,0.4923333333333334,-0.4327500000000001,0.02465303331553583,-0.48434939174354597,-0.3811506082564542,20,0,0,0.16657127204925928,0.009436352250122581
k3_heterogeneous,1800,96.0,decoded,gmm_full_spec,km_classic_U,different_geometry_same_spectral_information,True,20,0.0011944444444444314,0.0014722222222222192,-0.0002777777777777879,8.549819600710004e-05,-0.0004567275586291647,-9.882799692641111e-05,8,12,0,0.041846038001676786,0.008624466899345862
k3_heterogeneous,1800,96.0,initial,gmm_full_spec,km_classic_U,different_geometry_same_spectral_information,True,20,0.0009444444444444311,0.010388888888888882,-0.00944444444444445,0.000623088369582754,-0.010748583390003208,-0.008140305498885692,20,0,0,0.04141542415090953,0.008199112349029748
k4_equal_degree,1800,4.0,decoded,gmm_full_spec,km_classic_U,different_geometry_same_spectral_information,True,20,0.723111111111111,0.7217777777777779,0.0013333333333333253,0.0033451059165955192,-0.0056680538146446505,0.0083347204813113,9,0,11,0.5140759664511279,0.012443150149920257
k4_equal_degree,1800,4.0,initial,gmm_full_spec,km_classic_U,different_geometry_same_spectral_information,True,20,0.7262777777777778,0.7170833333333334,0.009194444444444432,0.002334681801939888,0.004307899273594912,0.014080989615293953,4,0,16,0.5136227871997108,0.012000237150641625
k4_equal_degree,1800,6.0,decoded,gmm_full_spec,km_classic_U,different_geometry_same_spectral_information,True,20,0.6890833333333333,0.6624166666666668,0.026666666666666655,0.0049148037241098135,0.01637986424940928,0.03695346908392403,1,1,18,0.5537080525511555,0.0133485678506986
k4_equal_degree,1800,6.0,initial,gmm_full_spec,km_classic_U,different_geometry_same_spectral_information,True,20,0.7208333333333332,0.6667500000000001,0.05408333333333335,0.0049476261200217765,0.04372783285190893,0.06443883381475778,0,0,20,0.5532435551514936,0.012898680999933276
k4_equal_degree,1800,12.0,decoded,gmm_full_spec,km_classic_U,different_geometry_same_spectral_information,True,20,0.5923333333333334,0.4343888888888888,0.15794444444444444,0.015452041759648148,0.12560294935177918,0.1902859395371097,0,1,19,0.4766617047502223,0.014436318899970501
k4_equal_degree,1800,12.0,initial,gmm_full_spec,km_classic_U,different_geometry_same_spectral_information,True,20,0.5825555555555556,0.4521944444444445,0.1303611111111111,0.010104656621830065,0.10921182174008456,0.15151040048213762,0,0,20,0.4761897079002665,0.013968658149678959
k4_equal_degree,1800,24.0,decoded,gmm_full_spec,km_classic_U,different_geometry_same_spectral_information,True,20,0.5430555555555555,0.4600833333333334,0.08297222222222221,0.03850447589232569,0.0023814279771997154,0.1635630164672447,3,0,17,0.42698282599922094,0.01394476165114611
k4_equal_degree,1800,24.0,initial,gmm_full_spec,km_classic_U,different_geometry_same_spectral_information,True,20,0.19336111111111112,0.10191666666666666,0.09144444444444447,0.023356449145774606,0.042558834556773825,0.1403300543321151,2,0,18,0.426441840148982,0.013444387900017318
k4_equal_degree,1800,64.0,decoded,gmm_full_spec,km_classic_U,different_geometry_same_spectral_information,True,20,0.45552777777777775,0.44722222222222224,0.008305555555555549,0.013499420907850211,-0.019949057125157394,0.036560168236268495,3,8,9,0.16308323994817328,0.011229498149259599
k4_equal_degree,1800,64.0,initial,gmm_full_spec,km_classic_U,different_geometry_same_spectral_information,True,20,0.0017499999999999905,0.008027777777777773,-0.006277777777777782,0.003492333569718569,-0.013587315945216383,0.0010317603896608189,7,8,5,0.16260865694821405,0.010769592149517847
k4_equal_degree,1800,96.0,decoded,gmm_full_spec,km_classic_U,different_geometry_same_spectral_information,True,20,0.05152777777777777,0.049444444444444444,0.002083333333333337,0.0004680760533106947,0.0011036388944615472,0.0030630277722051274,0,4,16,0.08922889044915791,0.009499863849487155
k4_equal_degree,1800,96.0,initial,gmm_full_spec,km_classic_U,different_geometry_same_spectral_information,True,20,2.777777777777657e-05,0.02155555555555556,-0.021527777777777785,0.0019826550513469513,-0.025677522491841093,-0.017378033063714476,18,2,0,0.08877077904980979,0.00904956560007122
k4_hierarchical,1800,4.0,decoded,gmm_full_spec,km_classic_U,different_geometry_same_spectral_information,True,20,0.6900277777777777,0.68075,0.009277777777777763,0.010193075979346359,-0.012056575435405694,0.03061213099096122,9,0,11,0.4230961713514262,0.01217572865098191
k4_hierarchical,1800,4.0,initial,gmm_full_spec,km_classic_U,different_geometry_same_spectral_information,True,20,0.5750277777777776,0.6705555555555553,-0.09552777777777777,0.00423587263253563,-0.10439356108908468,-0.08666199446647085,20,0,0,0.4226244039015,0.01173198409996985
k4_hierarchical,1800,6.0,decoded,gmm_full_spec,km_classic_U,different_geometry_same_spectral_information,True,20,0.6978055555555555,0.6306666666666667,0.06713888888888887,0.00833336013640914,0.049696965669337234,0.08458081210844051,1,0,19,0.5451724664999347,0.013051534149781219
k4_hierarchical,1800,6.0,initial,gmm_full_spec,km_classic_U,different_geometry_same_spectral_information,True,20,0.5233055555555557,0.641361111111111,-0.11805555555555558,0.006058452013981625,-0.13073604135329758,-0.10537506975781358,20,0,0,0.5446861499000079,0.012593119500161265
k4_hierarchical,1800,12.0,decoded,gmm_full_spec,km_classic_U,different_geometry_same_spectral_information,True,20,0.6707500000000002,0.5579722222222222,0.11277777777777778,0.010288874995254164,0.09124291491991064,0.1343126406356449,1,0,19,0.4151383292995888,0.013269242898968515
k4_hierarchical,1800,12.0,initial,gmm_full_spec,km_classic_U,different_geometry_same_spectral_information,True,20,0.4140833333333333,0.5655555555555555,-0.15147222222222223,0.005491335694191607,-0.1629657199209962,-0.13997872452344826,20,0,0,0.414608064499771,0.01278343844896881
k4_hierarchical,1800,24.0,decoded,gmm_full_spec,km_classic_U,different_geometry_same_spectral_information,True,20,0.6067222222222222,0.47405555555555556,0.1326666666666667,0.02354876874534425,0.08337852723096262,0.1819548061023708,3,0,17,0.4132131701990147,0.012133638051818708
k4_hierarchical,1800,24.0,initial,gmm_full_spec,km_classic_U,different_geometry_same_spectral_information,True,20,0.36350000000000005,0.4813888888888889,-0.11788888888888885,0.01109813569859395,-0.14111755386513355,-0.09466022391264414,20,0,0,0.41271217399917076,0.011662302850891138
k4_hierarchical,1800,64.0,decoded,gmm_full_spec,km_classic_U,different_geometry_same_spectral_information,True,20,0.43261111111111106,0.37702777777777785,0.05558333333333332,0.027624914919353042,-0.0022362780938555635,0.1134029447605222,9,0,11,0.35095248420038844,0.01148275339983229
k4_hierarchical,1800,64.0,initial,gmm_full_spec,km_classic_U,different_geometry_same_spectral_information,True,20,0.2694444444444445,0.38872222222222225,-0.11927777777777777,0.021010884737509065,-0.16325406493778466,-0.07530149061777089,19,0,1,0.35043833359995913,0.011004691449852545
k4_hierarchical,1800,96.0,decoded,gmm_full_spec,km_classic_U,different_geometry_same_spectral_information,True,20,0.3522222222222222,0.36849999999999994,-0.01627777777777778,0.03179018436502552,-0.08281539834785112,0.05025984279229556,13,2,5,0.27429226324893535,0.011706057500850875
k4_hierarchical,1800,96.0,initial,gmm_full_spec,km_classic_U,different_geometry_same_spectral_information,True,20,0.20822222222222217,0.37494444444444447,-0.1667222222222222,0.02652799286523746,-0.22224594940433617,-0.1111984950401082,20,0,0,0.27379069999951755,0.011207043950344086
k2_symmetric,1800,4.0,decoded,poisson_gaussian,km_classic_U,different_geometry_degree_augmented,True,20,0.42894444444444446,0.3995833333333333,0.029361111111111116,0.013396128626705398,0.0013226916594689733,0.05739953056275326,7,0,13,0.14970102534971375,0.0105815596980392
k2_symmetric,1800,4.0,initial,poisson_gaussian,km_classic_U,different_geometry_degree_augmented,True,20,0.4604722222222223,0.4009444444444445,0.059527777777777756,0.013691063364449916,0.030872052825555732,0.08818350272999978,5,0,15,0.14930806319935072,0.010143417599101668
k2_symmetric,1800,6.0,decoded,poisson_gaussian,km_classic_U,different_geometry_degree_augmented,True,20,0.18733333333333332,0.1509722222222222,0.03636111111111112,0.02259908782020622,-0.010939323304266328,0.08366154552648858,8,1,11,0.1588289943014388,0.010079986098935479
k2_symmetric,1800,6.0,initial,poisson_gaussian,km_classic_U,different_geometry_degree_augmented,True,20,0.20669444444444443,0.15552777777777776,0.05116666666666665,0.026804071558473374,-0.0049348998612997255,0.10726823319463302,6,0,14,0.15841099345088877,0.00967705454932002
k2_symmetric,1800,12.0,decoded,poisson_gaussian,km_classic_U,different_geometry_degree_augmented,True,20,0.028444444444444446,0.028305555555555556,0.0001388888888888884,0.00013291234708557724,-0.00013929985068909082,0.0004170776284668676,3,12,5,0.14882313500056626,0.008913441900222096
k2_symmetric,1800,12.0,initial,poisson_gaussian,km_classic_U,different_geometry_degree_augmented,True,20,0.02922222222222224,0.02819444444444445,0.0010277777777777885,0.0005070570851386875,-3.35048983756464e-05,0.0020890604539312236,7,1,12,0.1484205983004358,0.00850502730027074
k2_symmetric,1800,24.0,decoded,poisson_gaussian,km_classic_U,different_geometry_degree_augmented,True,20,0.0012777777777777666,0.0012499999999999844,2.777777777778212e-05,6.340715918772574e-05,-0.00010493493162382467,0.0001604904871793889,1,18,1,0.10661358645229484,0.008188900250388542
k2_symmetric,1800,24.0,initial,poisson_gaussian,km_classic_U,different_geometry_degree_augmented,True,20,0.0014166666666666494,0.0012499999999999844,0.00016666666666666495,7.096293040650136e-05,1.813954635455483e-05,0.0003151937869787751,0,15,5,0.1062290125515574,0.007797033700990141
k2_symmetric,1800,64.0,decoded,poisson_gaussian,km_classic_U,different_geometry_degree_augmented,True,20,0.0,0.0,0.0,0.0,0.0,0.0,0,20,0,0.08715160870233377,0.007602432300336659
k2_symmetric,1800,64.0,initial,poisson_gaussian,km_classic_U,different_geometry_degree_augmented,True,20,0.0,0.0,0.0,0.0,0.0,0.0,0,20,0,0.08677918495086487,0.007219964950127178
k2_symmetric,1800,96.0,decoded,poisson_gaussian,km_classic_U,different_geometry_degree_augmented,True,20,0.0,0.0,0.0,0.0,0.0,0.0,0,20,0,0.07424661644909065,0.007844016300077783
k2_symmetric,1800,96.0,initial,poisson_gaussian,km_classic_U,different_geometry_degree_augmented,True,20,0.0,0.0,0.0,0.0,0.0,0.0,0,20,0,0.07386723389899999,0.007456125350654474
k3_disassortative,1800,4.0,decoded,poisson_gaussian,km_classic_U,different_geometry_degree_augmented,True,20,0.5322222222222222,0.5392222222222223,-0.0069999999999999785,0.0130288329227692,-0.03426966070822282,0.020269660708222868,11,0,9,0.316013855899655,0.012171996799588669
k3_disassortative,1800,4.0,initial,poisson_gaussian,km_classic_U,different_geometry_degree_augmented,True,20,0.5970000000000001,0.5489166666666667,0.048083333333333325,0.01064470471485878,0.025803710313060363,0.07036295635360629,3,0,17,0.31555351414972393,0.011680635049560805
k3_disassortative,1800,6.0,decoded,poisson_gaussian,km_classic_U,different_geometry_degree_augmented,True,20,0.5507222222222222,0.4703611111111111,0.08036111111111113,0.014580960542137951,0.04984280996003799,0.11087941226218428,2,0,18,0.2876567179511767,0.011820645950501784
k3_disassortative,1800,6.0,initial,poisson_gaussian,km_classic_U,different_geometry_degree_augmented,True,20,0.4773611111111111,0.44497222222222216,0.03238888888888891,0.01932511840661008,-0.008059048790434759,0.07283682656821258,9,0,11,0.2871977023012732,0.011382721350673818
k3_disassortative,1800,12.0,decoded,poisson_gaussian,km_classic_U,different_geometry_degree_augmented,True,20,0.5153333333333333,0.37569444444444444,0.13963888888888887,0.019510800519381116,0.09880231408106208,0.18047546369671566,0,0,20,0.3112935455490515,0.012262733300667605
k3_disassortative,1800,12.0,initial,poisson_gaussian,km_classic_U,different_geometry_degree_augmented,True,20,0.22549999999999998,0.38225,-0.15675,0.008156035467977427,-0.17382077842308408,-0.13967922157691592,20,0,0,0.3108498221001355,0.011808231650138622
k3_disassortative,1800,24.0,decoded,poisson_gaussian,km_classic_U,different_geometry_degree_augmented,True,20,0.49811111111111106,0.32555555555555554,0.17255555555555552,0.015360800468502234,0.14040503068001392,0.20470608043109711,0,0,20,0.15948478440041072,0.011900274048457504
k3_disassortative,1800,24.0,initial,poisson_gaussian,km_classic_U,different_geometry_degree_augmented,True,20,0.06530555555555553,0.3424722222222222,-0.2771666666666667,0.00461406936741911,-0.2868240248413834,-0.2675093084919499,20,0,0,0.15905364445061423,0.011452252549133846
k3_disassortative,1800,64.0,decoded,poisson_gaussian,km_classic_U,different_geometry_degree_augmented,True,20,0.4571666666666667,0.3060833333333334,0.1510833333333333,0.023315451063288486,0.10228353341849071,0.19988313324817586,0,0,20,0.08503310055020848,0.011616393449730821
k3_disassortative,1800,64.0,initial,poisson_gaussian,km_classic_U,different_geometry_degree_augmented,True,20,0.0044444444444444505,0.3291388888888888,-0.3246944444444444,0.0036018718961944147,-0.3322332489640766,-0.3171556399248122,20,0,0,0.08460569549970387,0.011165210000399384
k3_disassortative,1800,96.0,decoded,poisson_gaussian,km_classic_U,different_geometry_degree_augmented,True,20,0.3838055555555555,0.2862777777777778,0.09752777777777774,0.02293666857037465,0.049520778731992565,0.14553477682356292,2,0,18,0.07345775730027526,0.01118825750054384
k3_disassortative,1800,96.0,initial,poisson_gaussian,km_classic_U,different_geometry_degree_augmented,True,20,0.0006666666666666488,0.3166388888888889,-0.31597222222222227,0.003936606783698455,-0.32421163491325006,-0.3077328095311945,20,0,0,0.0730349503493926,0.010734035250425222
k3_equal_degree,1800,4.0,decoded,poisson_gaussian,km_classic_U,different_geometry_degree_augmented,True,20,0.5904444444444445,0.5646666666666668,0.02577777777777781,0.011126918580137934,0.0024888695381063697,0.04906668601744925,6,0,14,0.3140316051983973,0.01151986314835085
k3_equal_degree,1800,4.0,initial,poisson_gaussian,km_classic_U,different_geometry_degree_augmented,True,20,0.6238888888888887,0.5723888888888891,0.05149999999999999,0.008978902786903319,0.032706940484817544,0.07029305951518244,3,0,17,0.31359280349824986,0.011050391399112413
k3_equal_degree,1800,6.0,decoded,poisson_gaussian,km_classic_U,different_geometry_degree_augmented,True,20,0.5305555555555556,0.4298333333333333,0.1007222222222222,0.018056572171109894,0.06292938232792952,0.13851506211651488,1,0,19,0.2910041255505348,0.011719133099904865
k3_equal_degree,1800,6.0,initial,poisson_gaussian,km_classic_U,different_geometry_degree_augmented,True,20,0.4487222222222223,0.45044444444444454,-0.001722222222222214,0.006734414538865761,-0.015817513844425292,0.012373069399980863,9,0,11,0.2905762528502237,0.01128575215007004
k3_equal_degree,1800,12.0,decoded,poisson_gaussian,km_classic_U,different_geometry_degree_augmented,True,20,0.2200277777777778,0.16099999999999998,0.059027777777777804,0.02370149110576753,0.009419986768061786,0.10863556878749382,8,0,12,0.3165038145994913,0.010631565300354851
k3_equal_degree,1800,12.0,initial,poisson_gaussian,km_classic_U,different_geometry_degree_augmented,True,20,0.20869444444444443,0.18680555555555553,0.021888888888888874,0.014878782465017946,-0.009252760710702239,0.05303053848847999,11,0,9,0.316070897699683,0.010177851199841825
k3_equal_degree,1800,24.0,decoded,poisson_gaussian,km_classic_U,different_geometry_degree_augmented,True,20,0.02361111111111111,0.024416666666666677,-0.0008055555555555649,0.0003082022533659632,-0.0014506302854733698,-0.00016048082563775983,12,4,4,0.22476441660001,0.009177903700401658
k3_equal_degree,1800,24.0,initial,poisson_gaussian,km_classic_U,different_geometry_degree_augmented,True,20,0.02425,0.03458333333333333,-0.010333333333333328,0.0009024909575862875,-0.012222268616447417,-0.008444398050219239,20,0,0,0.2243386935988383,0.00874280309981259
k3_equal_degree,1800,64.0,decoded,poisson_gaussian,km_classic_U,different_geometry_degree_augmented,True,20,0.0002222222222222181,0.0002499999999999947,-2.777777777777657e-05,2.777777777777657e-05,-8.59173348446715e-05,3.036177928911837e-05,1,19,0,0.13008025069793802,0.008398361049694358
k3_equal_degree,1800,64.0,initial,poisson_gaussian,km_classic_U,different_geometry_degree_augmented,True,20,0.0002499999999999947,0.0007499999999999784,-0.0004999999999999837,0.00013306503219862547,-0.000778508313192323,-0.00022149168680764454,11,8,1,0.12963794484858226,0.007930114550254075
k3_equal_degree,1800,96.0,decoded,poisson_gaussian,km_classic_U,different_geometry_degree_augmented,True,20,0.0,0.0,0.0,0.0,0.0,0.0,0,20,0,0.11556533770090027,0.00841552214915282
k3_equal_degree,1800,96.0,initial,poisson_gaussian,km_classic_U,different_geometry_degree_augmented,True,20,0.0,0.0,0.0,0.0,0.0,0.0,0,20,0,0.11512665930022195,0.007977671049593483
k3_heterogeneous,1800,4.0,decoded,poisson_gaussian,km_classic_U,different_geometry_degree_augmented,True,20,0.5749444444444445,0.5699166666666666,0.005027777777777765,0.011056846658278816,-0.01811446824390392,0.028170023799459452,10,1,9,0.39731487869903503,0.011051307350862771
k3_heterogeneous,1800,4.0,initial,poisson_gaussian,km_classic_U,different_geometry_degree_augmented,True,20,0.42030555555555554,0.5738888888888888,-0.15358333333333335,0.006625907933666079,-0.1674515180207913,-0.1397151486458754,20,0,0,0.3968833570987044,0.010609669399855193
k3_heterogeneous,1800,6.0,decoded,poisson_gaussian,km_classic_U,different_geometry_degree_augmented,True,20,0.597111111111111,0.5446666666666666,0.052444444444444446,0.010499110392711213,0.030469553842611612,0.07441933504627728,4,0,16,0.3304463131498778,0.012161401548291905
k3_heterogeneous,1800,6.0,initial,poisson_gaussian,km_classic_U,different_geometry_degree_augmented,True,20,0.3458333333333333,0.5678333333333334,-0.22200000000000003,0.006747006170717966,-0.23612164621055404,-0.20787835378944602,20,0,0,0.3299862616993778,0.01169877359898237
k3_heterogeneous,1800,12.0,decoded,poisson_gaussian,km_classic_U,different_geometry_degree_augmented,True,20,0.6057777777777777,0.4960833333333333,0.10969444444444447,0.008370140449066667,0.09217553914577198,0.12721334974311696,0,0,20,0.3333116912002879,0.01090084519928496
k3_heterogeneous,1800,12.0,initial,poisson_gaussian,km_classic_U,different_geometry_degree_augmented,True,20,0.18750000000000003,0.51,-0.32249999999999995,0.0028472311367710927,-0.32845932325772215,-0.31654067674227776,20,0,0,0.3328381753497524,0.010432607249458669
k3_heterogeneous,1800,24.0,decoded,poisson_gaussian,km_classic_U,different_geometry_degree_augmented,True,20,0.5694722222222223,0.4921388888888889,0.07733333333333334,0.01983155183900341,0.035825418298053864,0.11884124836861282,4,0,16,0.15373577474965713,0.009842620150084257
k3_heterogeneous,1800,24.0,initial,poisson_gaussian,km_classic_U,different_geometry_degree_augmented,True,20,0.07519444444444448,0.4948055555555556,-0.41961111111111105,0.0022491424977774586,-0.42431862046075125,-0.41490360176147084,20,0,0,0.153305278499829,0.009394865050489897
k3_heterogeneous,1800,64.0,decoded,poisson_gaussian,km_classic_U,different_geometry_degree_augmented,True,20,0.5816388888888889,0.4919722222222222,0.08966666666666669,0.029623405169783425,0.027664167072826526,0.15166916626050686,1,0,19,0.07391554030109546,0.009875877549711731
k3_heterogeneous,1800,64.0,initial,poisson_gaussian,km_classic_U,different_geometry_degree_augmented,True,20,0.006777777777777788,0.4923333333333334,-0.4855555555555555,0.001357241785076591,-0.4883962952593689,-0.48271481585174214,20,0,0,0.07347987100001774,0.009436352250122581
k3_heterogeneous,1800,96.0,decoded,poisson_gaussian,km_classic_U,different_geometry_degree_augmented,True,20,0.0012777777777777666,0.0014722222222222192,-0.00019444444444445265,9.25682229139019e-05,-0.00038819196167707974,-6.969272118255833e-07,6,13,1,0.05384198520114296,0.008624466899345862
k3_heterogeneous,1800,96.0,initial,poisson_gaussian,km_classic_U,different_geometry_degree_augmented,True,20,0.0005277777777777714,0.010388888888888882,-0.009861111111111109,0.0006909267631759351,-0.011307237446272813,-0.008414984775949404,20,0,0,0.05342519605037523,0.008199112349029748
k4_equal_degree,1800,4.0,decoded,poisson_gaussian,km_classic_U,different_geometry_degree_augmented,True,20,0.7175277777777778,0.7217777777777779,-0.0042499999999999925,0.004256683580055575,-0.013159341125061185,0.004659341125061201,13,0,7,0.43007029464970403,0.012443150149920257
k4_equal_degree,1800,4.0,initial,poisson_gaussian,km_classic_U,different_geometry_degree_augmented,True,20,0.7228888888888889,0.7170833333333334,0.0058055555555555525,0.0020816172269181037,0.0014486806275452431,0.010162430483565861,5,1,14,0.42962882599968,0.012000237150641625
k4_equal_degree,1800,6.0,decoded,poisson_gaussian,km_classic_U,different_geometry_degree_augmented,True,20,0.6881388888888889,0.6624166666666668,0.02572222222222222,0.007334939129521675,0.010370018186512613,0.041074426257931826,3,1,16,0.4708469580011297,0.0133485678506986
k4_equal_degree,1800,6.0,initial,poisson_gaussian,km_classic_U,different_geometry_degree_augmented,True,20,0.6804722222222221,0.6667500000000001,0.013722222222222224,0.00787894728161109,-0.00276860396160474,0.030213048406049187,7,1,12,0.4703079645507387,0.012898680999933276
k4_equal_degree,1800,12.0,decoded,poisson_gaussian,km_classic_U,different_geometry_degree_augmented,True,20,0.6085277777777778,0.4343888888888888,0.17413888888888887,0.01851357767908548,0.1353895254734062,0.21288825230437153,0,0,20,0.4598325396498694,0.014436318899970501
k4_equal_degree,1800,12.0,initial,poisson_gaussian,km_classic_U,different_geometry_degree_augmented,True,20,0.5185277777777777,0.4521944444444445,0.06633333333333333,0.010629045497462807,0.044086485431743344,0.08858018123492331,3,0,17,0.4593738517996826,0.013968658149678959
k4_equal_degree,1800,24.0,decoded,poisson_gaussian,km_classic_U,different_geometry_degree_augmented,True,20,0.5285,0.4600833333333334,0.06841666666666667,0.040567715772864756,-0.016492538278338617,0.15332587161167194,4,0,16,0.4743689888495283,0.01394476165114611
k4_equal_degree,1800,24.0,initial,poisson_gaussian,km_classic_U,different_geometry_degree_augmented,True,20,0.12841666666666668,0.10191666666666666,0.026500000000000013,0.02824562447785939,-0.03261877146394382,0.08561877146394385,8,0,12,0.47384267405032005,0.013444387900017318
k4_equal_degree,1800,64.0,decoded,poisson_gaussian,km_classic_U,different_geometry_degree_augmented,True,20,0.45569444444444446,0.44722222222222224,0.00847222222222222,0.01039207623807734,-0.013278643319318656,0.030223087763763097,2,10,8,0.2882576437496027,0.011229498149259599
k4_equal_degree,1800,64.0,initial,poisson_gaussian,km_classic_U,different_geometry_degree_augmented,True,20,0.0016944444444444372,0.008027777777777773,-0.006333333333333335,0.0034671951913797304,-0.01359025627021993,0.0009235896035532602,7,10,3,0.2877821984497132,0.010769592149517847
k4_equal_degree,1800,96.0,decoded,poisson_gaussian,km_classic_U,different_geometry_degree_augmented,True,20,0.05152777777777777,0.049444444444444444,0.002083333333333337,0.0004680760533106947,0.0011036388944615472,0.0030630277722051274,0,4,16,0.18341456445123186,0.009499863849487155
k4_equal_degree,1800,96.0,initial,poisson_gaussian,km_classic_U,different_geometry_degree_augmented,True,20,5.555555555555314e-05,0.02155555555555556,-0.02150000000000001,0.0019712438888011318,-0.025625860876366154,-0.017374139123633864,18,2,0,0.1829657544996735,0.00904956560007122
k4_hierarchical,1800,4.0,decoded,poisson_gaussian,km_classic_U,different_geometry_degree_augmented,True,20,0.6996111111111112,0.68075,0.018861111111111106,0.010163100946940349,-0.0024105036382149024,0.04013272586043712,6,0,14,0.5035659905995999,0.01217572865098191
k4_hierarchical,1800,4.0,initial,poisson_gaussian,km_classic_U,different_geometry_degree_augmented,True,20,0.5759444444444444,0.6705555555555553,-0.09461111111111106,0.005522430485441782,-0.10616969095593846,-0.08305253126628366,20,0,0,0.5030840220995743,0.01173198409996985
k4_hierarchical,1800,6.0,decoded,poisson_gaussian,km_classic_U,different_geometry_degree_augmented,True,20,0.7091944444444446,0.6306666666666667,0.07852777777777778,0.005516864539480606,0.06698084759173266,0.0900747079638229,0,0,20,0.6062454637012706,0.013051534149781219
k4_hierarchical,1800,6.0,initial,poisson_gaussian,km_classic_U,different_geometry_degree_augmented,True,20,0.502,0.641361111111111,-0.1393611111111111,0.005952114934183777,-0.15181903084296067,-0.12690319137926154,20,0,0,0.6057338585003891,0.012593119500161265
k4_hierarchical,1800,12.0,decoded,poisson_gaussian,km_classic_U,different_geometry_degree_augmented,True,20,0.7037777777777777,0.5579722222222222,0.14580555555555558,0.007848827010776467,0.12937777182311078,0.16223333928800038,0,0,20,0.47378820910089414,0.013269242898968515
k4_hierarchical,1800,12.0,initial,poisson_gaussian,km_classic_U,different_geometry_degree_augmented,True,20,0.4095,0.5655555555555555,-0.15605555555555556,0.005282761574267035,-0.16711250260420038,-0.14499860850691074,20,0,0,0.4732760446499015,0.01278343844896881
k4_hierarchical,1800,24.0,decoded,poisson_gaussian,km_classic_U,different_geometry_degree_augmented,True,20,0.5905555555555555,0.47405555555555556,0.1165,0.016324315249224862,0.08233281551162801,0.15066718448837202,1,0,19,0.3599205898004584,0.012133638051818708
k4_hierarchical,1800,24.0,initial,poisson_gaussian,km_classic_U,different_geometry_degree_augmented,True,20,0.28594444444444445,0.4813888888888889,-0.1954444444444444,0.007528114944651352,-0.21120097010795036,-0.17968791878093843,20,0,0,0.35945659119970513,0.011662302850891138
k4_hierarchical,1800,64.0,decoded,poisson_gaussian,km_classic_U,different_geometry_degree_augmented,True,20,0.5885,0.37702777777777785,0.21147222222222223,0.024660273755362262,0.1598576760639551,0.2630867683804894,1,0,19,0.21107564135090798,0.01148275339983229
k4_hierarchical,1800,64.0,initial,poisson_gaussian,km_classic_U,different_geometry_degree_augmented,True,20,0.05622222222222223,0.38872222222222225,-0.3325,0.0022875982848678785,-0.3372879982370517,-0.32771200176294835,20,0,0,0.21061950490002346,0.011004691449852545
k4_hierarchical,1800,96.0,decoded,poisson_gaussian,km_classic_U,different_geometry_degree_augmented,True,20,0.5638888888888889,0.36849999999999994,0.19538888888888886,0.0413575689024762,0.10882650234415714,0.2819512754336206,2,0,18,0.15757642964963453,0.011706057500850875
k4_hierarchical,1800,96.0,initial,poisson_gaussian,km_classic_U,different_geometry_degree_augmented,True,20,0.021972222222222226,0.37494444444444447,-0.3529722222222222,0.0016072624933554313,-0.3563362612825634,-0.34960818316188097,20,0,0,0.1570968232499581,0.011207043950344086
k2_symmetric,1800,4.0,decoded,spectral_bernoulli_surrogate,km_classic_U,different_objective_degree_augmented,True,20,0.4730555555555555,0.3995833333333333,0.07347222222222223,0.015768275853491814,0.04046884156431816,0.10647560288012631,3,0,17,0.10228114869823912,0.0105815596980392
k2_symmetric,1800,4.0,initial,spectral_bernoulli_surrogate,km_classic_U,different_objective_degree_augmented,True,20,0.4960555555555556,0.4009444444444445,0.09511111111111108,0.012129271753421806,0.069724253568744,0.12049796865347816,1,0,19,0.10209020299880649,0.010143417599101668
k2_symmetric,1800,6.0,decoded,spectral_bernoulli_surrogate,km_classic_U,different_objective_degree_augmented,True,20,0.4928333333333333,0.1509722222222222,0.3418611111111111,0.00814965955989391,0.3248036776170145,0.3589185446052077,0,0,20,0.10610225829950651,0.010079986098935479
k2_symmetric,1800,6.0,initial,spectral_bernoulli_surrogate,km_classic_U,different_objective_degree_augmented,True,20,0.4967777777777778,0.15552777777777776,0.34125,0.007151234007027169,0.3262822952045894,0.3562177047954106,0,0,20,0.10590250274981372,0.00967705454932002
k2_symmetric,1800,12.0,decoded,spectral_bernoulli_surrogate,km_classic_U,different_objective_degree_augmented,True,20,0.02844444444444444,0.028305555555555556,0.00013888888888888284,8.898934382182772e-05,-4.7367948316214e-05,0.0003251457260939797,2,12,6,0.08148708344924671,0.008913441900222096
k2_symmetric,1800,12.0,initial,spectral_bernoulli_surrogate,km_classic_U,different_objective_degree_augmented,True,20,0.028388888888888873,0.02819444444444445,0.0001944444444444249,0.00017229766315984756,-0.00016617870906747635,0.0005550675979563262,6,5,9,0.08107188389985823,0.00850502730027074
k2_symmetric,1800,24.0,decoded,spectral_bernoulli_surrogate,km_classic_U,different_objective_degree_augmented,True,20,0.0012222222222222079,0.0012499999999999844,-2.777777777777657e-05,2.777777777777657e-05,-8.59173348446715e-05,3.036177928911837e-05,1,19,0,0.05975077740004053,0.008188900250388542
k2_symmetric,1800,24.0,initial,spectral_bernoulli_surrogate,km_classic_U,different_objective_degree_augmented,True,20,0.0012222222222222079,0.0012499999999999844,-2.777777777777657e-05,2.777777777777657e-05,-8.59173348446715e-05,3.036177928911837e-05,1,19,0,0.05936376565041428,0.007797033700990141
k2_symmetric,1800,64.0,decoded,spectral_bernoulli_surrogate,km_classic_U,different_objective_degree_augmented,True,20,0.0,0.0,0.0,0.0,0.0,0.0,0,20,0,0.05143939785011753,0.007602432300336659
k2_symmetric,1800,64.0,initial,spectral_bernoulli_surrogate,km_classic_U,different_objective_degree_augmented,True,20,0.0,0.0,0.0,0.0,0.0,0.0,0,20,0,0.05106028820046049,0.007219964950127178
k2_symmetric,1800,96.0,decoded,spectral_bernoulli_surrogate,km_classic_U,different_objective_degree_augmented,True,20,0.0,0.0,0.0,0.0,0.0,0.0,0,20,0,0.0410104747475998,0.007844016300077783
k2_symmetric,1800,96.0,initial,spectral_bernoulli_surrogate,km_classic_U,different_objective_degree_augmented,True,20,0.0,0.0,0.0,0.0,0.0,0.0,0,20,0,0.040629601798354995,0.007456125350654474
k3_disassortative,1800,4.0,decoded,spectral_bernoulli_surrogate,km_classic_U,different_objective_degree_augmented,True,20,0.5700555555555555,0.5392222222222223,0.03083333333333334,0.012281455351425493,0.005127951859658135,0.05653871480700855,6,0,14,0.21374649990066247,0.012171996799588669
k3_disassortative,1800,4.0,initial,spectral_bernoulli_surrogate,km_classic_U,different_objective_degree_augmented,True,20,0.5770000000000001,0.5489166666666667,0.02808333333333333,0.013154408326281918,0.0005508402849163374,0.055615826381750326,5,0,15,0.21337397935130867,0.011680635049560805
k3_disassortative,1800,6.0,decoded,spectral_bernoulli_surrogate,km_classic_U,different_objective_degree_augmented,True,20,0.5620277777777778,0.4703611111111111,0.09166666666666667,0.017473408740009824,0.055094401861317734,0.12823893147201562,3,0,17,0.23208274409989826,0.011820645950501784
k3_disassortative,1800,6.0,initial,spectral_bernoulli_surrogate,km_classic_U,different_objective_degree_augmented,True,20,0.49372222222222223,0.44497222222222216,0.04875000000000003,0.012386972749309562,0.022823768074394894,0.07467623192560516,2,0,18,0.2316609936500754,0.011382721350673818
k3_disassortative,1800,12.0,decoded,spectral_bernoulli_surrogate,km_classic_U,different_objective_degree_augmented,True,20,0.4778611111111111,0.37569444444444444,0.10216666666666666,0.020868290360259605,0.05848883296826627,0.14584450036506705,0,0,20,0.2926297764006449,0.012262733300667605
k3_disassortative,1800,12.0,initial,spectral_bernoulli_surrogate,km_classic_U,different_objective_degree_augmented,True,20,0.33744444444444444,0.38225,-0.044805555555555564,0.02186107395762836,-0.09056130920407077,0.0009501980929596393,15,0,5,0.2921884145504009,0.011808231650138622
k3_disassortative,1800,24.0,decoded,spectral_bernoulli_surrogate,km_classic_U,different_objective_degree_augmented,True,20,0.5168055555555556,0.32555555555555554,0.19124999999999998,0.018268931496524133,0.15301268692943737,0.22948731307056258,0,0,20,0.1038204875010706,0.011900274048457504
k3_disassortative,1800,24.0,initial,spectral_bernoulli_surrogate,km_classic_U,different_objective_degree_augmented,True,20,0.15219444444444444,0.3424722222222222,-0.1902777777777778,0.035451728430824676,-0.26447909815384474,-0.11607645740171083,16,0,4,0.10336544450037763,0.011452252549133846
k3_disassortative,1800,64.0,decoded,spectral_bernoulli_surrogate,km_classic_U,different_objective_degree_augmented,True,20,0.4628055555555556,0.3060833333333334,0.1567222222222222,0.02496342028201941,0.10447318309165132,0.2089712613527931,0,0,20,0.0530395445493923,0.011616393449730821
k3_disassortative,1800,64.0,initial,spectral_bernoulli_surrogate,km_classic_U,different_objective_degree_augmented,True,20,0.006722222222222213,0.3291388888888888,-0.32241666666666663,0.003517401972220122,-0.32977867360354657,-0.3150546597297867,20,0,0,0.05261207144940272,0.011165210000399384
k3_disassortative,1800,96.0,decoded,spectral_bernoulli_surrogate,km_classic_U,different_objective_degree_augmented,True,20,0.3857777777777777,0.2862777777777778,0.0995,0.023304106591233966,0.0507239443380521,0.1482760556619479,2,0,18,0.03658248614883632,0.01118825750054384
k3_disassortative,1800,96.0,initial,spectral_bernoulli_surrogate,km_classic_U,different_objective_degree_augmented,True,20,0.0011388888888888837,0.3166388888888889,-0.3155,0.00396641603218206,-0.3238018041651478,-0.3071981958348522,20,0,0,0.03616351634846069,0.010734035250425222
k3_equal_degree,1800,4.0,decoded,spectral_bernoulli_surrogate,km_classic_U,different_objective_degree_augmented,True,20,0.620638888888889,0.5646666666666668,0.05597222222222224,0.020847845822496783,0.012337179433140708,0.09960726501130378,5,0,15,0.15080702014820418,0.01151986314835085
k3_equal_degree,1800,4.0,initial,spectral_bernoulli_surrogate,km_classic_U,different_objective_degree_augmented,True,20,0.6317222222222222,0.5723888888888891,0.05933333333333333,0.015384058819342348,0.027134128170017507,0.09153253849664915,4,0,16,0.1505887539493415,0.011050391399112413
k3_equal_degree,1800,6.0,decoded,spectral_bernoulli_surrogate,km_classic_U,different_objective_degree_augmented,True,20,0.578111111111111,0.4298333333333333,0.14827777777777779,0.02208660739273593,0.1020499772245091,0.19450557833104648,3,0,17,0.1642900319006003,0.011719133099904865
k3_equal_degree,1800,6.0,initial,spectral_bernoulli_surrogate,km_classic_U,different_objective_degree_augmented,True,20,0.4793611111111112,0.45044444444444454,0.028916666666666653,0.018854736712328495,-0.010546750811772317,0.06838008414510563,10,0,10,0.16384484765003435,0.01128575215007004
k3_equal_degree,1800,12.0,decoded,spectral_bernoulli_surrogate,km_classic_U,different_objective_degree_augmented,True,20,0.4638888888888889,0.16099999999999998,0.3028888888888889,0.017213381998261234,0.2668608663088092,0.3389169114689686,0,0,20,0.3098918311505258,0.010631565300354851
k3_equal_degree,1800,12.0,initial,spectral_bernoulli_surrogate,km_classic_U,different_objective_degree_augmented,True,20,0.36777777777777776,0.18680555555555553,0.18097222222222223,0.01747647053661448,0.14439354900293006,0.2175508954415144,1,0,19,0.30942584965087006,0.010177851199841825
k3_equal_degree,1800,24.0,decoded,spectral_bernoulli_surrogate,km_classic_U,different_objective_degree_augmented,True,20,0.023555555555555552,0.024416666666666677,-0.0008611111111111236,0.00028349381993073713,-0.001454470495502254,-0.0002677517267199931,13,4,3,0.07466196554923954,0.009177903700401658
k3_equal_degree,1800,24.0,initial,spectral_bernoulli_surrogate,km_classic_U,different_objective_degree_augmented,True,20,0.023111111111111103,0.03458333333333333,-0.011472222222222222,0.0007018899113773544,-0.012941294690281541,-0.010003149754162903,20,0,0,0.07421913024954847,0.00874280309981259
k3_equal_degree,1800,64.0,decoded,spectral_bernoulli_surrogate,km_classic_U,different_objective_degree_augmented,True,20,0.0002222222222222181,0.0002499999999999947,-2.777777777777657e-05,2.777777777777657e-05,-8.59173348446715e-05,3.036177928911837e-05,1,19,0,0.03765760335045343,0.008398361049694358
k3_equal_degree,1800,64.0,initial,spectral_bernoulli_surrogate,km_classic_U,different_objective_degree_augmented,True,20,0.0002222222222222181,0.0007499999999999784,-0.0005277777777777604,0.00012406243581038786,-0.000787443440177389,-0.00026811211537813184,11,9,0,0.03720528039993951,0.007930114550254075
k3_equal_degree,1800,96.0,decoded,spectral_bernoulli_surrogate,km_classic_U,different_objective_degree_augmented,True,20,0.0,0.0,0.0,0.0,0.0,0.0,0,20,0,0.03603539790019568,0.00841552214915282
k3_equal_degree,1800,96.0,initial,spectral_bernoulli_surrogate,km_classic_U,different_objective_degree_augmented,True,20,0.0,0.0,0.0,0.0,0.0,0.0,0,20,0,0.035608173200671445,0.007977671049593483
k3_heterogeneous,1800,4.0,decoded,spectral_bernoulli_surrogate,km_classic_U,different_objective_degree_augmented,True,20,0.5456388888888888,0.5699166666666666,-0.024277777777777787,0.01221358679521125,-0.049841108730758615,0.0012855531752030448,12,0,8,0.18541567074826162,0.011051307350862771
k3_heterogeneous,1800,4.0,initial,spectral_bernoulli_surrogate,km_classic_U,different_objective_degree_augmented,True,20,0.5256666666666666,0.5738888888888888,-0.048222222222222215,0.011363979320242676,-0.07200730429328872,-0.024437140151155713,17,0,3,0.18506400359947292,0.010609669399855193
k3_heterogeneous,1800,6.0,decoded,spectral_bernoulli_surrogate,km_classic_U,different_objective_degree_augmented,True,20,0.5036388888888887,0.5446666666666666,-0.041027777777777795,0.015547056732206193,-0.073568141493536,-0.008487414062019596,15,0,5,0.18780588150075345,0.012161401548291905
k3_heterogeneous,1800,6.0,initial,spectral_bernoulli_surrogate,km_classic_U,different_objective_degree_augmented,True,20,0.4721388888888889,0.5678333333333334,-0.09569444444444447,0.009946484076500629,-0.1165126748733495,-0.07487621401553944,20,0,0,0.1874361277998105,0.01169877359898237
k3_heterogeneous,1800,12.0,decoded,spectral_bernoulli_surrogate,km_classic_U,different_objective_degree_augmented,True,20,0.5583333333333333,0.4960833333333333,0.062250000000000014,0.013781189152752298,0.03340563960493859,0.09109436039506144,2,0,18,0.345952256849705,0.01090084519928496
k3_heterogeneous,1800,12.0,initial,spectral_bernoulli_surrogate,km_classic_U,different_objective_degree_augmented,True,20,0.38669444444444445,0.51,-0.12330555555555558,0.03110822550840856,-0.18841581983461286,-0.05819529127649832,14,0,6,0.3454680639995786,0.010432607249458669
k3_heterogeneous,1800,24.0,decoded,spectral_bernoulli_surrogate,km_classic_U,different_objective_degree_augmented,True,20,0.5564722222222223,0.4921388888888889,0.06433333333333335,0.018080643838410064,0.026490110860351718,0.10217655580631499,4,0,16,0.2025879527500365,0.009842620150084257
k3_heterogeneous,1800,24.0,initial,spectral_bernoulli_surrogate,km_classic_U,different_objective_degree_augmented,True,20,0.1250277777777778,0.4948055555555556,-0.3697777777777778,0.0026845162842329484,-0.3753965349351282,-0.36415902062042743,20,0,0,0.20215779720019783,0.009394865050489897
k3_heterogeneous,1800,64.0,decoded,spectral_bernoulli_surrogate,km_classic_U,different_objective_degree_augmented,True,20,0.5600277777777778,0.4919722222222222,0.06805555555555558,0.029878938646793817,0.005518218247626078,0.13059289286348508,2,0,18,0.07146620709936542,0.009875877549711731
k3_heterogeneous,1800,64.0,initial,spectral_bernoulli_surrogate,km_classic_U,different_objective_degree_augmented,True,20,0.04538888888888888,0.4923333333333334,-0.4469444444444445,0.001727684226797357,-0.4505605290895532,-0.44332835979933577,20,0,0,0.0710186773987516,0.009436352250122581
k3_heterogeneous,1800,96.0,decoded,spectral_bernoulli_surrogate,km_classic_U,different_objective_degree_augmented,True,20,0.00124999999999999,0.0014722222222222192,-0.0002222222222222292,0.00010196254838691953,-0.00043563228864482287,-8.812155799635532e-06,6,13,1,0.0313462348010944,0.008624466899345862
k3_heterogeneous,1800,96.0,initial,spectral_bernoulli_surrogate,km_classic_U,different_objective_degree_augmented,True,20,0.0009444444444444311,0.010388888888888882,-0.00944444444444445,0.0006486352945139129,-0.010802053718400286,-0.008086835170488613,20,0,0,0.03093559660119354,0.008199112349029748
k4_equal_degree,1800,4.0,decoded,spectral_bernoulli_surrogate,km_classic_U,different_objective_degree_augmented,True,20,0.7234166666666667,0.7217777777777779,0.0016388888888888952,0.004323364414093499,-0.007410016825781682,0.010687794603559472,9,0,11,0.18711485949934287,0.012443150149920257
k4_equal_degree,1800,4.0,initial,spectral_bernoulli_surrogate,km_classic_U,different_objective_degree_augmented,True,20,0.72375,0.7170833333333334,0.006666666666666659,0.0045034460850193105,-0.002759154317009684,0.016092487650343004,9,0,11,0.18700334674977057,0.012000237150641625
k4_equal_degree,1800,6.0,decoded,spectral_bernoulli_surrogate,km_classic_U,different_objective_degree_augmented,True,20,0.7081944444444445,0.6624166666666668,0.045777777777777785,0.011230527874293472,0.022272012793178537,0.06928354276237703,3,0,17,0.17215665715120848,0.0133485678506986
k4_equal_degree,1800,6.0,initial,spectral_bernoulli_surrogate,km_classic_U,different_objective_degree_augmented,True,20,0.7186666666666668,0.6667500000000001,0.05191666666666669,0.009200096317686614,0.0326606437708753,0.07117268956245808,4,0,16,0.17203015030099778,0.012898680999933276
k4_equal_degree,1800,12.0,decoded,spectral_bernoulli_surrogate,km_classic_U,different_objective_degree_augmented,True,20,0.5812499999999999,0.4343888888888888,0.14686111111111108,0.018858346264894327,0.10739013875232617,0.186332083469896,2,0,18,0.35309371629882663,0.014436318899970501
k4_equal_degree,1800,12.0,initial,spectral_bernoulli_surrogate,km_classic_U,different_objective_degree_augmented,True,20,0.46691666666666676,0.4521944444444445,0.014722222222222225,0.01670047740093388,-0.02023227869803474,0.049676723142479194,7,0,13,0.35262877464920167,0.013968658149678959
k4_equal_degree,1800,24.0,decoded,spectral_bernoulli_surrogate,km_classic_U,different_objective_degree_augmented,True,20,0.5040555555555556,0.4600833333333334,0.04397222222222222,0.028549748965917263,-0.01578308911076135,0.10372753355520578,4,0,16,0.4334091114003968,0.01394476165114611
k4_equal_degree,1800,24.0,initial,spectral_bernoulli_surrogate,km_classic_U,different_objective_degree_augmented,True,20,0.23119444444444448,0.10191666666666666,0.12927777777777777,0.024530288527260927,0.07793529382864448,0.18062026172691106,3,0,17,0.4327843809500337,0.013444387900017318
k4_equal_degree,1800,64.0,decoded,spectral_bernoulli_surrogate,km_classic_U,different_objective_degree_augmented,True,20,0.45924999999999994,0.44722222222222224,0.012027777777777776,0.008866315910780508,-0.00652963469746894,0.030585190253024492,2,13,5,0.07321255839960941,0.011229498149259599
k4_equal_degree,1800,64.0,initial,spectral_bernoulli_surrogate,km_classic_U,different_objective_degree_augmented,True,20,0.00183333333333332,0.008027777777777773,-0.006194444444444452,0.003457547939188536,-0.013431175450435935,0.0010422865615470301,5,11,4,0.07276293099930627,0.010769592149517847
k4_equal_degree,1800,96.0,decoded,spectral_bernoulli_surrogate,km_classic_U,different_objective_degree_augmented,True,20,0.051555555555555556,0.049444444444444444,0.0021111111111111135,0.0004879975926399195,0.001089720411222415,0.003132501810999812,0,4,16,0.061528582949540576,0.009499863849487155
k4_equal_degree,1800,96.0,initial,spectral_bernoulli_surrogate,km_classic_U,different_objective_degree_augmented,True,20,5.555555555555314e-05,0.02155555555555556,-0.02150000000000001,0.00198479437397242,-0.025654222367778565,-0.017345777632221452,18,2,0,0.061085533549703544,0.00904956560007122
k4_hierarchical,1800,4.0,decoded,spectral_bernoulli_surrogate,km_classic_U,different_objective_degree_augmented,True,20,0.6702777777777778,0.68075,-0.010472222222222227,0.008523109566710959,-0.02831129556370584,0.007366851119261386,13,0,7,0.18386758374690543,0.01217572865098191
k4_hierarchical,1800,4.0,initial,spectral_bernoulli_surrogate,km_classic_U,different_objective_degree_augmented,True,20,0.6592777777777779,0.6705555555555553,-0.011277777777777737,0.005835365839168359,-0.02349133884542964,0.0009357832898741654,13,0,7,0.18349384304783597,0.01173198409996985
k4_hierarchical,1800,6.0,decoded,spectral_bernoulli_surrogate,km_classic_U,different_objective_degree_augmented,True,20,0.6894722222222223,0.6306666666666667,0.058805555555555555,0.01092358380916572,0.03594223188262656,0.08166887922848455,4,0,16,0.2739196336497116,0.013051534149781219
k4_hierarchical,1800,6.0,initial,spectral_bernoulli_surrogate,km_classic_U,different_objective_degree_augmented,True,20,0.6046388888888888,0.641361111111111,-0.03672222222222221,0.006435931562308898,-0.050192781794660385,-0.023251662649784042,18,0,2,0.2735380440495646,0.012593119500161265
k4_hierarchical,1800,12.0,decoded,spectral_bernoulli_surrogate,km_classic_U,different_objective_degree_augmented,True,20,0.6567222222222222,0.5579722222222222,0.09875,0.008104647248186927,0.08178677835705066,0.11571322164294935,0,0,20,0.1829581389494706,0.013269242898968515
k4_hierarchical,1800,12.0,initial,spectral_bernoulli_surrogate,km_classic_U,different_objective_degree_augmented,True,20,0.39588888888888885,0.5655555555555555,-0.1696666666666667,0.003364232999914364,-0.1767080872601217,-0.1626252460732117,20,0,0,0.18247325189950062,0.01278343844896881
k4_hierarchical,1800,24.0,decoded,spectral_bernoulli_surrogate,km_classic_U,different_objective_degree_augmented,True,20,0.5686944444444444,0.47405555555555556,0.09463888888888891,0.017601892868484518,0.05779770371203275,0.13148007406574508,2,0,18,0.46519235389969255,0.012133638051818708
k4_hierarchical,1800,24.0,initial,spectral_bernoulli_surrogate,km_classic_U,different_objective_degree_augmented,True,20,0.3975277777777777,0.4813888888888889,-0.0838611111111111,0.006817551189651733,-0.09813040974321216,-0.06959181247901003,20,0,0,0.4647144473503431,0.011662302850891138
k4_hierarchical,1800,64.0,decoded,spectral_bernoulli_surrogate,km_classic_U,different_objective_degree_augmented,True,20,0.5960555555555556,0.37702777777777785,0.21902777777777774,0.01892621333843708,0.17941475800156553,0.25864079755398994,0,0,20,0.16804637325149088,0.01148275339983229
k4_hierarchical,1800,64.0,initial,spectral_bernoulli_surrogate,km_classic_U,different_objective_degree_augmented,True,20,0.09161111111111113,0.38872222222222225,-0.2971111111111111,0.0025016563713647516,-0.30234713807224134,-0.29187508414998087,20,0,0,0.16758733780043258,0.011004691449852545
k4_hierarchical,1800,96.0,decoded,spectral_bernoulli_surrogate,km_classic_U,different_objective_degree_augmented,True,20,0.567111111111111,0.36849999999999994,0.19861111111111113,0.040242715127805424,0.11438214033391324,0.282840081888309,2,0,18,0.11331725914933485,0.011706057500850875
k4_hierarchical,1800,96.0,initial,spectral_bernoulli_surrogate,km_classic_U,different_objective_degree_augmented,True,20,0.054888888888888876,0.37494444444444447,-0.3200555555555556,0.0016400902525127287,-0.32348830390546535,-0.31662280720564584,20,0,0,0.11284040354985336,0.011207043950344086
k2_symmetric,1800,4.0,initial,raw_bernoulli_vem,km_classic_U,additional_original_edge_information,True,20,0.4966666666666667,0.4009444444444445,0.0957222222222222,0.012130242682006263,0.07033333250297273,0.12111111194147166,0,0,20,0.08707703715044772,0.010143417599101668
k2_symmetric,1800,6.0,initial,raw_bernoulli_vem,km_classic_U,additional_original_edge_information,True,20,0.19555555555555557,0.15552777777777776,0.04002777777777777,0.031211785601417453,-0.025299240267023862,0.10535479582257941,14,0,6,0.13942754240051727,0.00967705454932002
k2_symmetric,1800,12.0,initial,raw_bernoulli_vem,km_classic_U,additional_original_edge_information,True,20,0.015805555555555562,0.02819444444444445,-0.012388888888888889,0.0009757454956363928,-0.014431147682236417,-0.01034663009554136,20,0,0,0.08695497960034118,0.00850502730027074
k2_symmetric,1800,24.0,initial,raw_bernoulli_vem,km_classic_U,additional_original_edge_information,True,20,0.0005555555555555369,0.0012499999999999844,-0.0006944444444444475,0.0001885058034828609,-0.0010889916255296408,-0.00029989726335925414,12,7,1,0.06937583140061179,0.007797033700990141
k2_symmetric,1800,64.0,initial,raw_bernoulli_vem,km_classic_U,additional_original_edge_information,True,20,0.0,0.0,0.0,0.0,0.0,0.0,0,20,0,0.09373455530003412,0.007219964950127178
k2_symmetric,1800,96.0,initial,raw_bernoulli_vem,km_classic_U,additional_original_edge_information,True,20,0.0,0.0,0.0,0.0,0.0,0.0,0,20,0,0.11005183009947359,0.007456125350654474
k3_disassortative,1800,4.0,initial,raw_bernoulli_vem,km_classic_U,additional_original_edge_information,True,20,0.5846666666666668,0.5489166666666667,0.03575000000000002,0.011143102701526363,0.012427218004963131,0.059072781995036905,4,0,16,0.10836988350019965,0.011680635049560805
k3_disassortative,1800,6.0,initial,raw_bernoulli_vem,km_classic_U,additional_original_edge_information,True,20,0.30216666666666664,0.44497222222222216,-0.14280555555555552,0.010610848945048313,-0.16501431763523466,-0.12059679347587637,20,0,0,0.17033015035012794,0.011382721350673818
k3_disassortative,1800,12.0,initial,raw_bernoulli_vem,km_classic_U,additional_original_edge_information,True,20,0.14155555555555557,0.38225,-0.24069444444444446,0.00795096193215159,-0.2573359990241225,-0.22405288986476643,20,0,0,0.19756711620066197,0.011808231650138622
k3_disassortative,1800,24.0,initial,raw_bernoulli_vem,km_classic_U,additional_original_edge_information,True,20,0.04680555555555556,0.3424722222222222,-0.2956666666666667,0.003871431157502023,-0.3037696652043042,-0.28756366812902917,20,0,0,0.12399054950001301,0.011452252549133846
k3_disassortative,1800,64.0,initial,raw_bernoulli_vem,km_classic_U,additional_original_edge_information,True,20,0.0030277777777777738,0.3291388888888888,-0.32611111111111113,0.0034617092308887316,-0.33335655180072854,-0.3188656704214937,20,0,0,0.08675389619966153,0.011165210000399384
k3_disassortative,1800,96.0,initial,raw_bernoulli_vem,km_classic_U,additional_original_edge_information,True,20,0.0004722222222222072,0.3166388888888889,-0.31616666666666676,0.0039351674119539005,-0.32440306671800995,-0.3079302666153236,20,0,0,0.09162407260082546,0.010734035250425222
k3_equal_degree,1800,4.0,initial,raw_bernoulli_vem,km_classic_U,additional_original_edge_information,True,20,0.6640555555555554,0.5723888888888891,0.09166666666666669,0.007726228503454278,0.07549548455908178,0.1078378487742516,0,0,20,0.12128984965056588,0.011050391399112413
k3_equal_degree,1800,6.0,initial,raw_bernoulli_vem,km_classic_U,additional_original_edge_information,True,20,0.38458333333333333,0.45044444444444454,-0.06586111111111112,0.007245405324106532,-0.08102591873840412,-0.05069630348381812,19,0,1,0.16245847445061373,0.01128575215007004
k3_equal_degree,1800,12.0,initial,raw_bernoulli_vem,km_classic_U,additional_original_edge_information,True,20,0.10116666666666667,0.18680555555555553,-0.0856388888888889,0.00871553129218198,-0.10388070553037412,-0.06739707224740368,19,0,1,0.21013824635119818,0.010177851199841825
k3_equal_degree,1800,24.0,initial,raw_bernoulli_vem,km_classic_U,additional_original_edge_information,True,20,0.012999999999999994,0.03458333333333333,-0.021583333333333333,0.0008370045837176726,-0.023335204060704436,-0.01983146260596223,20,0,0,0.11727591309900162,0.00874280309981259
k3_equal_degree,1800,64.0,initial,raw_bernoulli_vem,km_classic_U,additional_original_edge_information,True,20,0.00013888888888888284,0.0007499999999999784,-0.0006111111111110956,0.0001268143183754451,-0.0008765365299142958,-0.0003456856923078954,14,5,1,0.07445183130002989,0.007930114550254075
k3_equal_degree,1800,96.0,initial,raw_bernoulli_vem,km_classic_U,additional_original_edge_information,True,20,0.0,0.0,0.0,0.0,0.0,0.0,0,20,0,0.08512256709982466,0.007977671049593483
k3_heterogeneous,1800,4.0,initial,raw_bernoulli_vem,km_classic_U,additional_original_edge_information,True,20,0.4229166666666666,0.5738888888888888,-0.15097222222222223,0.007663834865607651,-0.16701281294495213,-0.13493163149949233,20,0,0,0.2300740198497806,0.010609669399855193
k3_heterogeneous,1800,6.0,initial,raw_bernoulli_vem,km_classic_U,additional_original_edge_information,True,20,0.3153055555555555,0.5678333333333334,-0.2525277777777778,0.010337739974060095,-0.2741649162117039,-0.23089063934385168,20,0,0,0.20716845265014855,0.01169877359898237
k3_heterogeneous,1800,12.0,initial,raw_bernoulli_vem,km_classic_U,additional_original_edge_information,True,20,0.16669444444444442,0.51,-0.3433055555555556,0.004925282370864487,-0.35361429003252814,-0.332996821078583,20,0,0,0.21273238829962793,0.010432607249458669
k3_heterogeneous,1800,24.0,initial,raw_bernoulli_vem,km_classic_U,additional_original_edge_information,True,20,0.04902777777777779,0.4948055555555556,-0.4457777777777777,0.0019987813051089427,-0.44996127512887235,-0.4415942804266831,20,0,0,0.177927514899784,0.009394865050489897
k3_heterogeneous,1800,64.0,initial,raw_bernoulli_vem,km_classic_U,additional_original_edge_information,True,20,0.003416666666666679,0.4923333333333334,-0.4889166666666666,0.0012523369966651863,-0.4915378381249123,-0.4862954952084209,20,0,0,0.1115391418497893,0.009436352250122581
k3_heterogeneous,1800,96.0,initial,raw_bernoulli_vem,km_classic_U,additional_original_edge_information,True,20,0.0002499999999999891,0.010388888888888882,-0.010138888888888892,0.0006802645875185915,-0.01156269903392745,-0.008715078743850333,20,0,0,0.07986829000037687,0.008199112349029748
k4_equal_degree,1800,4.0,initial,raw_bernoulli_vem,km_classic_U,additional_original_edge_information,True,20,0.7470277777777777,0.7170833333333334,0.02994444444444443,0.0027302661914698555,0.02422993163076026,0.0356589572581286,0,0,20,0.10420336169845541,0.012000237150641625
k4_equal_degree,1800,6.0,initial,raw_bernoulli_vem,km_classic_U,additional_original_edge_information,True,20,0.7441388888888889,0.6667500000000001,0.07738888888888888,0.005666595000120143,0.06552856924704757,0.08924920853073019,0,0,20,0.11909614904980118,0.012898680999933276
k4_equal_degree,1800,12.0,initial,raw_bernoulli_vem,km_classic_U,additional_original_edge_information,True,20,0.5212777777777777,0.4521944444444445,0.06908333333333333,0.009433281586726695,0.04933924806030738,0.08882741860635929,2,0,18,0.2232702474000689,0.013968658149678959
k4_equal_degree,1800,24.0,initial,raw_bernoulli_vem,km_classic_U,additional_original_edge_information,True,20,0.05358333333333335,0.10191666666666666,-0.04833333333333331,0.02375349227085837,-0.09804996403244173,0.0013832973657751033,19,0,1,0.21322780525006238,0.013444387900017318
k4_equal_degree,1800,64.0,initial,raw_bernoulli_vem,km_classic_U,additional_original_edge_information,True,20,0.000916666666666649,0.008027777777777773,-0.007111111111111124,0.003424105200815368,-0.01427784566124228,5.562343902003417e-05,14,6,0,0.15590547630126822,0.010769592149517847
k4_equal_degree,1800,96.0,initial,raw_bernoulli_vem,km_classic_U,additional_original_edge_information,True,20,0.0,0.02155555555555556,-0.02155555555555556,0.001989903037855106,-0.025720470479726466,-0.017390640631384655,18,2,0,0.14286873114942863,0.00904956560007122
k4_hierarchical,1800,4.0,initial,raw_bernoulli_vem,km_classic_U,additional_original_edge_information,True,20,0.5486944444444444,0.6705555555555553,-0.12186111111111109,0.006222310332500632,-0.13488455631102828,-0.1088376659111939,20,0,0,0.18194416699989233,0.01173198409996985
k4_hierarchical,1800,6.0,initial,raw_bernoulli_vem,km_classic_U,additional_original_edge_information,True,20,0.5046666666666666,0.641361111111111,-0.1366944444444444,0.006454906183683535,-0.15020471835584298,-0.12318417053304583,20,0,0,0.20293389659927924,0.012593119500161265
k4_hierarchical,1800,12.0,initial,raw_bernoulli_vem,km_classic_U,additional_original_edge_information,True,20,0.4270555555555555,0.5655555555555555,-0.1385,0.009197237698708763,-0.15775003973750837,-0.11924996026249166,20,0,0,0.17542487979990257,0.01278343844896881
k4_hierarchical,1800,24.0,initial,raw_bernoulli_vem,km_classic_U,additional_original_edge_information,True,20,0.2441111111111111,0.4813888888888889,-0.23727777777777775,0.011201960459163163,-0.260723750475337,-0.2138318050802185,20,0,0,0.37953125599997295,0.011662302850891138
k4_hierarchical,1800,64.0,initial,raw_bernoulli_vem,km_classic_U,additional_original_edge_information,True,20,0.0295,0.38872222222222225,-0.3592222222222222,0.0023743266204515304,-0.36419174495184925,-0.3542526994925952,20,0,0,0.24080613575060852,0.011004691449852545
k4_hierarchical,1800,96.0,initial,raw_bernoulli_vem,km_classic_U,additional_original_edge_information,True,20,0.009166666666666662,0.37494444444444447,-0.36577777777777787,0.0015168535540234186,-0.3689525887533636,-0.3626029668021921,20,0,0,0.22823857064904587,0.011207043950344086
