model,n,degree_target,method,stage,repetitions,error_mean,error_sd,seconds_mean,min_cluster_min,ari_mean
k2_symmetric,1800,4.0,edge_only_oracle,reference,20,0.06186111111111111,0.006247221604663777,0.0,875,0.7678820397141036
k2_symmetric,1800,4.0,gmm_full_neighbor_degree,decoded,20,0.4227777777777778,0.06720615051218651,0.16620527940176544,270,0.040596547239057104
k2_symmetric,1800,4.0,gmm_full_neighbor_degree,initial,20,0.4457777777777777,0.0586152752047573,0.1658150718511024,283,0.024361592060918348
k2_symmetric,1800,4.0,gmm_full_spec,decoded,20,0.4539722222222222,0.04458358155184041,0.1027135721007653,296,0.015550694359745001
k2_symmetric,1800,4.0,gmm_full_spec,initial,20,0.47300000000000003,0.02665716204885705,0.10230932360027509,306,0.005135906209660438
k2_symmetric,1800,4.0,gmm_full_spec_degree,decoded,20,0.45102777777777775,0.04201560517977198,0.11053177464928013,426,0.015803826710951714
k2_symmetric,1800,4.0,gmm_full_spec_degree,initial,20,0.4761111111111111,0.01895242153397026,0.11012626500050829,512,0.0031495413619729274
k2_symmetric,1800,4.0,gmm_tied_spec,decoded,20,0.4565555555555555,0.018281070287710106,0.0905974375000369,50,0.008651386956977248
k2_symmetric,1800,4.0,gmm_tied_spec,initial,20,0.4628055555555556,0.01777364261117893,0.0901799322993611,37,0.006623832003585667
k2_symmetric,1800,4.0,km_ASE,decoded,20,0.4035,0.05201123860158202,0.009534905698819785,81,0.04723588584774087
k2_symmetric,1800,4.0,km_ASE,initial,20,0.4047777777777778,0.050753068322216335,0.00916547589986294,75,0.04578277603122373
k2_symmetric,1800,4.0,km_RRE,decoded,20,0.4070555555555556,0.04938645656723819,0.009422675050518591,80,0.0435385073483754
k2_symmetric,1800,4.0,km_RRE,initial,20,0.40861111111111115,0.04703022544346516,0.009061316899897065,74,0.04154417222954497
k2_symmetric,1800,4.0,km_classic_U,decoded,20,0.39958333333333335,0.055878556646691224,0.0105815596980392,77,0.05190057781933159
k2_symmetric,1800,4.0,km_classic_U,initial,20,0.4009444444444445,0.05363526256590266,0.010143417599101668,71,0.04990191534231466
k2_symmetric,1800,4.0,km_neighbor_degree,decoded,20,0.4676111111111111,0.02687002141201717,0.0099357847495412,661,0.006399601285993794
k2_symmetric,1800,4.0,km_neighbor_degree,initial,20,0.47088888888888886,0.021925948975278966,0.00958884025021689,778,0.004666310903894452
k2_symmetric,1800,4.0,km_spec,decoded,20,0.43630555555555556,0.04941479333023711,0.009639707150199683,179,0.02510377687374164
k2_symmetric,1800,4.0,km_spec,initial,20,0.4410833333333334,0.04086598129924641,0.009265801200308487,215,0.019829797353359394
k2_symmetric,1800,4.0,km_spec_degree,decoded,20,0.47452777777777777,0.027263827258899656,0.009159283101325855,613,0.004898018023864481
k2_symmetric,1800,4.0,km_spec_degree,initial,20,0.47911111111111115,0.01650152098843539,0.008802075200219407,567,0.002275921400470596
k2_symmetric,1800,4.0,poisson_gaussian,decoded,20,0.42894444444444446,0.06174259063544038,0.14970102534971375,342,0.034218717678967565
k2_symmetric,1800,4.0,poisson_gaussian,initial,20,0.46047222222222217,0.051978176494649184,0.14930806319935072,465,0.01603305899345784
k2_symmetric,1800,4.0,raw_bernoulli_vem,initial,20,0.4966666666666667,0.006910736907189411,0.08707703715044772,0,9.310123136129648e-05
k2_symmetric,1800,4.0,spectral_bernoulli_surrogate,decoded,20,0.4730555555555555,0.05863414502628108,0.10228114869823912,0,0.015841979019289305
k2_symmetric,1800,4.0,spectral_bernoulli_surrogate,initial,20,0.4960555555555556,0.007332491534176204,0.10209020299880649,0,0.00015306747627173595
k2_symmetric,1800,6.0,edge_only_oracle,reference,20,0.03847222222222223,0.005784395108447393,0.0,886,0.8520764839076993
k2_symmetric,1800,6.0,gmm_full_neighbor_degree,decoded,20,0.16955555555555554,0.07874556620871337,0.2472765525992145,661,0.4600449580326244
k2_symmetric,1800,6.0,gmm_full_neighbor_degree,initial,20,0.20061111111111113,0.08442807243568148,0.24683037639915711,602,0.38529026219757373
k2_symmetric,1800,6.0,gmm_full_spec,decoded,20,0.2831388888888889,0.14741086612014867,0.09929513615061296,447,0.27032488582722836
k2_symmetric,1800,6.0,gmm_full_spec,initial,20,0.3274722222222223,0.15344214663896028,0.0988936787503917,521,0.20812483304006787
k2_symmetric,1800,6.0,gmm_full_spec_degree,decoded,20,0.39363888888888887,0.1027998988364275,0.12860902689862996,479,0.08493848100887176
k2_symmetric,1800,6.0,gmm_full_spec_degree,initial,20,0.4484166666666667,0.10133694896468455,0.12818021885032066,565,0.04917248043374055
k2_symmetric,1800,6.0,gmm_tied_spec,decoded,20,0.37419444444444444,0.020698079471950067,0.0982072793507541,151,0.06470057648284087
k2_symmetric,1800,6.0,gmm_tied_spec,initial,20,0.4083333333333333,0.01610152971798828,0.0977986250010872,110,0.03440316908899777
k2_symmetric,1800,6.0,km_ASE,decoded,20,0.15355555555555553,0.028590110387261797,0.009607299199342379,562,0.48292203841249026
k2_symmetric,1800,6.0,km_ASE,initial,20,0.15930555555555553,0.0327943138980157,0.009251232098904438,519,0.46809374962499206
k2_symmetric,1800,6.0,km_RRE,decoded,20,0.16352777777777777,0.03510555650414742,0.009803368898792542,513,0.4572507701844978
k2_symmetric,1800,6.0,km_RRE,initial,20,0.1740833333333333,0.04097427638819339,0.009454636799637229,471,0.4309718306589031
k2_symmetric,1800,6.0,km_classic_U,decoded,20,0.1509722222222222,0.025866952908325587,0.010079986098935479,572,0.4895469846179104
k2_symmetric,1800,6.0,km_classic_U,initial,20,0.15552777777777776,0.029835195472610675,0.00967705454932002,528,0.47774576225338344
k2_symmetric,1800,6.0,km_neighbor_degree,decoded,20,0.4208333333333333,0.07009913614937698,0.01114555284839298,658,0.043220823313540886
k2_symmetric,1800,6.0,km_neighbor_degree,initial,20,0.4735555555555555,0.0206343518975668,0.010767913099334692,809,0.0038624503884416906
k2_symmetric,1800,6.0,km_spec,decoded,20,0.26280555555555557,0.035991242798139755,0.008948271398912766,413,0.2296279144537868
k2_symmetric,1800,6.0,km_spec,initial,20,0.31575000000000003,0.04262019086378845,0.008609658648856567,386,0.1423294918317437
k2_symmetric,1800,6.0,km_spec_degree,decoded,20,0.4503055555555555,0.055990831364439414,0.009244163649782422,498,0.021274936373230253
k2_symmetric,1800,6.0,km_spec_degree,initial,20,0.4820833333333333,0.020212383539381977,0.008883866850374034,570,0.002313115998251884
k2_symmetric,1800,6.0,poisson_gaussian,decoded,20,0.18733333333333332,0.10275107919386331,0.1588289943014388,668,0.4308524361253744
k2_symmetric,1800,6.0,poisson_gaussian,initial,20,0.20669444444444443,0.1210564385154416,0.15841099345088877,618,0.3994747735688308
k2_symmetric,1800,6.0,raw_bernoulli_vem,initial,20,0.19555555555555554,0.1558790495950757,0.13942754240051727,0,0.4628629421017673
k2_symmetric,1800,6.0,spectral_bernoulli_surrogate,decoded,20,0.49283333333333335,0.015035046776746226,0.10610225829950651,0,0.0009588216164132027
k2_symmetric,1800,6.0,spectral_bernoulli_surrogate,initial,20,0.4967777777777778,0.006692445286412957,0.10590250274981372,0,9.00321248609734e-05
k2_symmetric,1800,12.0,edge_only_oracle,reference,20,0.009111111111111108,0.002195748742595734,0.0,892,0.9638858517811478
k2_symmetric,1800,12.0,gmm_full_neighbor_degree,decoded,20,0.028472222222222232,0.003936116734139035,0.14079564884959836,875,0.8893511554616589
k2_symmetric,1800,12.0,gmm_full_neighbor_degree,initial,20,0.029472222222222212,0.005137723117336057,0.14036486614968452,874,0.8856223016773166
k2_symmetric,1800,12.0,gmm_full_spec,decoded,20,0.028361111111111115,0.004060439260911678,0.09259518849976303,875,0.8897743545028722
k2_symmetric,1800,12.0,gmm_full_spec,initial,20,0.02950000000000001,0.005217491947499515,0.09218123284990724,871,0.885520824099838
k2_symmetric,1800,12.0,gmm_full_spec_degree,decoded,20,0.028416666666666666,0.004075613301292993,0.11510265834876918,875,0.8895651024857678
k2_symmetric,1800,12.0,gmm_full_spec_degree,initial,20,0.030222222222222216,0.005308543752963528,0.11467700744906324,872,0.882806605667828
k2_symmetric,1800,12.0,gmm_tied_spec,decoded,20,0.08733333333333335,0.05772478451443944,0.14817733934942226,561,0.6936785009893568
k2_symmetric,1800,12.0,gmm_tied_spec,initial,20,0.17980555555555555,0.12880811077804544,0.1477474927000003,286,0.4729380976523701
k2_symmetric,1800,12.0,km_ASE,decoded,20,0.02833333333333333,0.0038447790815383633,0.008288033049029763,876,0.8898727430155443
k2_symmetric,1800,12.0,km_ASE,initial,20,0.028361111111111108,0.003897129948097535,0.007927284699690063,875,0.889769414687023
k2_symmetric,1800,12.0,km_RRE,decoded,20,0.028416666666666656,0.00387539429757327,0.008200093599589309,876,0.8895590502541717
k2_symmetric,1800,12.0,km_RRE,initial,20,0.028305555555555556,0.0036739914432951737,0.007856201199319911,875,0.8899727383774367
k2_symmetric,1800,12.0,km_classic_U,decoded,20,0.028305555555555556,0.003999979694555345,0.008913441900222096,876,0.8899822484523033
k2_symmetric,1800,12.0,km_classic_U,initial,20,0.02819444444444445,0.003844250916266067,0.00850502730027074,875,0.8903971707162306
k2_symmetric,1800,12.0,km_neighbor_degree,decoded,20,0.051416666666666666,0.10291755549647358,0.009919816500405432,819,0.8450718289604747
k2_symmetric,1800,12.0,km_neighbor_degree,initial,20,0.051916666666666667,0.10346066401947278,0.009556853550384404,875,0.8437034449723273
k2_symmetric,1800,12.0,km_spec,decoded,20,0.034111111111111106,0.010376912444982768,0.009517834899088484,798,0.8685461698629224
k2_symmetric,1800,12.0,km_spec,initial,20,0.06316666666666666,0.040443086861091604,0.00916489089904644,645,0.7693843303424592
k2_symmetric,1800,12.0,km_spec_degree,decoded,20,0.3338888888888889,0.09722999133536281,0.009683877200950519,661,0.14583676245895685
k2_symmetric,1800,12.0,km_spec_degree,initial,20,0.4686388888888889,0.02267268223695784,0.009312044400576269,728,0.005344639746141625
k2_symmetric,1800,12.0,poisson_gaussian,decoded,20,0.028444444444444446,0.003971961509458344,0.14882313500056626,875,0.8894570790411842
k2_symmetric,1800,12.0,poisson_gaussian,initial,20,0.02922222222222224,0.004999675103154402,0.1484205983004358,874,0.8865588057322722
k2_symmetric,1800,12.0,raw_bernoulli_vem,initial,20,0.015805555555555562,0.0031759891502524218,0.08695497960034118,888,0.9377807866739518
k2_symmetric,1800,12.0,spectral_bernoulli_surrogate,decoded,20,0.02844444444444444,0.003893480998027511,0.08148708344924671,877,0.8894547318526433
k2_symmetric,1800,12.0,spectral_bernoulli_surrogate,initial,20,0.028388888888888873,0.003981356813860353,0.08107188389985823,877,0.8896670719271796
k2_symmetric,1800,24.0,edge_only_oracle,reference,20,0.00033333333333331885,0.00037808724854371717,0.0,898,0.9986669133074237
k2_symmetric,1800,24.0,gmm_full_neighbor_degree,decoded,20,0.001305555555555543,0.0008116076346157774,0.1082263658518059,897,0.9947841995012536
k2_symmetric,1800,24.0,gmm_full_neighbor_degree,initial,20,0.001388888888888873,0.0007959448882348798,0.10782712630025344,896,0.9944514836991253
k2_symmetric,1800,24.0,gmm_full_spec,decoded,20,0.0012777777777777722,0.0007004129479070654,0.05122241305070929,896,0.9948944459687542
k2_symmetric,1800,24.0,gmm_full_spec,initial,20,0.0013611111111111018,0.0007316079294561871,0.05080530584964436,896,0.994561977219816
k2_symmetric,1800,24.0,gmm_full_spec_degree,decoded,20,0.0012777777777777722,0.0007004129479070654,0.07696568140017916,896,0.9948944459687542
k2_symmetric,1800,24.0,gmm_full_spec_degree,initial,20,0.001444444444444437,0.0007073364731793678,0.07657252755052468,896,0.9942292614120503
k2_symmetric,1800,24.0,gmm_tied_spec,decoded,20,0.0012777777777777666,0.0007453559924999436,0.06865103435047785,897,0.9948946930167646
k2_symmetric,1800,24.0,gmm_tied_spec,initial,20,0.0012777777777777666,0.0007232336597364104,0.06826153835027071,896,0.9948945694955764
k2_symmetric,1800,24.0,km_ASE,decoded,20,0.0012499999999999844,0.0007404360971988781,0.007524707349875826,896,0.9950055571135087
k2_symmetric,1800,24.0,km_ASE,initial,20,0.0012499999999999844,0.0007404360971988781,0.0071593250995647395,896,0.9950055571135087
k2_symmetric,1800,24.0,km_RRE,decoded,20,0.0012499999999999844,0.0008235290704975325,0.007530620099350927,897,0.9950060512137975
k2_symmetric,1800,24.0,km_RRE,initial,20,0.0012777777777777666,0.0008279553559673368,0.00716172404900135,897,0.9948951871176612
k2_symmetric,1800,24.0,km_classic_U,decoded,20,0.0012499999999999844,0.0007404360971988781,0.008188900250388542,896,0.9950055571135087
k2_symmetric,1800,24.0,km_classic_U,initial,20,0.0012499999999999844,0.0007404360971988781,0.007797033700990141,896,0.9950055571135087
k2_symmetric,1800,24.0,km_neighbor_degree,decoded,20,0.008194444444444431,0.031035243229064594,0.009682935401360736,802,0.9711350397278414
k2_symmetric,1800,24.0,km_neighbor_degree,initial,20,0.024222222222222207,0.10244372771882072,0.009300931200777995,897,0.9453074999388449
k2_symmetric,1800,24.0,km_spec,decoded,20,0.0012777777777777666,0.0008279553559673368,0.008578015501188928,897,0.9948951871176612
k2_symmetric,1800,24.0,km_spec,initial,20,0.003972222222222227,0.004514344331499309,0.008229469151046942,872,0.9842429111065998
k2_symmetric,1800,24.0,km_spec_degree,decoded,20,0.22197222222222218,0.1385814697179525,0.00929279465235595,727,0.3818379317873038
k2_symmetric,1800,24.0,km_spec_degree,initial,20,0.4598055555555556,0.03016430800769093,0.008901757551211632,758,0.009373522867713617
k2_symmetric,1800,24.0,poisson_gaussian,decoded,20,0.0012777777777777666,0.0007668403905216719,0.10661358645229484,896,0.9948948165463316
k2_symmetric,1800,24.0,poisson_gaussian,initial,20,0.0014166666666666494,0.0007747434545724683,0.1062290125515574,896,0.9943404960827156
k2_symmetric,1800,24.0,raw_bernoulli_vem,initial,20,0.0005555555555555369,0.00047688615293274404,0.06937583140061179,898,0.9977786417720637
k2_symmetric,1800,24.0,spectral_bernoulli_surrogate,decoded,20,0.0012222222222222079,0.0007773599546062025,0.05975077740004053,896,0.9951166682588752
k2_symmetric,1800,24.0,spectral_bernoulli_surrogate,initial,20,0.0012222222222222079,0.0007773599546062025,0.05936376565041428,896,0.9951166682588752
k2_symmetric,1800,64.0,edge_only_oracle,reference,20,0.0,0.0,0.0,900,1.0
k2_symmetric,1800,64.0,gmm_full_neighbor_degree,decoded,20,0.0,0.0,0.08307265344992629,900,1.0
k2_symmetric,1800,64.0,gmm_full_neighbor_degree,initial,20,0.0,0.0,0.08268272850000358,900,1.0
k2_symmetric,1800,64.0,gmm_full_spec,decoded,20,0.0,0.0,0.03273934439966979,900,1.0
k2_symmetric,1800,64.0,gmm_full_spec,initial,20,0.0,0.0,0.03236262219943455,900,1.0
k2_symmetric,1800,64.0,gmm_full_spec_degree,decoded,20,0.0,0.0,0.06028810625030019,900,1.0
k2_symmetric,1800,64.0,gmm_full_spec_degree,initial,20,0.0,0.0,0.05990527744979772,900,1.0
k2_symmetric,1800,64.0,gmm_tied_spec,decoded,20,0.0,0.0,0.039525314250204245,900,1.0
k2_symmetric,1800,64.0,gmm_tied_spec,initial,20,0.0,0.0,0.039151736550411445,900,1.0
k2_symmetric,1800,64.0,km_ASE,decoded,20,0.0,0.0,0.007198211352078943,900,1.0
k2_symmetric,1800,64.0,km_ASE,initial,20,0.0,0.0,0.006839137200586265,900,1.0
k2_symmetric,1800,64.0,km_RRE,decoded,20,0.0,0.0,0.007201351800540578,900,1.0
k2_symmetric,1800,64.0,km_RRE,initial,20,0.0,0.0,0.006848195199927432,900,1.0
k2_symmetric,1800,64.0,km_classic_U,decoded,20,0.0,0.0,0.007602432300336659,900,1.0
k2_symmetric,1800,64.0,km_classic_U,initial,20,0.0,0.0,0.007219964950127178,900,1.0
k2_symmetric,1800,64.0,km_neighbor_degree,decoded,20,0.0,0.0,0.008933222100313287,900,1.0
k2_symmetric,1800,64.0,km_neighbor_degree,initial,20,0.0,0.0,0.00858545234950725,900,1.0
k2_symmetric,1800,64.0,km_spec,decoded,20,0.0,0.0,0.0078198159000749,900,1.0
k2_symmetric,1800,64.0,km_spec,initial,20,0.00011111111111110628,0.00029063797987809674,0.007461098799831234,898,0.9995556789444449
k2_symmetric,1800,64.0,km_spec_degree,decoded,20,0.029749999999999988,0.044848121071152304,0.008740270450653042,794,0.8921237654464953
k2_symmetric,1800,64.0,km_spec_degree,initial,20,0.4533888888888889,0.025968504440417702,0.008393634951062268,808,0.010705216134932975
k2_symmetric,1800,64.0,poisson_gaussian,decoded,20,0.0,0.0,0.08715160870233377,900,1.0
k2_symmetric,1800,64.0,poisson_gaussian,initial,20,0.0,0.0,0.08677918495086487,900,1.0
k2_symmetric,1800,64.0,raw_bernoulli_vem,initial,20,0.0,0.0,0.09373455530003412,900,1.0
k2_symmetric,1800,64.0,spectral_bernoulli_surrogate,decoded,20,0.0,0.0,0.05143939785011753,900,1.0
k2_symmetric,1800,64.0,spectral_bernoulli_surrogate,initial,20,0.0,0.0,0.05106028820046049,900,1.0
k2_symmetric,1800,96.0,edge_only_oracle,reference,20,0.0,0.0,0.0,900,1.0
k2_symmetric,1800,96.0,gmm_full_neighbor_degree,decoded,20,0.0,0.0,0.07157952909983578,900,1.0
k2_symmetric,1800,96.0,gmm_full_neighbor_degree,initial,20,0.0,0.0,0.07118297859997255,900,1.0
k2_symmetric,1800,96.0,gmm_full_spec,decoded,20,0.0,0.0,0.03244857134995982,900,1.0
k2_symmetric,1800,96.0,gmm_full_spec,initial,20,0.0,0.0,0.03204518820057274,900,1.0
k2_symmetric,1800,96.0,gmm_full_spec_degree,decoded,20,0.0,0.0,0.05371807809970051,900,1.0
k2_symmetric,1800,96.0,gmm_full_spec_degree,initial,20,0.0,0.0,0.05330850240025029,900,1.0
k2_symmetric,1800,96.0,gmm_tied_spec,decoded,20,0.0,0.0,0.038143056099579555,900,1.0
k2_symmetric,1800,96.0,gmm_tied_spec,initial,20,0.0,0.0,0.037758495649541146,900,1.0
k2_symmetric,1800,96.0,km_ASE,decoded,20,0.0,0.0,0.0073732615001063095,900,1.0
k2_symmetric,1800,96.0,km_ASE,initial,20,0.0,0.0,0.006997880850394722,900,1.0
k2_symmetric,1800,96.0,km_RRE,decoded,20,0.0,0.0,0.007471744649956235,900,1.0
k2_symmetric,1800,96.0,km_RRE,initial,20,0.0,0.0,0.007108710000102292,900,1.0
k2_symmetric,1800,96.0,km_classic_U,decoded,20,0.0,0.0,0.007844016300077783,900,1.0
k2_symmetric,1800,96.0,km_classic_U,initial,20,0.0,0.0,0.007456125350654474,900,1.0
k2_symmetric,1800,96.0,km_neighbor_degree,decoded,20,0.0,0.0,0.009779523000179324,900,1.0
k2_symmetric,1800,96.0,km_neighbor_degree,initial,20,0.0,0.0,0.009416900999713106,900,1.0
k2_symmetric,1800,96.0,km_spec,decoded,20,0.0,0.0,0.00802501660073176,900,1.0
k2_symmetric,1800,96.0,km_spec,initial,20,0.0,0.0,0.007664754599682055,900,1.0
k2_symmetric,1800,96.0,km_spec_degree,decoded,20,0.009638888888888874,0.024804809815709178,0.009315619399421849,842,0.9641342441740026
k2_symmetric,1800,96.0,km_spec_degree,initial,20,0.4578055555555555,0.02101352870329024,0.008940448749490315,836,0.008249114456914345
k2_symmetric,1800,96.0,poisson_gaussian,decoded,20,0.0,0.0,0.07424661644909065,900,1.0
k2_symmetric,1800,96.0,poisson_gaussian,initial,20,0.0,0.0,0.07386723389899999,900,1.0
k2_symmetric,1800,96.0,raw_bernoulli_vem,initial,20,0.0,0.0,0.11005183009947359,900,1.0
k2_symmetric,1800,96.0,spectral_bernoulli_surrogate,decoded,20,0.0,0.0,0.0410104747475998,900,1.0
k2_symmetric,1800,96.0,spectral_bernoulli_surrogate,initial,20,0.0,0.0,0.040629601798354995,900,1.0
k3_disassortative,1800,4.0,edge_only_oracle,reference,20,0.27944444444444444,0.01661199610386738,0.0,475,0.36955129993372593
k3_disassortative,1800,4.0,gmm_full_neighbor_degree,decoded,20,0.5315833333333334,0.05649189738746033,0.3678004006993433,31,0.06699609008562415
k3_disassortative,1800,4.0,gmm_full_neighbor_degree,initial,20,0.6376944444444443,0.025440418869993073,0.3673169408502872,165,0.004569605626577577
k3_disassortative,1800,4.0,gmm_full_spec,decoded,20,0.5458055555555555,0.05353655088536945,0.33856382990161366,51,0.0470339869718639
k3_disassortative,1800,4.0,gmm_full_spec,initial,20,0.5790555555555555,0.014825276520578978,0.3379806572011148,159,0.03059288891284363
k3_disassortative,1800,4.0,gmm_full_spec_degree,decoded,20,0.5483611111111111,0.04753251170110819,0.34033856630085213,54,0.04588808264469888
k3_disassortative,1800,4.0,gmm_full_spec_degree,initial,20,0.5831666666666667,0.012143687076109525,0.33986058620102993,264,0.028379742356873922
k3_disassortative,1800,4.0,gmm_tied_spec,decoded,20,0.5603888888888889,0.0454549237978229,0.14737838979817752,4,0.05705192322214962
k3_disassortative,1800,4.0,gmm_tied_spec,initial,20,0.6016666666666667,0.027412214424871167,0.14688769044914807,25,0.0103246784159646
k3_disassortative,1800,4.0,km_ASE,decoded,20,0.54125,0.048196814323989874,0.011742955300724134,18,0.0580601977001126
k3_disassortative,1800,4.0,km_ASE,initial,20,0.53975,0.040574366782071686,0.011319025900229462,71,0.04071166361242334
k3_disassortative,1800,4.0,km_RRE,decoded,20,0.5371944444444445,0.04217197494883444,0.011500074400464655,86,0.05790056344483278
k3_disassortative,1800,4.0,km_RRE,initial,20,0.5371666666666667,0.04079254636396703,0.011084915400351747,73,0.04169647281344169
k3_disassortative,1800,4.0,km_classic_U,decoded,20,0.5392222222222223,0.03716758668080446,0.012171996799588669,76,0.06724868393802766
k3_disassortative,1800,4.0,km_classic_U,initial,20,0.5489166666666667,0.04165768909131721,0.011680635049560805,58,0.039564365692183
k3_disassortative,1800,4.0,km_neighbor_degree,decoded,20,0.5683611111111111,0.047311225034815954,0.011940503799996805,20,0.04734080743933524
k3_disassortative,1800,4.0,km_neighbor_degree,initial,20,0.5008055555555555,0.04626725307334084,0.011513002150240936,167,0.07525529528702314
k3_disassortative,1800,4.0,km_spec,decoded,20,0.5357777777777778,0.03614029410090357,0.011331702948518796,71,0.05613744199306171
k3_disassortative,1800,4.0,km_spec,initial,20,0.5151388888888888,0.045213691955213346,0.010910687898285688,146,0.05190907314880868
k3_disassortative,1800,4.0,km_spec_degree,decoded,20,0.5461666666666667,0.04637961703047401,0.012801198500892497,12,0.05644088715045319
k3_disassortative,1800,4.0,km_spec_degree,initial,20,0.4994722222222222,0.04858640976420441,0.01236294865157106,65,0.06801476251052739
k3_disassortative,1800,4.0,poisson_gaussian,decoded,20,0.5322222222222222,0.05101854062964958,0.316013855899655,112,0.05883699187726238
k3_disassortative,1800,4.0,poisson_gaussian,initial,20,0.597,0.031054878168971643,0.31555351414972393,167,0.01717893308866112
k3_disassortative,1800,4.0,raw_bernoulli_vem,initial,20,0.5846666666666667,0.037405458038876016,0.10836988350019965,0,0.03274171578002304
k3_disassortative,1800,4.0,spectral_bernoulli_surrogate,decoded,20,0.5700555555555555,0.050434402741155286,0.21374649990066247,0,0.05012704106451031
k3_disassortative,1800,4.0,spectral_bernoulli_surrogate,initial,20,0.5770000000000001,0.04938622632098367,0.21337397935130867,0,0.030749601316429277
k3_disassortative,1800,6.0,edge_only_oracle,reference,20,0.22022222222222224,0.011782907412116971,0.0,507,0.47364833980282706
k3_disassortative,1800,6.0,gmm_full_neighbor_degree,decoded,20,0.5173333333333333,0.08327826640619106,0.4158417955517507,3,0.12657805115059614
k3_disassortative,1800,6.0,gmm_full_neighbor_degree,initial,20,0.4929166666666667,0.03939349934663371,0.4153901670517371,134,0.13497852584624842
k3_disassortative,1800,6.0,gmm_full_spec,decoded,20,0.5367222222222222,0.04430530119635871,0.26706674144916176,62,0.05729080093156767
k3_disassortative,1800,6.0,gmm_full_spec,initial,20,0.5510277777777778,0.009510903082930214,0.26660765714914303,154,0.05228224525571444
k3_disassortative,1800,6.0,gmm_full_spec_degree,decoded,20,0.5232777777777777,0.04426935541048728,0.31379159085045105,76,0.07121841895412484
k3_disassortative,1800,6.0,gmm_full_spec_degree,initial,20,0.5563888888888889,0.014428128436787438,0.313337782000599,136,0.04805714242447391
k3_disassortative,1800,6.0,gmm_tied_spec,decoded,20,0.5727222222222222,0.07079560398682713,0.14842012685076042,8,0.05496521787858318
k3_disassortative,1800,6.0,gmm_tied_spec,initial,20,0.5282222222222221,0.04392222436731002,0.14798768819964608,8,0.04049120186863747
k3_disassortative,1800,6.0,km_ASE,decoded,20,0.48550000000000004,0.056927190368477376,0.011885081398577312,106,0.12282508729643324
k3_disassortative,1800,6.0,km_ASE,initial,20,0.41850000000000004,0.03258372531334695,0.011474853098116,56,0.15610450626901665
k3_disassortative,1800,6.0,km_RRE,decoded,20,0.5018888888888889,0.05920290327074773,0.012033298948881565,75,0.0815190528137469
k3_disassortative,1800,6.0,km_RRE,initial,20,0.3986388888888889,0.01661930404850127,0.011624025099808932,269,0.15373927021084538
k3_disassortative,1800,6.0,km_classic_U,decoded,20,0.4703611111111111,0.04806498572247393,0.011820645950501784,64,0.161464291517676
k3_disassortative,1800,6.0,km_classic_U,initial,20,0.4449722222222222,0.039203603337191875,0.011382721350673818,43,0.15787390403991816
k3_disassortative,1800,6.0,km_neighbor_degree,decoded,20,0.5637777777777778,0.04870866568753891,0.011947975748989847,0,0.03659246488444532
k3_disassortative,1800,6.0,km_neighbor_degree,initial,20,0.4047777777777778,0.013999443040995945,0.011518774049909553,472,0.19435737157956184
k3_disassortative,1800,6.0,km_spec,decoded,20,0.5250277777777778,0.04634092488328578,0.01171573664942116,89,0.06300537976423465
k3_disassortative,1800,6.0,km_spec,initial,20,0.40136111111111106,0.012715299835337509,0.011304979100168566,291,0.15077563202318398
k3_disassortative,1800,6.0,km_spec_degree,decoded,20,0.5322777777777777,0.05790272701670803,0.01123480914866377,22,0.05742846850492287
k3_disassortative,1800,6.0,km_spec_degree,initial,20,0.38755555555555554,0.010590738533740629,0.010814021398982732,312,0.16867105408420596
k3_disassortative,1800,6.0,poisson_gaussian,decoded,20,0.5507222222222222,0.06477985411897062,0.2876567179511767,34,0.07441405975812376
k3_disassortative,1800,6.0,poisson_gaussian,initial,20,0.4773611111111111,0.07102994156755528,0.2871977023012732,81,0.1256824433590556
k3_disassortative,1800,6.0,raw_bernoulli_vem,initial,20,0.30216666666666664,0.028063964346948477,0.17033015035012794,26,0.3466110657674453
k3_disassortative,1800,6.0,spectral_bernoulli_surrogate,decoded,20,0.5620277777777778,0.05139675931511796,0.23208274409989826,0,0.05063567308972457
k3_disassortative,1800,6.0,spectral_bernoulli_surrogate,initial,20,0.49372222222222223,0.04652376477413374,0.2316609936500754,0,0.0741304100706155
k3_disassortative,1800,12.0,edge_only_oracle,reference,20,0.11466666666666665,0.005574237594176914,0.0,552,0.6974380109251449
k3_disassortative,1800,12.0,gmm_full_neighbor_degree,decoded,20,0.3790277777777778,0.09269428869458565,0.3808917385507812,83,0.31616222634448354
k3_disassortative,1800,12.0,gmm_full_neighbor_degree,initial,20,0.27641666666666664,0.057015459925929754,0.38044560915113834,100,0.45225668533417834
k3_disassortative,1800,12.0,gmm_full_spec,decoded,20,0.52325,0.11598271742264335,0.22087882230080141,1,0.12001536935761106
k3_disassortative,1800,12.0,gmm_full_spec,initial,20,0.28494444444444444,0.060810504675445604,0.22042519899987384,165,0.43075562911144444
k3_disassortative,1800,12.0,gmm_full_spec_degree,decoded,20,0.5396388888888889,0.10741003685361104,0.24024431405050564,4,0.07586136505918913
k3_disassortative,1800,12.0,gmm_full_spec_degree,initial,20,0.2560555555555556,0.03562625463746053,0.2397936737503187,246,0.45636401221053413
k3_disassortative,1800,12.0,gmm_tied_spec,decoded,20,0.5172222222222222,0.06959504138640231,0.14172628129963413,26,0.0867941055674508
k3_disassortative,1800,12.0,gmm_tied_spec,initial,20,0.30319444444444443,0.024193203149283103,0.14127693630034627,269,0.29172163506034693
k3_disassortative,1800,12.0,km_ASE,decoded,20,0.3451666666666667,0.02723451208435786,0.011094787050387822,402,0.3641440141013208
k3_disassortative,1800,12.0,km_ASE,initial,20,0.3035277777777778,0.0176118674547495,0.010687290749410749,245,0.4042145222544794
k3_disassortative,1800,12.0,km_RRE,decoded,20,0.44252777777777774,0.0907610725322232,0.010935756250910344,122,0.1670127559835038
k3_disassortative,1800,12.0,km_RRE,initial,20,0.21075,0.0109019419912824,0.010534014150107397,407,0.47193383648956555
k3_disassortative,1800,12.0,km_classic_U,decoded,20,0.37569444444444444,0.030783506444293323,0.012262733300667605,298,0.36060460891951795
k3_disassortative,1800,12.0,km_classic_U,initial,20,0.38225,0.03209466332437737,0.011808231650138622,272,0.35244917796132086
k3_disassortative,1800,12.0,km_neighbor_degree,decoded,20,0.47119444444444447,0.09288990230707149,0.011920214449128252,97,0.13271526188385713
k3_disassortative,1800,12.0,km_neighbor_degree,initial,20,0.31752777777777774,0.011979887574714295,0.011504294449696317,507,0.35402518372975844
k3_disassortative,1800,12.0,km_spec,decoded,20,0.5190277777777778,0.11227386846439832,0.010399391300234128,41,0.0919443393703211
k3_disassortative,1800,12.0,km_spec,initial,20,0.25419444444444445,0.013092953776611703,0.009981069549758104,395,0.38280197610511146
k3_disassortative,1800,12.0,km_spec_degree,decoded,20,0.5435555555555556,0.08666186821324148,0.010336099749110872,42,0.0621600122529843
k3_disassortative,1800,12.0,km_spec_degree,initial,20,0.2612777777777778,0.01251003495833924,0.009928772549392307,401,0.36755998289202346
k3_disassortative,1800,12.0,poisson_gaussian,decoded,20,0.5153333333333333,0.09216115077840835,0.3112935455490515,31,0.08862396231762534
k3_disassortative,1800,12.0,poisson_gaussian,initial,20,0.22549999999999998,0.01853547956215566,0.3108498221001355,308,0.4730989033470848
k3_disassortative,1800,12.0,raw_bernoulli_vem,initial,20,0.14155555555555555,0.009239432964607325,0.19756711620066197,457,0.6423275892929494
k3_disassortative,1800,12.0,spectral_bernoulli_surrogate,decoded,20,0.4778611111111111,0.08915917878599695,0.2926297764006449,4,0.18282006676619095
k3_disassortative,1800,12.0,spectral_bernoulli_surrogate,initial,20,0.33744444444444444,0.08636143581391786,0.2921884145504009,212,0.38461512121010694
k3_disassortative,1800,24.0,edge_only_oracle,reference,20,0.041138888888888885,0.004163156416113763,0.0,573,0.8831078774626755
k3_disassortative,1800,24.0,gmm_full_neighbor_degree,decoded,20,0.5233611111111112,0.08878804129387648,0.285240987000725,31,0.08879286766690483
k3_disassortative,1800,24.0,gmm_full_neighbor_degree,initial,20,0.07333333333333333,0.008901672094717452,0.2847967581998091,479,0.7996565089003265
k3_disassortative,1800,24.0,gmm_full_spec,decoded,20,0.4910555555555556,0.08478748804307727,0.25129899555067825,84,0.10681761146114122
k3_disassortative,1800,24.0,gmm_full_spec,initial,20,0.09519444444444444,0.015512969065487455,0.2508522515505319,488,0.7500516192124899
k3_disassortative,1800,24.0,gmm_full_spec_degree,decoded,20,0.5083333333333333,0.09221869929155008,0.227979117949144,28,0.0946245979640405
k3_disassortative,1800,24.0,gmm_full_spec_degree,initial,20,0.07455555555555556,0.01094406595361801,0.22752311204967554,509,0.7980599743852823
k3_disassortative,1800,24.0,gmm_tied_spec,decoded,20,0.5464444444444444,0.06504744107682701,0.09044640664833423,39,0.05600994343824182
k3_disassortative,1800,24.0,gmm_tied_spec,initial,20,0.10686111111111112,0.012965535111006789,0.09000030259958294,429,0.7140312327226583
k3_disassortative,1800,24.0,km_ASE,decoded,20,0.2871944444444444,0.021807888093667252,0.010272235501543037,458,0.4840741528243995
k3_disassortative,1800,24.0,km_ASE,initial,20,0.2593888888888889,0.03186681388467466,0.00986232055038272,366,0.5100876146118448
k3_disassortative,1800,24.0,km_RRE,decoded,20,0.5224166666666668,0.09118921823202222,0.009833247549613589,29,0.08879880864285782
k3_disassortative,1800,24.0,km_RRE,initial,20,0.08691666666666667,0.007915396943421716,0.008825115649597138,499,0.7623381908073134
k3_disassortative,1800,24.0,km_classic_U,decoded,20,0.32555555555555554,0.013233053699030693,0.011900274048457504,434,0.4665251016000075
k3_disassortative,1800,24.0,km_classic_U,initial,20,0.3424722222222222,0.017151311287548595,0.011452252549133846,424,0.4283905815109577
k3_disassortative,1800,24.0,km_neighbor_degree,decoded,20,0.32213888888888886,0.15473816940924678,0.012268445849622367,18,0.38539023971347
k3_disassortative,1800,24.0,km_neighbor_degree,initial,20,0.20244444444444448,0.09582757419766079,0.011843829799909144,472,0.5856870830582136
k3_disassortative,1800,24.0,km_spec,decoded,20,0.5225555555555556,0.090518038366149,0.00996185844996944,19,0.07953411041022602
k3_disassortative,1800,24.0,km_spec,initial,20,0.14391666666666666,0.009081386042319905,0.009557772600237513,472,0.6181029239538984
k3_disassortative,1800,24.0,km_spec_degree,decoded,20,0.5603333333333333,0.0926049621367326,0.010044503000972326,7,0.052329892806839584
k3_disassortative,1800,24.0,km_spec_degree,initial,20,0.15702777777777777,0.00972873633064917,0.009634149250996416,465,0.5855474532620011
k3_disassortative,1800,24.0,poisson_gaussian,decoded,20,0.49811111111111106,0.07407045800140573,0.15948478440041072,50,0.10632687465093178
k3_disassortative,1800,24.0,poisson_gaussian,initial,20,0.06530555555555555,0.008159940739888521,0.15905364445061423,536,0.8199982397080386
k3_disassortative,1800,24.0,raw_bernoulli_vem,initial,20,0.04680555555555556,0.004465865774405868,0.12399054950001301,575,0.8682218109190952
k3_disassortative,1800,24.0,spectral_bernoulli_surrogate,decoded,20,0.5168055555555555,0.08631166515170798,0.1038204875010706,0,0.13160750603171004
k3_disassortative,1800,24.0,spectral_bernoulli_surrogate,initial,20,0.15219444444444447,0.15302106891165085,0.10336544450037763,182,0.7241631415145274
k3_disassortative,1800,64.0,edge_only_oracle,reference,20,0.0028888888888888853,0.0014374549742927393,0.0,596,0.991369384055238
k3_disassortative,1800,64.0,gmm_full_neighbor_degree,decoded,20,0.4607222222222222,0.1202033013615667,0.10678980760094418,65,0.1582314449225353
k3_disassortative,1800,64.0,gmm_full_neighbor_degree,initial,20,0.0049722222222222225,0.0018246293472129675,0.10631948910086067,591,0.9851883644245071
k3_disassortative,1800,64.0,gmm_full_spec,decoded,20,0.4634722222222222,0.11993607174675552,0.12327048809893312,15,0.1548321432996868
k3_disassortative,1800,64.0,gmm_full_spec,initial,20,0.00899999999999999,0.002475349556244747,0.122820488949219,585,0.9733595652816691
k3_disassortative,1800,64.0,gmm_full_spec_degree,decoded,20,0.4553055555555556,0.11712253944593165,0.09829871204783558,34,0.1633110879510191
k3_disassortative,1800,64.0,gmm_full_spec_degree,initial,20,0.006194444444444442,0.0024268037041185473,0.09784769944817526,588,0.981592630553941
k3_disassortative,1800,64.0,gmm_tied_spec,decoded,20,0.4409722222222222,0.10256408557785884,0.05531685109999671,43,0.17258553168932417
k3_disassortative,1800,64.0,gmm_tied_spec,initial,20,0.011000000000000005,0.003119870709238638,0.05486394714935159,567,0.9675243519646873
k3_disassortative,1800,64.0,km_ASE,decoded,20,0.44299999999999995,0.12101227256134535,0.009664952700040886,37,0.1784893549929299
k3_disassortative,1800,64.0,km_ASE,initial,20,0.00905555555555555,0.0030058422645405547,0.009227369849031674,578,0.9731956779569474
k3_disassortative,1800,64.0,km_RRE,decoded,20,0.43947222222222226,0.10399203295194724,0.008450760298364913,54,0.175004930303286
k3_disassortative,1800,64.0,km_RRE,initial,20,0.010222222222222226,0.0026637410852409856,0.008052233199123293,575,0.9697826117056569
k3_disassortative,1800,64.0,km_classic_U,decoded,20,0.3060833333333334,0.024914718087666855,0.011616393449730821,382,0.5043832054555243
k3_disassortative,1800,64.0,km_classic_U,initial,20,0.32913888888888887,0.014861801098919108,0.011165210000399384,471,0.47221539240647126
k3_disassortative,1800,64.0,km_neighbor_degree,decoded,20,0.4251111111111111,0.13011323603320737,0.009827803249572753,13,0.19978284731005105
k3_disassortative,1800,64.0,km_neighbor_degree,initial,20,0.04036111111111111,0.005423204182007167,0.009422249099588952,561,0.8858740901481985
k3_disassortative,1800,64.0,km_spec,decoded,20,0.3922222222222222,0.0872764944571581,0.009187706550073926,188,0.22161917751781365
k3_disassortative,1800,64.0,km_spec,initial,20,0.03491666666666668,0.005209312773404016,0.008779547550875576,542,0.898984965781823
k3_disassortative,1800,64.0,km_spec_degree,decoded,20,0.4214444444444444,0.10526620853279267,0.00923717900113843,4,0.1901348438883414
k3_disassortative,1800,64.0,km_spec_degree,initial,20,0.0408888888888889,0.005102586330916633,0.008832331850135234,541,0.8820209538688969
k3_disassortative,1800,64.0,poisson_gaussian,decoded,20,0.4571666666666666,0.11559897126378314,0.08503310055020848,57,0.1601216157007151
k3_disassortative,1800,64.0,poisson_gaussian,initial,20,0.0044444444444444505,0.0022728158763519043,0.08460569549970387,594,0.9867619125235138
k3_disassortative,1800,64.0,raw_bernoulli_vem,initial,20,0.0030277777777777738,0.001436041686197328,0.08675389619966153,595,0.990955875846191
k3_disassortative,1800,64.0,spectral_bernoulli_surrogate,decoded,20,0.4628055555555555,0.1229924527655943,0.0530395445493923,21,0.15833003717962707
k3_disassortative,1800,64.0,spectral_bernoulli_surrogate,initial,20,0.006722222222222213,0.0021622011262140773,0.05261207144940272,592,0.9800325927819472
k3_disassortative,1800,96.0,edge_only_oracle,reference,20,0.0004999999999999837,0.0005066163922938755,0.0,598,0.9985005562524026
k3_disassortative,1800,96.0,gmm_full_neighbor_degree,decoded,20,0.3855277777777778,0.13337931407456688,0.07962368735061318,2,0.2520830155998349
k3_disassortative,1800,96.0,gmm_full_neighbor_degree,initial,20,0.0008055555555555427,0.0005833681415401541,0.0791656437504571,597,0.9975850273629401
k3_disassortative,1800,96.0,gmm_full_spec,decoded,20,0.38466666666666666,0.13200316021971673,0.0704754773505556,23,0.25309800293382273
k3_disassortative,1800,96.0,gmm_full_spec,initial,20,0.0013333333333333253,0.000707336473179365,0.07004553900042083,597,0.9960057063460118
k3_disassortative,1800,96.0,gmm_full_spec_degree,decoded,20,0.3849444444444444,0.13263117992967816,0.06889415885016206,23,0.25292396903272685
k3_disassortative,1800,96.0,gmm_full_spec_degree,initial,20,0.0009999999999999898,0.0005584718777222783,0.0684439956494316,597,0.9970025046395289
k3_disassortative,1800,96.0,gmm_tied_spec,decoded,20,0.38258333333333333,0.1238611899646826,0.043980561200078226,125,0.2506323249295316
k3_disassortative,1800,96.0,gmm_tied_spec,initial,20,0.002472222222222231,0.0009274354167497209,0.043547511550423225,594,0.992605104777825
k3_disassortative,1800,96.0,km_ASE,decoded,20,0.37955555555555553,0.12936625151305617,0.008771533299295697,39,0.25775807877317
k3_disassortative,1800,96.0,km_ASE,initial,20,0.002055555555555544,0.0008473480397421384,0.008374404050118755,594,0.9938486176871493
k3_disassortative,1800,96.0,km_RRE,decoded,20,0.38183333333333336,0.12598721275501645,0.008251491499322583,125,0.2524740427930695
k3_disassortative,1800,96.0,km_RRE,initial,20,0.002305555555555555,0.0008695819912499189,0.007849277449713555,594,0.9931028678886644
k3_disassortative,1800,96.0,km_classic_U,decoded,20,0.28627777777777774,0.040946445950746466,0.01118825750054384,417,0.5172889697379973
k3_disassortative,1800,96.0,km_classic_U,initial,20,0.3166388888888889,0.017726969611074055,0.010734035250425222,456,0.48612650152921777
k3_disassortative,1800,96.0,km_neighbor_degree,decoded,20,0.36041666666666666,0.11685822132882971,0.009415869999793358,159,0.27653856634666374
k3_disassortative,1800,96.0,km_neighbor_degree,initial,20,0.01933333333333333,0.003996424652923882,0.00899803799984511,577,0.9436348118642386
k3_disassortative,1800,96.0,km_spec,decoded,20,0.3714166666666667,0.14182275256424579,0.009021781599585665,6,0.2725164982084306
k3_disassortative,1800,96.0,km_spec,initial,20,0.012555555555555552,0.0020022729124958023,0.008623896950302879,578,0.9628648220755178
k3_disassortative,1800,96.0,km_spec_degree,decoded,20,0.37369444444444444,0.13661022880218493,0.00898028864976368,105,0.26523419370111606
k3_disassortative,1800,96.0,km_spec_degree,initial,20,0.015000000000000003,0.0021927875157020872,0.00857112425037485,575,0.9557089167521514
k3_disassortative,1800,96.0,poisson_gaussian,decoded,20,0.38380555555555557,0.13217740591408975,0.07345775730027526,38,0.2540314993393379
k3_disassortative,1800,96.0,poisson_gaussian,initial,20,0.0006666666666666488,0.0004630604185924999,0.0730349503493926,597,0.9980006959144999
k3_disassortative,1800,96.0,raw_bernoulli_vem,initial,20,0.0004722222222222072,0.0005185011136037295,0.09162407260082546,598,0.9985839127724535
k3_disassortative,1800,96.0,spectral_bernoulli_surrogate,decoded,20,0.3857777777777778,0.1336999589092894,0.03658248614883632,23,0.25208741858777733
k3_disassortative,1800,96.0,spectral_bernoulli_surrogate,initial,20,0.0011388888888888837,0.0005247295785490979,0.03616351634846069,597,0.9965865572274136
k3_equal_degree,1800,4.0,edge_only_oracle,reference,20,0.19680555555555554,0.010291203495981983,0.0,526,0.5158840618273827
k3_equal_degree,1800,4.0,gmm_full_neighbor_degree,decoded,20,0.5809166666666667,0.05752821580785457,0.32258100979888693,73,0.04627265035491174
k3_equal_degree,1800,4.0,gmm_full_neighbor_degree,initial,20,0.6129444444444444,0.03835180502490032,0.322138055549658,146,0.01816085660222059
k3_equal_degree,1800,4.0,gmm_full_spec,decoded,20,0.6043333333333334,0.042004903949604086,0.30166635535133535,75,0.020629348930636643
k3_equal_degree,1800,4.0,gmm_full_spec,initial,20,0.6385833333333333,0.010104192414709657,0.30118122110070544,250,0.002553593091343615
k3_equal_degree,1800,4.0,gmm_full_spec_degree,decoded,20,0.6025833333333332,0.03766550007681286,0.3426498317003279,156,0.020437718541540337
k3_equal_degree,1800,4.0,gmm_full_spec_degree,initial,20,0.6387222222222222,0.010393649032987503,0.34219197340062235,247,0.0026788327980576607
k3_equal_degree,1800,4.0,gmm_tied_spec,decoded,20,0.5569999999999999,0.03664512924081485,0.1821486321503471,47,0.057000646011987156
k3_equal_degree,1800,4.0,gmm_tied_spec,initial,20,0.63075,0.020733209698584033,0.18166494959987176,25,0.005559635435553054
k3_equal_degree,1800,4.0,km_ASE,decoded,20,0.5673055555555555,0.036341494067156026,0.011397202150692464,95,0.04256502347305459
k3_equal_degree,1800,4.0,km_ASE,initial,20,0.5729166666666666,0.03295737052018772,0.010969206850495539,80,0.034382021562513534
k3_equal_degree,1800,4.0,km_RRE,decoded,20,0.5643888888888889,0.036233889341914495,0.01152436284974101,89,0.04247748484351736
k3_equal_degree,1800,4.0,km_RRE,initial,20,0.5714444444444444,0.03264712786394512,0.01110946824956045,75,0.03378719529532547
k3_equal_degree,1800,4.0,km_classic_U,decoded,20,0.5646666666666667,0.0382148775753131,0.01151986314835085,90,0.04638686303733095
k3_equal_degree,1800,4.0,km_classic_U,initial,20,0.572388888888889,0.033557772669870436,0.011050391399112413,75,0.03596917116481339
k3_equal_degree,1800,4.0,km_neighbor_degree,decoded,20,0.5735555555555556,0.05971243629875558,0.011578582449510577,12,0.04982355084560014
k3_equal_degree,1800,4.0,km_neighbor_degree,initial,20,0.5435555555555556,0.043662120502005436,0.011159838050298276,217,0.06838510472062324
k3_equal_degree,1800,4.0,km_spec,decoded,20,0.59425,0.04450262091558288,0.011700289401414921,14,0.027805489958993103
k3_equal_degree,1800,4.0,km_spec,initial,20,0.5759444444444444,0.029342535770755913,0.011299024650725187,155,0.02979700774430641
k3_equal_degree,1800,4.0,km_spec_degree,decoded,20,0.6064444444444445,0.032559437327207126,0.01216309140145313,2,0.017191306124032864
k3_equal_degree,1800,4.0,km_spec_degree,initial,20,0.5663333333333334,0.017875644365126696,0.011737742400509888,178,0.03820263904223927
k3_equal_degree,1800,4.0,poisson_gaussian,decoded,20,0.5904444444444444,0.0582522689309827,0.3140316051983973,98,0.033106339204726776
k3_equal_degree,1800,4.0,poisson_gaussian,initial,20,0.6238888888888889,0.02953065829061932,0.31359280349824986,202,0.01058019049467895
k3_equal_degree,1800,4.0,raw_bernoulli_vem,initial,20,0.6640555555555556,0.004196675561677453,0.12128984965056588,0,-2.8428117438138518e-06
k3_equal_degree,1800,4.0,spectral_bernoulli_surrogate,decoded,20,0.620638888888889,0.06367872246368397,0.15080702014820418,0,0.027968564878895912
k3_equal_degree,1800,4.0,spectral_bernoulli_surrogate,initial,20,0.6317222222222222,0.057287307560552767,0.1505887539493415,0,0.010349843411645656
k3_equal_degree,1800,6.0,edge_only_oracle,reference,20,0.14033333333333334,0.010717289717805834,0.0,560,0.6358086345636728
k3_equal_degree,1800,6.0,gmm_full_neighbor_degree,decoded,20,0.49158333333333337,0.09188504468082603,0.3596694439012936,26,0.14304392702333546
k3_equal_degree,1800,6.0,gmm_full_neighbor_degree,initial,20,0.4328333333333333,0.027024824339934004,0.3592189249509829,148,0.22871314835847362
k3_equal_degree,1800,6.0,gmm_full_spec,decoded,20,0.5611111111111111,0.08936549855891568,0.26079445479736024,40,0.071233117330787
k3_equal_degree,1800,6.0,gmm_full_spec,initial,20,0.5658333333333333,0.07725103589666946,0.26034638674900634,152,0.06982215053007274
k3_equal_degree,1800,6.0,gmm_full_spec_degree,decoded,20,0.5594722222222221,0.07623862946356086,0.2590675619998365,28,0.06678235200903769
k3_equal_degree,1800,6.0,gmm_full_spec_degree,initial,20,0.5725833333333333,0.07412567586175733,0.2586198628996499,229,0.06876505188656688
k3_equal_degree,1800,6.0,gmm_tied_spec,decoded,20,0.5375277777777778,0.06197881458038806,0.18949082650033233,15,0.07528666823090466
k3_equal_degree,1800,6.0,gmm_tied_spec,initial,20,0.5762777777777778,0.029036453976323758,0.18904019560104643,31,0.028046216899910124
k3_equal_degree,1800,6.0,km_ASE,decoded,20,0.42738888888888893,0.03444496321058129,0.011405809050484095,159,0.22815543368567898
k3_equal_degree,1800,6.0,km_ASE,initial,20,0.4534166666666667,0.03475350637458235,0.011000901899751624,171,0.17978504192063055
k3_equal_degree,1800,6.0,km_RRE,decoded,20,0.43597222222222226,0.06203393478030785,0.01100349070111406,33,0.20084209748134335
k3_equal_degree,1800,6.0,km_RRE,initial,20,0.45394444444444443,0.027355206861402994,0.010600642300778418,151,0.16349021002636982
k3_equal_degree,1800,6.0,km_classic_U,decoded,20,0.4298333333333333,0.03422449107691279,0.011719133099904865,170,0.23389075974804502
k3_equal_degree,1800,6.0,km_classic_U,initial,20,0.4504444444444444,0.033303885627967295,0.01128575215007004,190,0.1922678978920928
k3_equal_degree,1800,6.0,km_neighbor_degree,decoded,20,0.5540555555555555,0.0706601425875106,0.011505819249214256,27,0.06474688128566479
k3_equal_degree,1800,6.0,km_neighbor_degree,initial,20,0.45422222222222225,0.01282713579118845,0.011095565999130485,405,0.19865898809495883
k3_equal_degree,1800,6.0,km_spec,decoded,20,0.5890833333333333,0.05326484241314291,0.01042047400114825,7,0.032126078603133316
k3_equal_degree,1800,6.0,km_spec,initial,20,0.5008888888888889,0.014860626051000692,0.010027689500930137,268,0.10542720615804288
k3_equal_degree,1800,6.0,km_spec_degree,decoded,20,0.6202222222222222,0.03642058126171515,0.010839945001134766,4,0.01257579810672603
k3_equal_degree,1800,6.0,km_spec_degree,initial,20,0.5163333333333333,0.012381209431172624,0.01043425570060208,250,0.09906579711753793
k3_equal_degree,1800,6.0,poisson_gaussian,decoded,20,0.5305555555555556,0.07711960450048087,0.2910041255505348,92,0.1001478893237163
k3_equal_degree,1800,6.0,poisson_gaussian,initial,20,0.4487222222222222,0.02876440792182098,0.2905762528502237,176,0.21080683525965788
k3_equal_degree,1800,6.0,raw_bernoulli_vem,initial,20,0.38458333333333333,0.016676288645527643,0.16245847445061373,0,0.3753817971756641
k3_equal_degree,1800,6.0,spectral_bernoulli_surrogate,decoded,20,0.578111111111111,0.08277226324894602,0.1642900319006003,1,0.0686205922619779
k3_equal_degree,1800,6.0,spectral_bernoulli_surrogate,initial,20,0.47936111111111107,0.09345165762676645,0.16384484765003435,29,0.10170196985408175
k3_equal_degree,1800,12.0,edge_only_oracle,reference,20,0.0538611111111111,0.004346415251222819,0.0,579,0.8482197937793412
k3_equal_degree,1800,12.0,gmm_full_neighbor_degree,decoded,20,0.21988888888888888,0.1322548487929262,0.3658342729504511,15,0.5476247721954803
k3_equal_degree,1800,12.0,gmm_full_neighbor_degree,initial,20,0.21838888888888888,0.07819269029848223,0.3653767121002602,168,0.5598828159154225
k3_equal_degree,1800,12.0,gmm_full_spec,decoded,20,0.3684722222222222,0.13335561156472744,0.22065769159817136,4,0.32763417118726046
k3_equal_degree,1800,12.0,gmm_full_spec,initial,20,0.29883333333333334,0.05511606867911277,0.22021135014947504,215,0.4759185915682811
k3_equal_degree,1800,12.0,gmm_full_spec_degree,decoded,20,0.4057777777777778,0.09396825255706834,0.23885273424821207,10,0.27284506478419707
k3_equal_degree,1800,12.0,gmm_full_spec_degree,initial,20,0.32422222222222224,0.02228601953392903,0.23840238174889236,194,0.45040984710981524
k3_equal_degree,1800,12.0,gmm_tied_spec,decoded,20,0.2406388888888889,0.07368696301598078,0.17368991749935958,181,0.4961087737409168
k3_equal_degree,1800,12.0,gmm_tied_spec,initial,20,0.32999999999999996,0.05652286535546657,0.17323807669890812,78,0.32940256517338407
k3_equal_degree,1800,12.0,km_ASE,decoded,20,0.15983333333333333,0.0552991451253267,0.010312427999087959,411,0.625059650031039
k3_equal_degree,1800,12.0,km_ASE,initial,20,0.18322222222222223,0.05345186633126104,0.009903331499663182,372,0.5717459370581082
k3_equal_degree,1800,12.0,km_RRE,decoded,20,0.15905555555555556,0.05537546835130793,0.010449125949526206,384,0.6260809074748076
k3_equal_degree,1800,12.0,km_RRE,initial,20,0.1824722222222222,0.0529004345720121,0.010047443250732613,325,0.5734659083154062
k3_equal_degree,1800,12.0,km_classic_U,decoded,20,0.16099999999999998,0.05367658789797533,0.010631565300354851,428,0.6226332404577395
k3_equal_degree,1800,12.0,km_classic_U,initial,20,0.18680555555555556,0.05218702154438223,0.010177851199841825,368,0.5645693478243812
k3_equal_degree,1800,12.0,km_neighbor_degree,decoded,20,0.2225277777777778,0.1192225567214069,0.011552946649317164,122,0.5294694850368681
k3_equal_degree,1800,12.0,km_neighbor_degree,initial,20,0.26691666666666664,0.08499311499845738,0.01113605745085806,453,0.45679884853298497
k3_equal_degree,1800,12.0,km_spec,decoded,20,0.22961111111111113,0.10738611236098082,0.010904232200118713,321,0.4978487356833711
k3_equal_degree,1800,12.0,km_spec,initial,20,0.30380555555555555,0.07130713000902125,0.010509322700818302,341,0.34847613541044975
k3_equal_degree,1800,12.0,km_spec_degree,decoded,20,0.4646111111111111,0.07448613216995513,0.01075175579971983,27,0.1873815964689777
k3_equal_degree,1800,12.0,km_spec_degree,initial,20,0.4563055555555556,0.019058641251877614,0.010338601849798578,327,0.19094659653757437
k3_equal_degree,1800,12.0,poisson_gaussian,decoded,20,0.2200277777777778,0.1404697719177051,0.3165038145994913,127,0.5394020601941334
k3_equal_degree,1800,12.0,poisson_gaussian,initial,20,0.20869444444444443,0.07672687588310258,0.316070897699683,140,0.57103967317049
k3_equal_degree,1800,12.0,raw_bernoulli_vem,initial,20,0.10116666666666667,0.0648767762867771,0.21013824635119818,21,0.75639533839637
k3_equal_degree,1800,12.0,spectral_bernoulli_surrogate,decoded,20,0.4638888888888889,0.07230696782358846,0.3098918311505258,100,0.2026578310846492
k3_equal_degree,1800,12.0,spectral_bernoulli_surrogate,initial,20,0.36777777777777776,0.053674590482068914,0.30942584965087006,250,0.19889931398507343
k3_equal_degree,1800,24.0,edge_only_oracle,reference,20,0.011388888888888888,0.0026459968906178155,0.0,595,0.9663257042095761
k3_equal_degree,1800,24.0,gmm_full_neighbor_degree,decoded,20,0.023499999999999983,0.004697129755523145,0.183289441650777,586,0.931756798950101
k3_equal_degree,1800,24.0,gmm_full_neighbor_degree,initial,20,0.024111111111111118,0.004568445606183815,0.18281966040012776,577,0.9300285780947718
k3_equal_degree,1800,24.0,gmm_full_spec,decoded,20,0.023777777777777766,0.005119113999038566,0.1238895329501247,578,0.9310008888756329
k3_equal_degree,1800,24.0,gmm_full_spec,initial,20,0.026555555555555548,0.0065995648349263395,0.12344170174983446,553,0.9233157010095328
k3_equal_degree,1800,24.0,gmm_full_spec_degree,decoded,20,0.02372222222222222,0.004782807090477038,0.1533115223995992,577,0.9311480744057657
k3_equal_degree,1800,24.0,gmm_full_spec_degree,initial,20,0.02666666666666668,0.006120407601931029,0.152871531049459,548,0.9230006016291347
k3_equal_degree,1800,24.0,gmm_tied_spec,decoded,20,0.02486111111111111,0.005065763102975162,0.08728648759934003,559,0.9279380260822908
k3_equal_degree,1800,24.0,gmm_tied_spec,initial,20,0.039,0.011018031178306477,0.0868554941509501,498,0.8890178476719326
k3_equal_degree,1800,24.0,km_ASE,decoded,20,0.02452777777777778,0.004927264983834617,0.00862697165030113,582,0.9288934596053247
k3_equal_degree,1800,24.0,km_ASE,initial,20,0.031999999999999994,0.004659978498892074,0.008235111100293579,565,0.9078849643668347
k3_equal_degree,1800,24.0,km_RRE,decoded,20,0.024111111111111118,0.0046144390161100245,0.008734294050009339,582,0.9300332802409796
k3_equal_degree,1800,24.0,km_RRE,initial,20,0.029555555555555564,0.005115939748098382,0.008324642300794948,565,0.914614727065748
k3_equal_degree,1800,24.0,km_classic_U,decoded,20,0.024416666666666677,0.00495094519759386,0.009177903700401658,581,0.9292018969417553
k3_equal_degree,1800,24.0,km_classic_U,initial,20,0.03458333333333333,0.005138987670932993,0.00874280309981259,567,0.9007132473485647
k3_equal_degree,1800,24.0,km_neighbor_degree,decoded,20,0.024500000000000004,0.00505621421067675,0.010103055652507464,581,0.9289721587373461
k3_equal_degree,1800,24.0,km_neighbor_degree,initial,20,0.03474999999999999,0.004841459861781592,0.009695006300535169,568,0.9002308672011925
k3_equal_degree,1800,24.0,km_spec,decoded,20,0.024722222222222222,0.005262751771205638,0.010051405000194791,568,0.9283537358770712
k3_equal_degree,1800,24.0,km_spec,initial,20,0.03925,0.00992871767640997,0.009642988100313232,515,0.8877511089402594
k3_equal_degree,1800,24.0,km_spec_degree,decoded,20,0.2836666666666667,0.09482832201547331,0.01012595459978911,18,0.47453795328090315
k3_equal_degree,1800,24.0,km_spec_degree,initial,20,0.4265,0.019154564362898575,0.009719275850147823,362,0.24074694189421725
k3_equal_degree,1800,24.0,poisson_gaussian,decoded,20,0.02361111111111111,0.004790951510323292,0.22476441660001,586,0.931448367467351
k3_equal_degree,1800,24.0,poisson_gaussian,initial,20,0.02425,0.00425118949069198,0.2243386935988383,577,0.9296262445261283
k3_equal_degree,1800,24.0,raw_bernoulli_vem,initial,20,0.012999999999999994,0.0033255269213679993,0.11727591309900162,594,0.9616781525861002
k3_equal_degree,1800,24.0,spectral_bernoulli_surrogate,decoded,20,0.023555555555555552,0.004911166679582942,0.07466196554923954,584,0.9316060218530344
k3_equal_degree,1800,24.0,spectral_bernoulli_surrogate,initial,20,0.023111111111111103,0.004278328361317247,0.07421913024954847,587,0.9328245272859327
k3_equal_degree,1800,64.0,edge_only_oracle,reference,20,0.00016666666666665942,0.0003649703807398654,0.0,598,0.9995001391212497
k3_equal_degree,1800,64.0,gmm_full_neighbor_degree,decoded,20,0.0002222222222222181,0.0004559903787045116,0.07898759795061779,598,0.9993337042453287
k3_equal_degree,1800,64.0,gmm_full_neighbor_degree,initial,20,0.0002777777777777712,0.0005555555555555519,0.0785500777510606,598,0.9991674087989102
k3_equal_degree,1800,64.0,gmm_full_spec,decoded,20,0.0002222222222222181,0.0004559903787045116,0.05321638574969256,598,0.9993337042453287
k3_equal_degree,1800,64.0,gmm_full_spec,initial,20,0.0002777777777777712,0.0005555555555555519,0.05278964625031222,598,0.9991674087989102
k3_equal_degree,1800,64.0,gmm_full_spec_degree,decoded,20,0.0002222222222222181,0.0004559903787045116,0.06608676355026546,598,0.9993337042453287
k3_equal_degree,1800,64.0,gmm_full_spec_degree,initial,20,0.0002777777777777712,0.0005555555555555519,0.06560196970058314,598,0.9991674087989102
k3_equal_degree,1800,64.0,gmm_tied_spec,decoded,20,0.0002222222222222181,0.0004559903787045116,0.03717603059922112,598,0.9993337042453287
k3_equal_degree,1800,64.0,gmm_tied_spec,initial,20,0.0004722222222222072,0.00048616332217522683,0.03675000209914288,598,0.9985837741159257
k3_equal_degree,1800,64.0,km_ASE,decoded,20,0.0002499999999999947,0.00045865441526771834,0.00783039630005078,598,0.9992503477252779
k3_equal_degree,1800,64.0,km_ASE,initial,20,0.0006111111111110901,0.0005066163922938743,0.007441123550233897,598,0.9981674087232543
k3_equal_degree,1800,64.0,km_RRE,decoded,20,0.0002499999999999947,0.00045865441526771834,0.007873406251019333,598,0.9992503477252779
k3_equal_degree,1800,64.0,km_RRE,initial,20,0.0005555555555555369,0.00047688615293274404,0.007484520700018038,598,0.9983338435218005
k3_equal_degree,1800,64.0,km_classic_U,decoded,20,0.0002499999999999947,0.00045865441526771834,0.008398361049694358,598,0.9992503477252779
k3_equal_degree,1800,64.0,km_classic_U,initial,20,0.0007499999999999784,0.0005185011136037368,0.007930114550254075,598,0.9977511127749097
k3_equal_degree,1800,64.0,km_neighbor_degree,decoded,20,0.0002499999999999947,0.00045865441526771834,0.009114483249868499,598,0.9992503477252779
k3_equal_degree,1800,64.0,km_neighbor_degree,initial,20,0.0006944444444444198,0.00043688750869835466,0.00871266819885932,598,0.9979173391631013
k3_equal_degree,1800,64.0,km_spec,decoded,20,0.0002499999999999947,0.00045865441526771834,0.008402364999346901,598,0.9992503477252779
k3_equal_degree,1800,64.0,km_spec,initial,20,0.0008055555555555261,0.00045865441526771124,0.008010089249364683,598,0.9975843998121825
k3_equal_degree,1800,64.0,km_spec_degree,decoded,20,0.15652777777777777,0.11885170143112563,0.010353503350052052,4,0.7023307932042683
k3_equal_degree,1800,64.0,km_spec_degree,initial,20,0.3788055555555555,0.0230442091434862,0.009956764349408332,418,0.306040021227613
k3_equal_degree,1800,64.0,poisson_gaussian,decoded,20,0.0002222222222222181,0.0004559903787045116,0.13008025069793802,598,0.9993337042453287
k3_equal_degree,1800,64.0,poisson_gaussian,initial,20,0.0002499999999999947,0.0005548240798524716,0.12963794484858226,598,0.9992507653189613
k3_equal_degree,1800,64.0,raw_bernoulli_vem,initial,20,0.00013888888888888284,0.0003056220023445316,0.07445183130002989,599,0.999583356365773
k3_equal_degree,1800,64.0,spectral_bernoulli_surrogate,decoded,20,0.0002222222222222181,0.0004559903787045116,0.03765760335045343,598,0.9993337042453287
k3_equal_degree,1800,64.0,spectral_bernoulli_surrogate,initial,20,0.0002222222222222181,0.0004559903787045116,0.03720528039993951,598,0.9993337042453287
k3_equal_degree,1800,96.0,edge_only_oracle,reference,20,0.0,0.0,0.0,600,1.0
k3_equal_degree,1800,96.0,gmm_full_neighbor_degree,decoded,20,0.0,0.0,0.07109600585135922,600,1.0
k3_equal_degree,1800,96.0,gmm_full_neighbor_degree,initial,20,0.0,0.0,0.07067032060003839,600,1.0
k3_equal_degree,1800,96.0,gmm_full_spec,decoded,20,0.0,0.0,0.042029200949764346,600,1.0
k3_equal_degree,1800,96.0,gmm_full_spec,initial,20,0.0,0.0,0.04158445429966377,600,1.0
k3_equal_degree,1800,96.0,gmm_full_spec_degree,decoded,20,0.0,0.0,0.06603186815009394,600,1.0
k3_equal_degree,1800,96.0,gmm_full_spec_degree,initial,20,0.0,0.0,0.06558407555057784,600,1.0
k3_equal_degree,1800,96.0,gmm_tied_spec,decoded,20,0.0,0.0,0.030570509000244783,600,1.0
k3_equal_degree,1800,96.0,gmm_tied_spec,initial,20,0.0,0.0,0.030158710999239703,600,1.0
k3_equal_degree,1800,96.0,km_ASE,decoded,20,0.0,0.0,0.008284165451186709,600,1.0
k3_equal_degree,1800,96.0,km_ASE,initial,20,0.0,0.0,0.007877017000646446,600,1.0
k3_equal_degree,1800,96.0,km_RRE,decoded,20,0.0,0.0,0.007967957850269158,600,1.0
k3_equal_degree,1800,96.0,km_RRE,initial,20,0.0,0.0,0.007553361100144684,600,1.0
k3_equal_degree,1800,96.0,km_classic_U,decoded,20,0.0,0.0,0.00841552214915282,600,1.0
k3_equal_degree,1800,96.0,km_classic_U,initial,20,0.0,0.0,0.007977671049593483,600,1.0
k3_equal_degree,1800,96.0,km_neighbor_degree,decoded,20,0.0,0.0,0.008934333898650948,600,1.0
k3_equal_degree,1800,96.0,km_neighbor_degree,initial,20,0.0,0.0,0.00853100174899737,600,1.0
k3_equal_degree,1800,96.0,km_spec,decoded,20,0.0,0.0,0.008515803498812601,600,1.0
k3_equal_degree,1800,96.0,km_spec,initial,20,2.777777777777657e-05,0.00012422599874998291,0.008117159348694258,599,0.9999166434799491
k3_equal_degree,1800,96.0,km_spec_degree,decoded,20,0.1609722222222222,0.141853262619016,0.010525486500046099,0,0.7425249434911414
k3_equal_degree,1800,96.0,km_spec_degree,initial,20,0.33852777777777776,0.11936537230396073,0.010094419850065605,422,0.38681153642600496
k3_equal_degree,1800,96.0,poisson_gaussian,decoded,20,0.0,0.0,0.11556533770090027,600,1.0
k3_equal_degree,1800,96.0,poisson_gaussian,initial,20,0.0,0.0,0.11512665930022195,600,1.0
k3_equal_degree,1800,96.0,raw_bernoulli_vem,initial,20,0.0,0.0,0.08512256709982466,600,1.0
k3_equal_degree,1800,96.0,spectral_bernoulli_surrogate,decoded,20,0.0,0.0,0.03603539790019568,600,1.0
k3_equal_degree,1800,96.0,spectral_bernoulli_surrogate,initial,20,0.0,0.0,0.035608173200671445,600,1.0
k3_heterogeneous,1800,4.0,edge_only_oracle,reference,20,0.2391111111111111,0.01334599788397886,0.0,527,0.4489045096993265
k3_heterogeneous,1800,4.0,gmm_full_neighbor_degree,decoded,20,0.5886111111111111,0.03272421036663157,0.4907000193506974,0,0.03327315241515491
k3_heterogeneous,1800,4.0,gmm_full_neighbor_degree,initial,20,0.4580277777777778,0.025323427708412293,0.4902314169004967,95,0.15234657830081497
k3_heterogeneous,1800,4.0,gmm_full_spec,decoded,20,0.5755,0.028311767965426234,0.2604664973499894,63,0.04521129561005988
k3_heterogeneous,1800,4.0,gmm_full_spec,initial,20,0.4184166666666667,0.0160745451148632,0.2600134698997863,358,0.17103781666457926
k3_heterogeneous,1800,4.0,gmm_full_spec_degree,decoded,20,0.5746944444444444,0.029023234066167032,0.24518610940031066,55,0.04639651105824835
k3_heterogeneous,1800,4.0,gmm_full_spec_degree,initial,20,0.4178055555555556,0.017502877327737792,0.24473451790036052,372,0.17337848602409195
k3_heterogeneous,1800,4.0,gmm_tied_spec,decoded,20,0.5946111111111111,0.0278117336319643,0.16246469789875845,5,0.029935628969816025
k3_heterogeneous,1800,4.0,gmm_tied_spec,initial,20,0.5932777777777778,0.018389423323977083,0.1620121175481472,51,0.038928262732364625
k3_heterogeneous,1800,4.0,km_ASE,decoded,20,0.5736388888888888,0.03451580751135837,0.010615407949080691,3,0.04885622225067305
k3_heterogeneous,1800,4.0,km_ASE,initial,20,0.5576388888888888,0.019933185178115122,0.010214113250185619,97,0.08534408001089204
k3_heterogeneous,1800,4.0,km_RRE,decoded,20,0.5803055555555556,0.03700379965738411,0.01085891279981297,22,0.03992819555591575
k3_heterogeneous,1800,4.0,km_RRE,initial,20,0.549611111111111,0.01882954213251285,0.010452500400060672,130,0.1002845297201648
k3_heterogeneous,1800,4.0,km_classic_U,decoded,20,0.5699166666666666,0.03233961023054466,0.011051307350862771,7,0.05413593159018961
k3_heterogeneous,1800,4.0,km_classic_U,initial,20,0.5738888888888889,0.018807012088678604,0.010609669399855193,90,0.06413869692460447
k3_heterogeneous,1800,4.0,km_neighbor_degree,decoded,20,0.5846944444444444,0.04505915359765398,0.011219921250449261,12,0.031776072850986374
k3_heterogeneous,1800,4.0,km_neighbor_degree,initial,20,0.4926666666666667,0.017019272032987004,0.010811744300372083,194,0.19276319375628015
k3_heterogeneous,1800,4.0,km_spec,decoded,20,0.5778333333333333,0.04039236573755668,0.010498205000840245,0,0.04237262649207085
k3_heterogeneous,1800,4.0,km_spec,initial,20,0.5415833333333333,0.01676895996159669,0.010097958299593302,124,0.11209809359694797
k3_heterogeneous,1800,4.0,km_spec_degree,decoded,20,0.5812777777777778,0.03683952696816917,0.011690096950042061,12,0.03597385539307333
k3_heterogeneous,1800,4.0,km_spec_degree,initial,20,0.5286388888888889,0.015342605680191038,0.011267809250057326,120,0.12146603619922522
k3_heterogeneous,1800,4.0,poisson_gaussian,decoded,20,0.5749444444444445,0.03408075301098808,0.39731487869903503,81,0.04073383509172682
k3_heterogeneous,1800,4.0,poisson_gaussian,initial,20,0.42030555555555554,0.02188818756854339,0.3968833570987044,360,0.1726551432259097
k3_heterogeneous,1800,4.0,raw_bernoulli_vem,initial,20,0.4229166666666667,0.03740132132568423,0.2300740198497806,0,0.24136300070460476
k3_heterogeneous,1800,4.0,spectral_bernoulli_surrogate,decoded,20,0.5456388888888889,0.04635592553664172,0.18541567074826162,0,0.0648111398802035
k3_heterogeneous,1800,4.0,spectral_bernoulli_surrogate,initial,20,0.5256666666666667,0.03926493209961688,0.18506400359947292,0,0.09425430109079783
k3_heterogeneous,1800,6.0,edge_only_oracle,reference,20,0.18558333333333332,0.00793998566243593,0.0,546,0.5544862728747166
k3_heterogeneous,1800,6.0,gmm_full_neighbor_degree,decoded,20,0.5925,0.03709763561065901,0.4444953121004801,65,0.038746081586493904
k3_heterogeneous,1800,6.0,gmm_full_neighbor_degree,initial,20,0.3763611111111111,0.0360277828502118,0.4440174812501937,289,0.2635242576550417
k3_heterogeneous,1800,6.0,gmm_full_spec,decoded,20,0.6085833333333334,0.04005741290678825,0.3227923442987958,0,0.02024880273667146
k3_heterogeneous,1800,6.0,gmm_full_spec,initial,20,0.3551388888888889,0.023765063961774077,0.32229484380040957,330,0.2606948650936123
k3_heterogeneous,1800,6.0,gmm_full_spec_degree,decoded,20,0.6158333333333333,0.029751788868414227,0.31590444990069955,36,0.016468282189632925
k3_heterogeneous,1800,6.0,gmm_full_spec_degree,initial,20,0.34208333333333335,0.017030984071789306,0.3154033791495749,347,0.27831932372768564
k3_heterogeneous,1800,6.0,gmm_tied_spec,decoded,20,0.5529722222222222,0.027593114259103105,0.16154277409914358,81,0.0878100952928622
k3_heterogeneous,1800,6.0,gmm_tied_spec,initial,20,0.5859444444444445,0.015315715787956726,0.16109669325051074,61,0.06255008629616823
k3_heterogeneous,1800,6.0,km_ASE,decoded,20,0.5434444444444444,0.037195198359823815,0.010852638900541934,95,0.12203277979510423
k3_heterogeneous,1800,6.0,km_ASE,initial,20,0.5570833333333334,0.014870979671402417,0.010446101800334872,134,0.12279261446469895
k3_heterogeneous,1800,6.0,km_RRE,decoded,20,0.5293888888888889,0.03532081686433108,0.010800396499325871,142,0.1360594375244379
k3_heterogeneous,1800,6.0,km_RRE,initial,20,0.5441666666666667,0.015356389987568463,0.010386629050117335,131,0.15111820257266917
k3_heterogeneous,1800,6.0,km_classic_U,decoded,20,0.5446666666666666,0.022838245227998974,0.012161401548291905,153,0.11284070653707101
k3_heterogeneous,1800,6.0,km_classic_U,initial,20,0.5678333333333334,0.015890197467890423,0.01169877359898237,100,0.09711588894652262
k3_heterogeneous,1800,6.0,km_neighbor_degree,decoded,20,0.529,0.0688472803979477,0.011637442649589502,0,0.08672164553890323
k3_heterogeneous,1800,6.0,km_neighbor_degree,initial,20,0.4372222222222222,0.06054334873479819,0.01122450495022349,252,0.278096170131818
k3_heterogeneous,1800,6.0,km_spec,decoded,20,0.5328333333333333,0.04620908354651957,0.010654282051837072,26,0.13195301695401127
k3_heterogeneous,1800,6.0,km_spec,initial,20,0.5393333333333333,0.01868708852263755,0.010256425100305933,135,0.16247022590570082
k3_heterogeneous,1800,6.0,km_spec_degree,decoded,20,0.5062222222222222,0.05987169517427192,0.011494711101113353,47,0.11358580547268464
k3_heterogeneous,1800,6.0,km_spec_degree,initial,20,0.47805555555555557,0.048857811760050274,0.011090959650027798,148,0.18860072416084392
k3_heterogeneous,1800,6.0,poisson_gaussian,decoded,20,0.5971111111111111,0.034846083175452645,0.3304463131498778,34,0.02741261013295433
k3_heterogeneous,1800,6.0,poisson_gaussian,initial,20,0.3458333333333333,0.02859187168944442,0.3299862616993778,309,0.2868268187319138
k3_heterogeneous,1800,6.0,raw_bernoulli_vem,initial,20,0.31530555555555556,0.040306039691435036,0.20716845265014855,3,0.4263698541067843
k3_heterogeneous,1800,6.0,spectral_bernoulli_surrogate,decoded,20,0.5036388888888889,0.06440497758016855,0.18780588150075345,0,0.10831915785773676
k3_heterogeneous,1800,6.0,spectral_bernoulli_surrogate,initial,20,0.4721388888888889,0.04037441522558956,0.1874361277998105,0,0.1558406957596672
k3_heterogeneous,1800,12.0,edge_only_oracle,reference,20,0.10194444444444443,0.008588680463189061,0.0,535,0.7351113807785679
k3_heterogeneous,1800,12.0,gmm_full_neighbor_degree,decoded,20,0.5633333333333334,0.05510312854846323,0.3892073083497962,2,0.08427065815622363
k3_heterogeneous,1800,12.0,gmm_full_neighbor_degree,initial,20,0.28680555555555554,0.03536125409396725,0.3885215768495982,223,0.47716262418788435
k3_heterogeneous,1800,12.0,gmm_full_spec,decoded,20,0.5811388888888889,0.07937591101941725,0.17831612865193164,16,0.08461339870084891
k3_heterogeneous,1800,12.0,gmm_full_spec,initial,20,0.23705555555555557,0.08440809851854601,0.17784957235053298,243,0.5218844995056633
k3_heterogeneous,1800,12.0,gmm_full_spec_degree,decoded,20,0.6010555555555556,0.06320596097105245,0.21229597545061552,32,0.03661769529563362
k3_heterogeneous,1800,12.0,gmm_full_spec_degree,initial,20,0.20008333333333334,0.0466883390917636,0.211837425700287,339,0.5577662608689024
k3_heterogeneous,1800,12.0,gmm_tied_spec,decoded,20,0.48638888888888887,0.022243045799075115,0.13684453810019476,114,0.3854019885503408
k3_heterogeneous,1800,12.0,gmm_tied_spec,initial,20,0.49108333333333337,0.04001562194943369,0.13638806475028104,81,0.31802701695687935
k3_heterogeneous,1800,12.0,km_ASE,decoded,20,0.4951388888888889,0.008038396728347833,0.009664030498242937,230,0.38705820274765024
k3_heterogeneous,1800,12.0,km_ASE,initial,20,0.5050277777777777,0.007569206364623256,0.00926204019888246,218,0.3396599827432391
k3_heterogeneous,1800,12.0,km_RRE,decoded,20,0.4959444444444444,0.0075748377963706605,0.009676143348042388,243,0.3864378786345553
k3_heterogeneous,1800,12.0,km_RRE,initial,20,0.5033611111111111,0.007521843866546048,0.009279244698700496,227,0.3500787634606005
k3_heterogeneous,1800,12.0,km_classic_U,decoded,20,0.4960833333333333,0.008508824681816319,0.01090084519928496,225,0.38726869801799385
k3_heterogeneous,1800,12.0,km_classic_U,initial,20,0.51,0.007737993487324489,0.010432607249458669,210,0.3226513837316718
k3_heterogeneous,1800,12.0,km_neighbor_degree,decoded,20,0.5601388888888889,0.07389754489156355,0.010136956351198023,13,0.03992240597514484
k3_heterogeneous,1800,12.0,km_neighbor_degree,initial,20,0.1992777777777778,0.009798323708592977,0.009732532551061013,530,0.5437377341528558
k3_heterogeneous,1800,12.0,km_spec,decoded,20,0.4958611111111111,0.007571352165844174,0.009440444999927421,242,0.386924863772591
k3_heterogeneous,1800,12.0,km_spec,initial,20,0.5040277777777777,0.007442382100647204,0.009046884550480172,226,0.3488511135385052
k3_heterogeneous,1800,12.0,km_spec_degree,decoded,20,0.49675,0.008612808736642372,0.010438266650453443,229,0.38543899467802856
k3_heterogeneous,1800,12.0,km_spec_degree,initial,20,0.5068888888888889,0.008891447000324742,0.010024189849718822,215,0.32908802275770993
k3_heterogeneous,1800,12.0,poisson_gaussian,decoded,20,0.6057777777777777,0.037162341639452104,0.3333116912002879,16,0.01745356806994395
k3_heterogeneous,1800,12.0,poisson_gaussian,initial,20,0.1875,0.012262692169065826,0.3328381753497524,438,0.5716363341713231
k3_heterogeneous,1800,12.0,raw_bernoulli_vem,initial,20,0.16669444444444442,0.020654869141034718,0.21273238829962793,333,0.6189452067862862
k3_heterogeneous,1800,12.0,spectral_bernoulli_surrogate,decoded,20,0.5583333333333333,0.06287047443916205,0.345952256849705,32,0.08852665299640596
k3_heterogeneous,1800,12.0,spectral_bernoulli_surrogate,initial,20,0.38669444444444445,0.13876046401720127,0.3454680639995786,27,0.36766559146471905
k3_heterogeneous,1800,24.0,edge_only_oracle,reference,20,0.03805555555555556,0.0047295265146345905,0.0,582,0.8922122776962664
k3_heterogeneous,1800,24.0,gmm_full_neighbor_degree,decoded,20,0.5369166666666667,0.09178213089516345,0.3749672518995794,56,0.09585752937678418
k3_heterogeneous,1800,24.0,gmm_full_neighbor_degree,initial,20,0.14963888888888888,0.03937139063152214,0.37452241355022126,413,0.6590103222109479
k3_heterogeneous,1800,24.0,gmm_full_spec,decoded,20,0.5362777777777777,0.13326607709182334,0.21890568185117446,14,0.12439980338402501
k3_heterogeneous,1800,24.0,gmm_full_spec,initial,20,0.13822222222222222,0.08697232051298048,0.21847784980091092,83,0.7003725892502918
k3_heterogeneous,1800,24.0,gmm_full_spec_degree,decoded,20,0.5763611111111111,0.08542472623983875,0.1890441784500581,5,0.06586579225904832
k3_heterogeneous,1800,24.0,gmm_full_spec_degree,initial,20,0.12191666666666667,0.0626518882142918,0.18859680884961563,154,0.7160554435227818
k3_heterogeneous,1800,24.0,gmm_tied_spec,decoded,20,0.4771944444444444,0.01711148609750881,0.11257547210079792,183,0.44621899529706105
k3_heterogeneous,1800,24.0,gmm_tied_spec,initial,20,0.45022222222222225,0.02724244385583765,0.11213782919985534,116,0.4504928189389214
k3_heterogeneous,1800,24.0,km_ASE,decoded,20,0.4924166666666666,0.005935200770583457,0.009397072350111557,257,0.44253962156939747
k3_heterogeneous,1800,24.0,km_ASE,initial,20,0.49283333333333335,0.005999512650772866,0.009006367699112162,257,0.43349488760544147
k3_heterogeneous,1800,24.0,km_RRE,decoded,20,0.4927777777777778,0.00577068840818437,0.009153922701443662,257,0.44250547355071995
k3_heterogeneous,1800,24.0,km_RRE,initial,20,0.49286111111111114,0.005962507398480379,0.008745231601642445,255,0.4347937902863282
k3_heterogeneous,1800,24.0,km_classic_U,decoded,20,0.4921388888888889,0.006139685984608973,0.009842620150084257,256,0.4425711860857845
k3_heterogeneous,1800,24.0,km_classic_U,initial,20,0.49480555555555555,0.005838621941249442,0.009394865050489897,257,0.42283918468596876
k3_heterogeneous,1800,24.0,km_neighbor_degree,decoded,20,0.5008888888888888,0.09384335724229777,0.009471259499696317,101,0.10803625343154569
k3_heterogeneous,1800,24.0,km_neighbor_degree,initial,20,0.1005,0.008645986723315811,0.009070652299851645,540,0.7417275929063534
k3_heterogeneous,1800,24.0,km_spec,decoded,20,0.4925555555555555,0.005841751097097686,0.009344104451156455,258,0.44252422508986894
k3_heterogeneous,1800,24.0,km_spec,initial,20,0.4931111111111111,0.005808286522950083,0.008956038701217039,258,0.43348438553553237
k3_heterogeneous,1800,24.0,km_spec_degree,decoded,20,0.49338888888888893,0.007001577841294511,0.009424860201761476,258,0.4256014004488483
k3_heterogeneous,1800,24.0,km_spec_degree,initial,20,0.4763055555555556,0.08408612709972008,0.009025552951425198,250,0.43638578484100377
k3_heterogeneous,1800,24.0,poisson_gaussian,decoded,20,0.5694722222222223,0.08982429513278334,0.15373577474965713,2,0.0524989919400201
k3_heterogeneous,1800,24.0,poisson_gaussian,initial,20,0.07519444444444445,0.006311893020502968,0.153305278499829,532,0.7995129182374335
k3_heterogeneous,1800,24.0,raw_bernoulli_vem,initial,20,0.04902777777777779,0.006064080056082342,0.177927514899784,560,0.8636100693848927
k3_heterogeneous,1800,24.0,spectral_bernoulli_surrogate,decoded,20,0.5564722222222223,0.08253994149997933,0.2025879527500365,9,0.061169958645519384
k3_heterogeneous,1800,24.0,spectral_bernoulli_surrogate,initial,20,0.1250277777777778,0.009587792419675178,0.20215779720019783,488,0.6950755941655594
k3_heterogeneous,1800,64.0,edge_only_oracle,reference,20,0.003166666666666673,0.0014543073081672783,0.0,595,0.9905436732901517
k3_heterogeneous,1800,64.0,gmm_full_neighbor_degree,decoded,20,0.5761111111111111,0.13299738378467166,0.11346447614996577,2,0.06177719518688522
k3_heterogeneous,1800,64.0,gmm_full_neighbor_degree,initial,20,0.007361111111111107,0.0029056810657985626,0.1130064497498097,583,0.978172939471928
k3_heterogeneous,1800,64.0,gmm_full_spec,decoded,20,0.5490277777777778,0.13461299605518243,0.16702066709949576,24,0.11049199103967451
k3_heterogeneous,1800,64.0,gmm_full_spec,initial,20,0.05958333333333332,0.11092585067052024,0.16657127204925928,49,0.8893748213442635
k3_heterogeneous,1800,64.0,gmm_full_spec_degree,decoded,20,0.55975,0.129309717679762,0.15322567535004056,8,0.07022107332789411
k3_heterogeneous,1800,64.0,gmm_full_spec_degree,initial,20,0.03177777777777779,0.004674596437325041,0.1527762508001615,561,0.9092199641273068
k3_heterogeneous,1800,64.0,gmm_tied_spec,decoded,20,0.5391388888888888,0.13230346354210523,0.09295154750143411,5,0.20923238695348675
k3_heterogeneous,1800,64.0,gmm_tied_spec,initial,20,0.19202777777777774,0.21750148625633964,0.09251218900026288,230,0.7389061560321066
k3_heterogeneous,1800,64.0,km_ASE,decoded,20,0.4915277777777778,0.005624932314949069,0.009244371449676691,267,0.4445156222504295
k3_heterogeneous,1800,64.0,km_ASE,initial,20,0.4914722222222222,0.00592150023577092,0.008852998050133464,262,0.44453552264122775
k3_heterogeneous,1800,64.0,km_RRE,decoded,20,0.49191666666666667,0.0046497710019279765,0.008670211449862108,272,0.44443992381307157
k3_heterogeneous,1800,64.0,km_RRE,initial,20,0.4916666666666667,0.005765055719279185,0.008277984099913737,266,0.4445117353836336
k3_heterogeneous,1800,64.0,km_classic_U,decoded,20,0.4919722222222222,0.005253406333291197,0.009875877549711731,268,0.4444626144526952
k3_heterogeneous,1800,64.0,km_classic_U,initial,20,0.4923333333333333,0.0054718845444541595,0.009436352250122581,266,0.443800282064719
k3_heterogeneous,1800,64.0,km_neighbor_degree,decoded,20,0.5847777777777778,0.13210698206700205,0.009070855949903488,3,0.056243021292979235
k3_heterogeneous,1800,64.0,km_neighbor_degree,initial,20,0.014222222222222225,0.0034265712473725693,0.008662656850356143,580,0.9582508623967142
k3_heterogeneous,1800,64.0,km_spec,decoded,20,0.4916666666666667,0.00547900476157741,0.009450185999958194,267,0.4444972448911252
k3_heterogeneous,1800,64.0,km_spec,initial,20,0.4918333333333333,0.0058575797959248424,0.009048824199999217,262,0.44450352441656016
k3_heterogeneous,1800,64.0,km_spec_degree,decoded,20,0.49191666666666667,0.005099640701328974,0.009257171199351433,268,0.44445968918646794
k3_heterogeneous,1800,64.0,km_spec_degree,initial,20,0.4921388888888889,0.005905017634889498,0.008850484399226843,263,0.44404801117335274
k3_heterogeneous,1800,64.0,poisson_gaussian,decoded,20,0.5816388888888888,0.133428143070429,0.07391554030109546,10,0.05869033917764298
k3_heterogeneous,1800,64.0,poisson_gaussian,initial,20,0.006777777777777788,0.0024423169902168186,0.07347987100001774,594,0.9798766449968765
k3_heterogeneous,1800,64.0,raw_bernoulli_vem,initial,20,0.003416666666666679,0.0015429207006515393,0.1115391418497893,595,0.9898013924737228
k3_heterogeneous,1800,64.0,spectral_bernoulli_surrogate,decoded,20,0.5600277777777778,0.13432555699924678,0.07146620709936542,15,0.07318720158497129
k3_heterogeneous,1800,64.0,spectral_bernoulli_surrogate,initial,20,0.04538888888888888,0.005520650581770595,0.0710186773987516,563,0.8731121395654713
k3_heterogeneous,1800,96.0,edge_only_oracle,reference,20,0.0002499999999999891,0.0003812959673073499,0.0,598,0.999250069561097
k3_heterogeneous,1800,96.0,gmm_full_neighbor_degree,decoded,20,0.0012777777777777666,0.0010525503542411433,0.06734645029973763,596,0.9961745074241369
k3_heterogeneous,1800,96.0,gmm_full_neighbor_degree,initial,20,0.0005277777777777714,0.0007316079294561748,0.06692864629985706,597,0.9984184525907747
k3_heterogeneous,1800,96.0,gmm_full_spec,decoded,20,0.0011944444444444314,0.0009752459245674,0.041846038001676786,596,0.9964231837745959
k3_heterogeneous,1800,96.0,gmm_full_spec,initial,20,0.0009444444444444311,0.0008473480397421395,0.04141542415090953,596,0.9971706102762724
k3_heterogeneous,1800,96.0,gmm_full_spec_degree,decoded,20,0.00124999999999999,0.0010334716627527004,0.04185757385021134,596,0.9962574454243412
k3_heterogeneous,1800,96.0,gmm_full_spec_degree,initial,20,0.0011944444444444314,0.0007705385743795745,0.04144651345050079,596,0.9964216553038
k3_heterogeneous,1800,96.0,gmm_tied_spec,decoded,20,0.0013888888888888783,0.0009789864937300309,0.03445696715025406,596,0.995841502105322
k3_heterogeneous,1800,96.0,gmm_tied_spec,initial,20,0.0026111111111111083,0.0012758057500618445,0.03400270484962675,592,0.9921957387046039
k3_heterogeneous,1800,96.0,km_ASE,decoded,20,0.001444444444444437,0.001072425972217649,0.00813111354909779,595,0.9956761814266166
k3_heterogeneous,1800,96.0,km_ASE,initial,20,0.006194444444444452,0.001926820717314702,0.00771583419846138,585,0.9815855260055539
k3_heterogeneous,1800,96.0,km_RRE,decoded,20,0.0014166666666666605,0.0009785715810206853,0.008246250949378009,596,0.9957584243676741
k3_heterogeneous,1800,96.0,km_RRE,initial,20,0.002444444444444449,0.0011456616476020571,0.007849743450060486,592,0.9926911216402194
k3_heterogeneous,1800,96.0,km_classic_U,decoded,20,0.0014722222222222192,0.001129597673149133,0.008624466899345862,595,0.9955936609398848
k3_heterogeneous,1800,96.0,km_classic_U,initial,20,0.010388888888888882,0.003038094714319718,0.008199112349029748,579,0.9693231315574197
k3_heterogeneous,1800,96.0,km_neighbor_degree,decoded,20,0.0011666666666666548,0.0009173088305354478,0.008705714501047623,596,0.9965058453097464
k3_heterogeneous,1800,96.0,km_neighbor_degree,initial,20,0.0021666666666666666,0.0012474795902679867,0.008298880900838412,592,0.9935206222074916
k3_heterogeneous,1800,96.0,km_spec,decoded,20,0.0014722222222222192,0.001129597673149133,0.008429786401393358,595,0.9955936609398848
k3_heterogeneous,1800,96.0,km_spec,initial,20,0.008138888888888895,0.0028286281307401046,0.00802085765026277,584,0.9758901082250089
k3_heterogeneous,1800,96.0,km_spec_degree,decoded,20,0.0014444444444444316,0.0010571702024305797,0.008362164298887365,595,0.9956760419197412
k3_heterogeneous,1800,96.0,km_spec_degree,initial,20,0.0037222222222222157,0.0018123466527857107,0.007951339648570865,589,0.9888953564997482
k3_heterogeneous,1800,96.0,poisson_gaussian,decoded,20,0.0012777777777777666,0.0010525503542411433,0.05384198520114296,596,0.9961745074241369
k3_heterogeneous,1800,96.0,poisson_gaussian,initial,20,0.0005277777777777714,0.0006857644672068074,0.05342519605037523,598,0.9984181736543969
k3_heterogeneous,1800,96.0,raw_bernoulli_vem,initial,20,0.0002499999999999891,0.0003812959673073499,0.07986829000037687,598,0.999250069561097
k3_heterogeneous,1800,96.0,spectral_bernoulli_surrogate,decoded,20,0.00124999999999999,0.0009685603552662106,0.0313462348010944,596,0.996256890332425
k3_heterogeneous,1800,96.0,spectral_bernoulli_surrogate,initial,20,0.0009444444444444311,0.0008473480397421395,0.03093559660119354,596,0.9971706105837036
k4_equal_degree,1800,4.0,edge_only_oracle,reference,20,0.2600555555555556,0.012611941905292858,0.0,423,0.43945130854801606
k4_equal_degree,1800,4.0,gmm_full_neighbor_degree,decoded,20,0.7201388888888889,0.016248031819629617,0.5390641235000657,0,0.0038581169482326907
k4_equal_degree,1800,4.0,gmm_full_neighbor_degree,initial,20,0.72175,0.00853322634862271,0.5386080477499491,53,0.002583385760832762
k4_equal_degree,1800,4.0,gmm_full_spec,decoded,20,0.723111111111111,0.016780701499639734,0.5140759664511279,12,0.002473412793878171
k4_equal_degree,1800,4.0,gmm_full_spec,initial,20,0.7262777777777778,0.005660126945311124,0.5136227871997108,105,0.0009641198386288677
k4_equal_degree,1800,4.0,gmm_full_spec_degree,decoded,20,0.7218333333333333,0.015197529808515004,0.5299909804496565,12,0.0028208642142524805
k4_equal_degree,1800,4.0,gmm_full_spec_degree,initial,20,0.7256666666666667,0.006116690701122914,0.5295205426995381,90,0.0011578231429454594
k4_equal_degree,1800,4.0,gmm_tied_spec,decoded,20,0.72275,0.018099676187784776,0.2081052309986262,0,0.003258430254123549
k4_equal_degree,1800,4.0,gmm_tied_spec,initial,20,0.7323611111111111,0.005313055383192764,0.2076888515486644,8,0.0008153820937471231
k4_equal_degree,1800,4.0,km_ASE,decoded,20,0.7210833333333333,0.013894706383982245,0.011551473999861627,1,0.002816188992990206
k4_equal_degree,1800,4.0,km_ASE,initial,20,0.7160555555555556,0.011189634811979828,0.011154529399937019,11,0.003475916662755635
k4_equal_degree,1800,4.0,km_RRE,decoded,20,0.7227222222222223,0.013397627635175264,0.01179602565098321,1,0.0027217158960576313
k4_equal_degree,1800,4.0,km_RRE,initial,20,0.7157777777777778,0.012142750667051637,0.01139598225017835,11,0.0036113400725131884
k4_equal_degree,1800,4.0,km_classic_U,decoded,20,0.7217777777777779,0.014581669356475365,0.012443150149920257,8,0.002848723810277697
k4_equal_degree,1800,4.0,km_classic_U,initial,20,0.7170833333333333,0.010820580287802592,0.012000237150641625,9,0.00335013532159047
k4_equal_degree,1800,4.0,km_neighbor_degree,decoded,20,0.7217777777777779,0.01894264795721364,0.013766773749739513,4,0.0038653946716809225
k4_equal_degree,1800,4.0,km_neighbor_degree,initial,20,0.70575,0.01666108581026064,0.01333511595003074,37,0.007931252508871162
k4_equal_degree,1800,4.0,km_spec,decoded,20,0.7213888888888889,0.01672552958297765,0.01167612795070454,15,0.003868620696142798
k4_equal_degree,1800,4.0,km_spec,initial,20,0.7171111111111111,0.010762966853548255,0.01128122399932181,21,0.003718241523726889
k4_equal_degree,1800,4.0,km_spec_degree,decoded,20,0.7228611111111112,0.012949237372834429,0.013126257100520889,0,0.0026365749968691237
k4_equal_degree,1800,4.0,km_spec_degree,initial,20,0.717,0.010247743376689818,0.012711004000448157,19,0.003658863618863699
k4_equal_degree,1800,4.0,poisson_gaussian,decoded,20,0.7175277777777778,0.019812699145583333,0.43007029464970403,6,0.005340318867461233
k4_equal_degree,1800,4.0,poisson_gaussian,initial,20,0.7228888888888889,0.007919756758165777,0.42962882599968,52,0.0018308706734436527
k4_equal_degree,1800,4.0,raw_bernoulli_vem,initial,20,0.7470277777777777,0.003978805937232908,0.10420336169845541,0,-2.2331038558101356e-05
k4_equal_degree,1800,4.0,spectral_bernoulli_surrogate,decoded,20,0.7234166666666667,0.01995712997996049,0.18711485949934287,0,0.003435020621518351
k4_equal_degree,1800,4.0,spectral_bernoulli_surrogate,initial,20,0.72375,0.019756374350709715,0.18700334674977057,0,0.003373354876800537
k4_equal_degree,1800,6.0,edge_only_oracle,reference,20,0.2140277777777778,0.012671019822407004,0.0,415,0.5203166156098503
k4_equal_degree,1800,6.0,gmm_full_neighbor_degree,decoded,20,0.6796944444444445,0.0343667653613707,0.6277205680016777,11,0.028124083551071044
k4_equal_degree,1800,6.0,gmm_full_neighbor_degree,initial,20,0.6846111111111111,0.032486864442010294,0.627238154700899,90,0.022046616651339074
k4_equal_degree,1800,6.0,gmm_full_spec,decoded,20,0.6890833333333333,0.027581926520192555,0.5537080525511555,26,0.020180262119602485
k4_equal_degree,1800,6.0,gmm_full_spec,initial,20,0.7208333333333334,0.014221742499219255,0.5532435551514936,89,0.0031676020388378273
k4_equal_degree,1800,6.0,gmm_full_spec_degree,decoded,20,0.6919444444444445,0.02611359948327134,0.564151903651873,8,0.019271253934663266
k4_equal_degree,1800,6.0,gmm_full_spec_degree,initial,20,0.7224722222222223,0.008842119283537255,0.5636927509509405,96,0.0020888374226718906
k4_equal_degree,1800,6.0,gmm_tied_spec,decoded,20,0.6698888888888889,0.0437350549986792,0.2841077234003023,0,0.03874410074532401
k4_equal_degree,1800,6.0,gmm_tied_spec,initial,20,0.7227222222222223,0.0099526167863877,0.28360783380012433,24,0.0019859391730629363
k4_equal_degree,1800,6.0,km_ASE,decoded,20,0.6651666666666667,0.027604782947624217,0.012572930349051603,27,0.03304977292459158
k4_equal_degree,1800,6.0,km_ASE,initial,20,0.6690277777777778,0.0225616439511348,0.012106987250081146,100,0.026536508781468064
k4_equal_degree,1800,6.0,km_RRE,decoded,20,0.6732777777777778,0.028112544169838213,0.013073491849718266,8,0.026520233713459924
k4_equal_degree,1800,6.0,km_RRE,initial,20,0.6703055555555555,0.02156745541790637,0.012639067750205868,97,0.025437940123911974
k4_equal_degree,1800,6.0,km_classic_U,decoded,20,0.6624166666666667,0.02737205157231468,0.0133485678506986,93,0.03432941936956056
k4_equal_degree,1800,6.0,km_classic_U,initial,20,0.6667500000000001,0.023017406612116362,0.012898680999933276,96,0.02934645283314234
k4_equal_degree,1800,6.0,km_neighbor_degree,decoded,20,0.6831111111111111,0.0337663877379665,0.013519885799541952,0,0.0259403811616568
k4_equal_degree,1800,6.0,km_neighbor_degree,initial,20,0.6575277777777778,0.028590153000692203,0.01310883924998052,152,0.04562112968064343
k4_equal_degree,1800,6.0,km_spec,decoded,20,0.6875277777777777,0.031171867888022578,0.01236544959974708,8,0.021729993040505442
k4_equal_degree,1800,6.0,km_spec,initial,20,0.6784166666666667,0.02217119507014015,0.011952568350170622,81,0.02177093253425629
k4_equal_degree,1800,6.0,km_spec_degree,decoded,20,0.7048888888888889,0.025979574122855384,0.01369139900089067,10,0.013619986599901476
k4_equal_degree,1800,6.0,km_spec_degree,initial,20,0.6800277777777778,0.021928967819521944,0.013284642950020497,86,0.022552705451032697
k4_equal_degree,1800,6.0,poisson_gaussian,decoded,20,0.6881388888888889,0.03610201189903264,0.4708469580011297,3,0.020298898837009464
k4_equal_degree,1800,6.0,poisson_gaussian,initial,20,0.6804722222222221,0.039719727562444684,0.4703079645507387,69,0.030534834224522096
k4_equal_degree,1800,6.0,raw_bernoulli_vem,initial,20,0.7441388888888889,0.007631189634039342,0.11909614904980118,0,0.00021995590620526602
k4_equal_degree,1800,6.0,spectral_bernoulli_surrogate,decoded,20,0.7081944444444445,0.04405305553993001,0.17215665715120848,0,0.019566772185545735
k4_equal_degree,1800,6.0,spectral_bernoulli_surrogate,initial,20,0.7186666666666667,0.031948016581358846,0.17203015030099778,0,0.006797860224494114
k4_equal_degree,1800,12.0,edge_only_oracle,reference,20,0.11166666666666666,0.007337142374223303,0.0,428,0.7285801639651142
k4_equal_degree,1800,12.0,gmm_full_neighbor_degree,decoded,20,0.5230555555555555,0.07542375414985972,0.6660258937990875,6,0.19797113448947262
k4_equal_degree,1800,12.0,gmm_full_neighbor_degree,initial,20,0.5116388888888889,0.029795422785611887,0.6655381169002794,99,0.26273463548052745
k4_equal_degree,1800,12.0,gmm_full_spec,decoded,20,0.5923333333333334,0.04413289929882035,0.4766617047502223,5,0.1252124348726486
k4_equal_degree,1800,12.0,gmm_full_spec,initial,20,0.5825555555555556,0.017489809527177415,0.4761897079002665,83,0.19280962559595297
k4_equal_degree,1800,12.0,gmm_full_spec_degree,decoded,20,0.5799722222222222,0.06662778471408481,0.5006517737492686,0,0.12895938414077257
k4_equal_degree,1800,12.0,gmm_full_spec_degree,initial,20,0.5834444444444444,0.022274499911979717,0.5001597074500751,106,0.1873220062768621
k4_equal_degree,1800,12.0,gmm_tied_spec,decoded,20,0.5440555555555555,0.07981970831165548,0.3672075786998903,0,0.19729059165408575
k4_equal_degree,1800,12.0,gmm_tied_spec,initial,20,0.6758611111111111,0.03487212088208592,0.3667425835003087,20,0.020916701393280362
k4_equal_degree,1800,12.0,km_ASE,decoded,20,0.41886111111111113,0.05332860450527028,0.013835342150196083,169,0.30382910491636556
k4_equal_degree,1800,12.0,km_ASE,initial,20,0.4345,0.04354607397693183,0.013403996799752349,175,0.29330303224092014
k4_equal_degree,1800,12.0,km_RRE,decoded,20,0.4136666666666667,0.055435074036194014,0.013359663599112536,172,0.31187396269952333
k4_equal_degree,1800,12.0,km_RRE,initial,20,0.4325833333333334,0.045726137269942554,0.012939551499221125,168,0.29848453274580616
k4_equal_degree,1800,12.0,km_classic_U,decoded,20,0.43438888888888894,0.05282743124436245,0.014436318899970501,131,0.29851868006690474
k4_equal_degree,1800,12.0,km_classic_U,initial,20,0.45219444444444445,0.04275497797508989,0.013968658149678959,175,0.28006687562545723
k4_equal_degree,1800,12.0,km_neighbor_degree,decoded,20,0.5518611111111111,0.07639163206132492,0.015800531599961688,11,0.13981792768163415
k4_equal_degree,1800,12.0,km_neighbor_degree,initial,20,0.5293333333333333,0.044328650326465845,0.015349050850272761,254,0.19386811310668398
k4_equal_degree,1800,12.0,km_spec,decoded,20,0.5758888888888889,0.07547734169809878,0.01254194999964966,21,0.11762513092160831
k4_equal_degree,1800,12.0,km_spec,initial,20,0.5517777777777778,0.030640551640078492,0.012128447249779128,147,0.13745542689388526
k4_equal_degree,1800,12.0,km_spec_degree,decoded,20,0.5905833333333333,0.07255220947300782,0.013730874899920309,15,0.10564246236042096
k4_equal_degree,1800,12.0,km_spec_degree,initial,20,0.5718888888888889,0.03002457299872369,0.01329417734996241,116,0.11926295198854835
k4_equal_degree,1800,12.0,poisson_gaussian,decoded,20,0.6085277777777778,0.06479920377301433,0.4598325396498694,1,0.10473161883401368
k4_equal_degree,1800,12.0,poisson_gaussian,initial,20,0.5185277777777777,0.03194185089903838,0.4593738517996826,114,0.2575784845173589
k4_equal_degree,1800,12.0,raw_bernoulli_vem,initial,20,0.5212777777777778,0.007859016004157669,0.2232702474000689,0,0.39290372266954565
k4_equal_degree,1800,12.0,spectral_bernoulli_surrogate,decoded,20,0.58125,0.04897681984767042,0.35309371629882663,12,0.1131260812879783
k4_equal_degree,1800,12.0,spectral_bernoulli_surrogate,initial,20,0.46691666666666665,0.06842288977640544,0.35262877464920167,155,0.21323147540375373
k4_equal_degree,1800,24.0,edge_only_oracle,reference,20,0.0305,0.005142226670101739,0.0,436,0.9207752435658293
k4_equal_degree,1800,24.0,gmm_full_neighbor_degree,decoded,20,0.5226111111111111,0.0702391024570368,0.628196233050403,16,0.16389079970168768
k4_equal_degree,1800,24.0,gmm_full_neighbor_degree,initial,20,0.08652777777777779,0.05877426641364942,0.6276452496993443,106,0.8055179821019427
k4_equal_degree,1800,24.0,gmm_full_spec,decoded,20,0.5430555555555555,0.102540266104782,0.42698282599922094,29,0.1340345945815847
k4_equal_degree,1800,24.0,gmm_full_spec,initial,20,0.19336111111111112,0.09750001666083395,0.426441840148982,164,0.6632413359765743
k4_equal_degree,1800,24.0,gmm_full_spec_degree,decoded,20,0.5176388888888889,0.10843575530211524,0.46627652805036635,19,0.16439874543393415
k4_equal_degree,1800,24.0,gmm_full_spec_degree,initial,20,0.24580555555555555,0.10325446197684948,0.46576343070009896,132,0.599857122695423
k4_equal_degree,1800,24.0,gmm_tied_spec,decoded,20,0.5041944444444445,0.11646550117078862,0.3117900559493137,27,0.20420302807946905
k4_equal_degree,1800,24.0,gmm_tied_spec,initial,20,0.47375,0.015117984118085062,0.3112015053498908,180,0.35231961540670886
k4_equal_degree,1800,24.0,km_ASE,decoded,20,0.51775,0.0730391216256689,0.01109748354938347,32,0.16609599107825734
k4_equal_degree,1800,24.0,km_ASE,initial,20,0.06811111111111112,0.00731585725540189,0.010681014349393081,414,0.8292749064984104
k4_equal_degree,1800,24.0,km_RRE,decoded,20,0.5072777777777777,0.05912588853672016,0.010462329199435771,52,0.17635367325561876
k4_equal_degree,1800,24.0,km_RRE,initial,20,0.06802777777777777,0.007397721493868538,0.010042554798928904,416,0.8294791398534986
k4_equal_degree,1800,24.0,km_classic_U,decoded,20,0.4600833333333333,0.12799463862939237,0.01394476165114611,21,0.23946613826279015
k4_equal_degree,1800,24.0,km_classic_U,initial,20,0.10191666666666666,0.07831756612084492,0.013444387900017318,359,0.7786615683977742
k4_equal_degree,1800,24.0,km_neighbor_degree,decoded,20,0.47911111111111115,0.13613830734383964,0.01559346390022256,12,0.2265654580153147
k4_equal_degree,1800,24.0,km_neighbor_degree,initial,20,0.33725,0.04373352284167088,0.015152959599799943,359,0.4335771345818523
k4_equal_degree,1800,24.0,km_spec,decoded,20,0.45541666666666664,0.1219932564258587,0.0133095240995317,2,0.2793492276574931
k4_equal_degree,1800,24.0,km_spec,initial,20,0.3973888888888889,0.06230234502995307,0.012889374999940629,293,0.33618123745348916
k4_equal_degree,1800,24.0,km_spec_degree,decoded,20,0.4971111111111111,0.1236864183508862,0.014592035548776038,3,0.21275370519613154
k4_equal_degree,1800,24.0,km_spec_degree,initial,20,0.4533333333333333,0.047933243594143415,0.014152440749967354,223,0.25031509359946363
k4_equal_degree,1800,24.0,poisson_gaussian,decoded,20,0.5285,0.0936521809364419,0.4743689888495283,12,0.16802479451717206
k4_equal_degree,1800,24.0,poisson_gaussian,initial,20,0.12841666666666668,0.10317621126887666,0.47384267405032005,46,0.7601835309709756
k4_equal_degree,1800,24.0,raw_bernoulli_vem,initial,20,0.05358333333333334,0.06538149033749871,0.21322780525006238,28,0.8825638340441475
k4_equal_degree,1800,24.0,spectral_bernoulli_surrogate,decoded,20,0.5040555555555556,0.04167703574682314,0.4334091114003968,76,0.20169624087224775
k4_equal_degree,1800,24.0,spectral_bernoulli_surrogate,initial,20,0.23119444444444442,0.07236990635843592,0.4327843809500337,88,0.552290904918374
k4_equal_degree,1800,64.0,edge_only_oracle,reference,20,0.0008611111111110903,0.0005833681415401493,0.0,448,0.9977039114085015
k4_equal_degree,1800,64.0,gmm_full_neighbor_degree,decoded,20,0.45525000000000004,0.16112507249449037,0.28541048644910916,29,0.2783231708891466
k4_equal_degree,1800,64.0,gmm_full_neighbor_degree,initial,20,0.0018055555555555435,0.001193917332352306,0.28493925654947816,447,0.9951920778743911
k4_equal_degree,1800,64.0,gmm_full_spec,decoded,20,0.45552777777777775,0.16192098071621655,0.16308323994817328,29,0.27876585671208004
k4_equal_degree,1800,64.0,gmm_full_spec,initial,20,0.0017499999999999905,0.0011295976731491198,0.16260865694821405,447,0.9953393182014573
k4_equal_degree,1800,64.0,gmm_full_spec_degree,decoded,20,0.4524722222222223,0.15586701015224863,0.22284999105067982,54,0.27768015471299456
k4_equal_degree,1800,64.0,gmm_full_spec_degree,initial,20,0.0017777777777777614,0.001162551919512448,0.22237885629911033,447,0.9952655299816813
k4_equal_degree,1800,64.0,gmm_tied_spec,decoded,20,0.45372222222222225,0.16180894444660338,0.14819726230016386,29,0.2811078789740153
k4_equal_degree,1800,64.0,gmm_tied_spec,initial,20,0.0018611111111111079,0.0010705308903831321,0.14771337649981434,447,0.9950435168964684
k4_equal_degree,1800,64.0,km_ASE,decoded,20,0.4575277777777778,0.17609164529829247,0.009014307949473731,29,0.2813473159873196
k4_equal_degree,1800,64.0,km_ASE,initial,20,0.0029999999999999914,0.0033255269213680132,0.008591226950011332,447,0.9920466800407967
k4_equal_degree,1800,64.0,km_RRE,decoded,20,0.4599722222222223,0.1720567470459342,0.008740280500569497,29,0.2770009717273429
k4_equal_degree,1800,64.0,km_RRE,initial,20,0.0022222222222222088,0.0015080464278628878,0.008321561599950655,447,0.9940856427802094
k4_equal_degree,1800,64.0,km_classic_U,decoded,20,0.44722222222222224,0.19647907926798086,0.011229498149259599,29,0.30314019546249715
k4_equal_degree,1800,64.0,km_classic_U,initial,20,0.008027777777777773,0.015408109684662207,0.010769592149517847,439,0.9792243726987859
k4_equal_degree,1800,64.0,km_neighbor_degree,decoded,20,0.4070277777777777,0.19954515164207737,0.01351839039925835,45,0.3524481270387032
k4_equal_degree,1800,64.0,km_neighbor_degree,initial,20,0.01880555555555557,0.04712745047946001,0.013085177649190882,440,0.9616528418397087
k4_equal_degree,1800,64.0,km_spec,decoded,20,0.42061111111111116,0.20256172099440636,0.011705783099750988,2,0.33832926991786877
k4_equal_degree,1800,64.0,km_spec,initial,20,0.0198611111111111,0.05263180027568797,0.011265604749860358,434,0.9616255005362475
k4_equal_degree,1800,64.0,km_spec_degree,decoded,20,0.3929166666666667,0.14394785025571713,0.013151622549776221,26,0.36569502384547287
k4_equal_degree,1800,64.0,km_spec_degree,initial,20,0.3922222222222222,0.04268673382872321,0.012683203400229104,305,0.3715375798676701
k4_equal_degree,1800,64.0,poisson_gaussian,decoded,20,0.45569444444444446,0.15981754084353056,0.2882576437496027,45,0.2758188216319222
k4_equal_degree,1800,64.0,poisson_gaussian,initial,20,0.0016944444444444372,0.0010735614155978478,0.2877821984497132,448,0.9954867185270129
k4_equal_degree,1800,64.0,raw_bernoulli_vem,initial,20,0.000916666666666649,0.0005489371856489438,0.15590547630126822,448,0.9975558453206107
k4_equal_degree,1800,64.0,spectral_bernoulli_surrogate,decoded,20,0.45925000000000005,0.16360186731102527,0.07321255839960941,29,0.27371419644219913
k4_equal_degree,1800,64.0,spectral_bernoulli_surrogate,initial,20,0.00183333333333332,0.0010212174059686997,0.07276293099930627,447,0.9951173016908882
k4_equal_degree,1800,96.0,edge_only_oracle,reference,20,0.0,0.0,0.0,450,1.0
k4_equal_degree,1800,96.0,gmm_full_neighbor_degree,decoded,20,0.05152777777777777,0.14997702607258767,0.1493115986497287,387,0.9207962190722361
k4_equal_degree,1800,96.0,gmm_full_neighbor_degree,initial,20,2.777777777777657e-05,0.0001242259987499829,0.1488553138493444,449,0.9999258846973869
k4_equal_degree,1800,96.0,gmm_full_spec,decoded,20,0.05152777777777777,0.14997702607258767,0.08922889044915791,387,0.9207962190722361
k4_equal_degree,1800,96.0,gmm_full_spec,initial,20,2.777777777777657e-05,0.0001242259987499829,0.08877077904980979,449,0.9999258846973869
k4_equal_degree,1800,96.0,gmm_full_spec_degree,decoded,20,0.05152777777777777,0.14997702607258767,0.12833604409934196,387,0.9207962190722361
k4_equal_degree,1800,96.0,gmm_full_spec_degree,initial,20,2.777777777777657e-05,0.0001242259987499829,0.12787387589996796,449,0.9999258846973869
k4_equal_degree,1800,96.0,gmm_tied_spec,decoded,20,0.05152777777777777,0.14997702607258767,0.06982309955055825,387,0.9207962190722361
k4_equal_degree,1800,96.0,gmm_tied_spec,initial,20,8.333333333332971e-05,0.00020352641585139297,0.06936318974985625,449,0.9997776540921606
k4_equal_degree,1800,96.0,km_ASE,decoded,20,0.05108333333333333,0.15012583794594905,0.00854619609854126,387,0.9219739706765067
k4_equal_degree,1800,96.0,km_ASE,initial,20,0.002166666666666672,0.0011241920064279196,0.008127157649141736,447,0.9942280891859262
k4_equal_degree,1800,96.0,km_RRE,decoded,20,0.051444444444444445,0.15000534969884108,0.008365959550792468,387,0.9210169137074633
k4_equal_degree,1800,96.0,km_RRE,initial,20,0.00041666666666665965,0.000566414345842414,0.007956881200152565,449,0.9988886004733724
k4_equal_degree,1800,96.0,km_classic_U,decoded,20,0.049444444444444444,0.15066939654929998,0.009499863849487155,387,0.9263255401672644
k4_equal_degree,1800,96.0,km_classic_U,initial,20,0.02155555555555556,0.00889911692255471,0.00904956560007122,437,0.9437016303146895
k4_equal_degree,1800,96.0,km_neighbor_degree,decoded,20,0.049277777777777775,0.1503473452925499,0.010770120150482398,384,0.9264636547141996
k4_equal_degree,1800,96.0,km_neighbor_degree,initial,20,0.022361111111111102,0.009311717868826145,0.01035197870041884,438,0.9416487720656666
k4_equal_degree,1800,96.0,km_spec,decoded,20,0.049194444444444436,0.15027984238293796,0.009739406200242228,387,0.9267348362055461
k4_equal_degree,1800,96.0,km_spec,initial,20,0.023166666666666662,0.010326225311060611,0.00933088619967748,437,0.9396185658276982
k4_equal_degree,1800,96.0,km_spec_degree,decoded,20,0.20261111111111113,0.17805042141652372,0.011857169049835647,11,0.6616132336925973
k4_equal_degree,1800,96.0,km_spec_degree,initial,20,0.3485,0.030310339806001778,0.01144340009886946,312,0.4152984483670107
k4_equal_degree,1800,96.0,poisson_gaussian,decoded,20,0.05152777777777777,0.14997702607258767,0.18341456445123186,387,0.9207962190722361
k4_equal_degree,1800,96.0,poisson_gaussian,initial,20,5.555555555555314e-05,0.0001709963920141849,0.1829657544996735,449,0.9998517693947738
k4_equal_degree,1800,96.0,raw_bernoulli_vem,initial,20,0.0,0.0,0.14286873114942863,450,1.0
k4_equal_degree,1800,96.0,spectral_bernoulli_surrogate,decoded,20,0.051555555555555556,0.1499693059347382,0.061528582949540576,387,0.9207239221312419
k4_equal_degree,1800,96.0,spectral_bernoulli_surrogate,initial,20,5.555555555555314e-05,0.0001709963920141849,0.061085533549703544,449,0.9998517693947736
k4_hierarchical,1800,4.0,edge_only_oracle,reference,20,0.36280555555555555,0.009223375887820635,0.0,400,0.3292473137426587
k4_hierarchical,1800,4.0,gmm_full_neighbor_degree,decoded,20,0.7093055555555556,0.020448095116468373,0.7307803491508821,0,0.007024598208959866
k4_hierarchical,1800,4.0,gmm_full_neighbor_degree,initial,20,0.5909444444444445,0.018411670310939383,0.7302894686010404,76,0.1195865361754789
k4_hierarchical,1800,4.0,gmm_full_spec,decoded,20,0.6900277777777777,0.021665148394847428,0.4230961713514262,17,0.018326268868753343
k4_hierarchical,1800,4.0,gmm_full_spec,initial,20,0.5750277777777778,0.014237696032156803,0.4226244039015,95,0.11287265250614831
k4_hierarchical,1800,4.0,gmm_full_spec_degree,decoded,20,0.6970833333333333,0.02384149725904305,0.4385746711508546,7,0.01602939812769353
k4_hierarchical,1800,4.0,gmm_full_spec_degree,initial,20,0.5711666666666667,0.013789586525933449,0.4380954192507488,113,0.11756491496369578
k4_hierarchical,1800,4.0,gmm_tied_spec,decoded,20,0.6944444444444444,0.02176130179953387,0.19688329345081002,0,0.018263035185344452
k4_hierarchical,1800,4.0,gmm_tied_spec,initial,20,0.6969444444444444,0.010088143054071075,0.19642706154954795,21,0.016980514039394205
k4_hierarchical,1800,4.0,km_ASE,decoded,20,0.6857777777777778,0.03445217796601093,0.011742595249597799,3,0.029143008137513547
k4_hierarchical,1800,4.0,km_ASE,initial,20,0.66175,0.013430778178092878,0.011316569798873388,32,0.05023776457727404
k4_hierarchical,1800,4.0,km_RRE,decoded,20,0.6935,0.033437507780570294,0.011437818149715895,0,0.022978172103563545
k4_hierarchical,1800,4.0,km_RRE,initial,20,0.6569166666666667,0.016815587117625763,0.011035167449881556,24,0.0558238903142388
k4_hierarchical,1800,4.0,km_classic_U,decoded,20,0.68075,0.031219670141894206,0.01217572865098191,3,0.030007475885411423
k4_hierarchical,1800,4.0,km_classic_U,initial,20,0.6705555555555556,0.012596605254496991,0.01173198409996985,32,0.04133462006751443
k4_hierarchical,1800,4.0,km_neighbor_degree,decoded,20,0.6992222222222222,0.031703015969658944,0.01355897345019912,1,0.015243236032803375
k4_hierarchical,1800,4.0,km_neighbor_degree,initial,20,0.6132777777777778,0.017665857497376376,0.013128418050109758,92,0.14488746173418535
k4_hierarchical,1800,4.0,km_spec,decoded,20,0.6815277777777778,0.03298988513344066,0.011643393198392004,5,0.029696047998087706
k4_hierarchical,1800,4.0,km_spec,initial,20,0.6510277777777778,0.015354036155057477,0.011245046048861696,34,0.06404779861020563
k4_hierarchical,1800,4.0,km_spec_degree,decoded,20,0.6755833333333333,0.03535371943067441,0.013450253049450111,2,0.02966922710180121
k4_hierarchical,1800,4.0,km_spec_degree,initial,20,0.6446111111111111,0.011890910906370261,0.013016615750530036,30,0.07034530783613543
k4_hierarchical,1800,4.0,poisson_gaussian,decoded,20,0.6996111111111112,0.026047327844699382,0.5035659905995999,0,0.014883744838087177
k4_hierarchical,1800,4.0,poisson_gaussian,initial,20,0.5759444444444444,0.020803467872053772,0.5030840220995743,98,0.12541413181470668
k4_hierarchical,1800,4.0,raw_bernoulli_vem,initial,20,0.5486944444444444,0.027003402067089267,0.18194416699989233,0,0.24602840739286908
k4_hierarchical,1800,4.0,spectral_bernoulli_surrogate,decoded,20,0.6702777777777778,0.02434088910436845,0.18386758374690543,0,0.02736039970873309
k4_hierarchical,1800,4.0,spectral_bernoulli_surrogate,initial,20,0.6592777777777779,0.020286367643093384,0.18349384304783597,0,0.04807797824867835
k4_hierarchical,1800,6.0,edge_only_oracle,reference,20,0.29819444444444443,0.013580643785919213,0.0,394,0.4159566746053109
k4_hierarchical,1800,6.0,gmm_full_neighbor_degree,decoded,20,0.6903055555555555,0.0338577054305817,0.6417664669999794,0,0.02778042387903179
k4_hierarchical,1800,6.0,gmm_full_neighbor_degree,initial,20,0.5442222222222222,0.029509967919800935,0.6412929812500806,120,0.18694613368864715
k4_hierarchical,1800,6.0,gmm_full_spec,decoded,20,0.6978055555555556,0.025943204698831733,0.5451724664999347,0,0.015986483771500203
k4_hierarchical,1800,6.0,gmm_full_spec,initial,20,0.5233055555555556,0.0172335135594469,0.5446861499000079,186,0.1807707379160288
k4_hierarchical,1800,6.0,gmm_full_spec_degree,decoded,20,0.6980000000000001,0.02718991996840447,0.5287575940510578,1,0.015591202847795887
k4_hierarchical,1800,6.0,gmm_full_spec_degree,initial,20,0.5195000000000001,0.015808203099978196,0.5282655852504832,200,0.1879609138895066
k4_hierarchical,1800,6.0,gmm_tied_spec,decoded,20,0.6594444444444444,0.01804621890851617,0.26283270204985454,11,0.041512074967538226
k4_hierarchical,1800,6.0,gmm_tied_spec,initial,20,0.6810555555555556,0.019537288783796056,0.2623809588501899,29,0.030308950053431576
k4_hierarchical,1800,6.0,km_ASE,decoded,20,0.63725,0.0327886665430483,0.012103315349668265,10,0.11806057013628238
k4_hierarchical,1800,6.0,km_ASE,initial,20,0.6384444444444444,0.020867009818501363,0.011664556799223647,92,0.10213653116869173
k4_hierarchical,1800,6.0,km_RRE,decoded,20,0.6385833333333333,0.037706966228327705,0.012004556499232422,6,0.10753749889458848
k4_hierarchical,1800,6.0,km_RRE,initial,20,0.6281388888888889,0.0257911055231559,0.011597164600971155,93,0.11120519339288693
k4_hierarchical,1800,6.0,km_classic_U,decoded,20,0.6306666666666667,0.01993214610479966,0.013051534149781219,82,0.12158809686028829
k4_hierarchical,1800,6.0,km_classic_U,initial,20,0.641361111111111,0.021702605521451875,0.012593119500161265,71,0.09428622560883138
k4_hierarchical,1800,6.0,km_neighbor_degree,decoded,20,0.6570833333333332,0.049511215510614694,0.013397324149991618,1,0.05365464947481301
k4_hierarchical,1800,6.0,km_neighbor_degree,initial,20,0.5554166666666667,0.043780076452845804,0.012953762350298348,189,0.19951903381293476
k4_hierarchical,1800,6.0,km_spec,decoded,20,0.6373055555555556,0.03444834678894225,0.01174636175019259,14,0.10687413651496343
k4_hierarchical,1800,6.0,km_spec,initial,20,0.6206666666666667,0.03440414545038923,0.011338968200288947,76,0.11314518665006908
k4_hierarchical,1800,6.0,km_spec_degree,decoded,20,0.6520277777777779,0.047045688257541025,0.013872155950593879,4,0.055575741790029644
k4_hierarchical,1800,6.0,km_spec_degree,initial,20,0.5945277777777778,0.03308645172648849,0.01342840130055265,72,0.10330672125767837
k4_hierarchical,1800,6.0,poisson_gaussian,decoded,20,0.7091944444444445,0.020316273641070838,0.6062454637012706,10,0.010341498524224307
k4_hierarchical,1800,6.0,poisson_gaussian,initial,20,0.502,0.01699711400033783,0.6057338585003891,179,0.2083901126320718
k4_hierarchical,1800,6.0,raw_bernoulli_vem,initial,20,0.5046666666666667,0.022097162722618104,0.20293389659927924,0,0.3817978519292285
k4_hierarchical,1800,6.0,spectral_bernoulli_surrogate,decoded,20,0.6894722222222223,0.04078839473305225,0.2739196336497116,0,0.02346836181592307
k4_hierarchical,1800,6.0,spectral_bernoulli_surrogate,initial,20,0.604638888888889,0.03124099610378734,0.2735380440495646,0,0.08667216967092851
k4_hierarchical,1800,12.0,edge_only_oracle,reference,20,0.19963888888888887,0.010712552073610857,0.0,412,0.5740272941392721
k4_hierarchical,1800,12.0,gmm_full_neighbor_degree,decoded,20,0.6423888888888889,0.06553153985715107,0.573809093449745,18,0.07291127534934201
k4_hierarchical,1800,12.0,gmm_full_neighbor_degree,initial,20,0.42236111111111113,0.026473395008476987,0.5732606859506632,145,0.3528013934707904
k4_hierarchical,1800,12.0,gmm_full_spec,decoded,20,0.67075,0.041868041642536345,0.4151383292995888,0,0.03902866903952553
k4_hierarchical,1800,12.0,gmm_full_spec,initial,20,0.4140833333333333,0.01891920082466633,0.414608064499771,200,0.35153869430371026
k4_hierarchical,1800,12.0,gmm_full_spec_degree,decoded,20,0.6796111111111112,0.0399126320058228,0.4094627413487615,9,0.029529647733765495
k4_hierarchical,1800,12.0,gmm_full_spec_degree,initial,20,0.40680555555555553,0.019437237595093988,0.4088989660504012,192,0.35605395160179226
k4_hierarchical,1800,12.0,gmm_tied_spec,decoded,20,0.5928888888888888,0.0656275251687817,0.2485021198499453,49,0.20235241242928187
k4_hierarchical,1800,12.0,gmm_tied_spec,initial,20,0.5024722222222222,0.01628258715850766,0.2480203799503215,49,0.38328730163424213
k4_hierarchical,1800,12.0,km_ASE,decoded,20,0.5568055555555556,0.017044332174047182,0.012463906202174257,112,0.3742876362480375
k4_hierarchical,1800,12.0,km_ASE,initial,20,0.5624722222222223,0.017071568002034354,0.012046129350346746,67,0.33592302670077634
k4_hierarchical,1800,12.0,km_RRE,decoded,20,0.5551944444444444,0.020465088579146362,0.012773749800544465,114,0.37391738385511414
k4_hierarchical,1800,12.0,km_RRE,initial,20,0.5608333333333333,0.019179481265780667,0.012324058499507374,65,0.3315546908374551
k4_hierarchical,1800,12.0,km_classic_U,decoded,20,0.5579722222222222,0.016701012369465598,0.013269242898968515,109,0.37404401581306046
k4_hierarchical,1800,12.0,km_classic_U,initial,20,0.5655555555555556,0.01723966292906368,0.01278343844896881,67,0.33139238040649505
k4_hierarchical,1800,12.0,km_neighbor_degree,decoded,20,0.6676111111111112,0.060488615826239545,0.012420804050998413,5,0.03790386529669475
k4_hierarchical,1800,12.0,km_neighbor_degree,initial,20,0.4456666666666667,0.023893036495649864,0.011683465750684264,333,0.2955153323693676
k4_hierarchical,1800,12.0,km_spec,decoded,20,0.5549722222222222,0.019736301703669627,0.012116910249096691,115,0.37405105968588903
k4_hierarchical,1800,12.0,km_spec,initial,20,0.5612222222222222,0.020198495173587856,0.011683133199039731,66,0.3306895920901013
k4_hierarchical,1800,12.0,km_spec_degree,decoded,20,0.5904444444444444,0.06317683547480661,0.01289404064991686,21,0.25598574625844084
k4_hierarchical,1800,12.0,km_spec_degree,initial,20,0.5360555555555556,0.049906963474537935,0.01245571074905456,115,0.27426052913778237
k4_hierarchical,1800,12.0,poisson_gaussian,decoded,20,0.7037777777777777,0.03305566612591461,0.47378820910089414,0,0.01840859696787874
k4_hierarchical,1800,12.0,poisson_gaussian,initial,20,0.4095,0.01991445317085602,0.4732760446499015,197,0.3606446245701077
k4_hierarchical,1800,12.0,raw_bernoulli_vem,initial,20,0.4270555555555555,0.04102967277572624,0.17542487979990257,3,0.43563732129531607
k4_hierarchical,1800,12.0,spectral_bernoulli_surrogate,decoded,20,0.6567222222222222,0.0360293270913609,0.1829581389494706,17,0.045840709052302184
k4_hierarchical,1800,12.0,spectral_bernoulli_surrogate,initial,20,0.39588888888888885,0.014809160714423595,0.18247325189950062,240,0.3579279674316096
k4_hierarchical,1800,24.0,edge_only_oracle,reference,20,0.11200000000000002,0.008849327166121017,0.0,417,0.7379209481864138
k4_hierarchical,1800,24.0,gmm_full_neighbor_degree,decoded,20,0.5058055555555556,0.07346578394059713,0.531293401151197,76,0.25286357441592533
k4_hierarchical,1800,24.0,gmm_full_neighbor_degree,initial,20,0.31908333333333333,0.018491937550888623,0.5308125775507506,167,0.46275321522447144
k4_hierarchical,1800,24.0,gmm_full_spec,decoded,20,0.6067222222222222,0.10435138008821822,0.4132131701990147,0,0.15203972650494263
k4_hierarchical,1800,24.0,gmm_full_spec,initial,20,0.36350000000000005,0.044129402426777875,0.41271217399917076,59,0.43043984284560766
k4_hierarchical,1800,24.0,gmm_full_spec_degree,decoded,20,0.6264722222222223,0.06598020727299116,0.4347868022505281,0,0.11264161313855044
k4_hierarchical,1800,24.0,gmm_full_spec_degree,initial,20,0.35875,0.028131014265623883,0.43431106009993525,54,0.4220490413780156
k4_hierarchical,1800,24.0,gmm_tied_spec,decoded,20,0.5087777777777778,0.11293166408822722,0.22700596560025588,6,0.36334330072629817
k4_hierarchical,1800,24.0,gmm_tied_spec,initial,20,0.3955833333333333,0.07551501212692885,0.2265379609507363,130,0.48589951068342396
k4_hierarchical,1800,24.0,km_ASE,decoded,20,0.47347222222222224,0.023902739762653648,0.01152287180229905,205,0.4586409533133903
k4_hierarchical,1800,24.0,km_ASE,initial,20,0.4774166666666667,0.024992705238523115,0.011110511801598477,184,0.4506941098392951
k4_hierarchical,1800,24.0,km_RRE,decoded,20,0.4579722222222222,0.02372634419178295,0.011348447350974311,192,0.47210704258799624
k4_hierarchical,1800,24.0,km_RRE,initial,20,0.45519444444444446,0.022978558104319924,0.010936790950290742,171,0.4719450922588738
k4_hierarchical,1800,24.0,km_classic_U,decoded,20,0.47405555555555556,0.021679108738264823,0.012133638051818708,214,0.4563429824116659
k4_hierarchical,1800,24.0,km_classic_U,initial,20,0.4813888888888889,0.021073758892047604,0.011662302850891138,188,0.44098426507713845
k4_hierarchical,1800,24.0,km_neighbor_degree,decoded,20,0.6526388888888889,0.05153204337571849,0.011968804650314269,10,0.038675530162758535
k4_hierarchical,1800,24.0,km_neighbor_degree,initial,20,0.27199999999999996,0.02277414034570854,0.01154272094972839,323,0.46743165617982224
k4_hierarchical,1800,24.0,km_spec,decoded,20,0.47086111111111106,0.022172806899938537,0.011114919450119488,199,0.4600890592421051
k4_hierarchical,1800,24.0,km_spec,initial,20,0.47377777777777774,0.022695687189949604,0.01070709144914872,179,0.45108409208139905
k4_hierarchical,1800,24.0,km_spec_degree,decoded,20,0.46005555555555555,0.023802645901597343,0.01187695524931769,191,0.4689557460875428
k4_hierarchical,1800,24.0,km_spec_degree,initial,20,0.46641666666666665,0.022253979501175223,0.011449788399477256,175,0.4401829270228628
k4_hierarchical,1800,24.0,poisson_gaussian,decoded,20,0.5905555555555556,0.07266843712634781,0.3599205898004584,33,0.11291121742737993
k4_hierarchical,1800,24.0,poisson_gaussian,initial,20,0.28594444444444445,0.0239463473280869,0.35945659119970513,190,0.4825903088420255
k4_hierarchical,1800,24.0,raw_bernoulli_vem,initial,20,0.2441111111111111,0.04947035919867839,0.37953125599997295,75,0.5661600400405582
k4_hierarchical,1800,24.0,spectral_bernoulli_surrogate,decoded,20,0.5686944444444444,0.07074634034255657,0.46519235389969255,14,0.14388441307919572
k4_hierarchical,1800,24.0,spectral_bernoulli_surrogate,initial,20,0.3975277777777778,0.02658520390981752,0.4647144473503431,191,0.40656728096996514
k4_hierarchical,1800,64.0,edge_only_oracle,reference,20,0.02280555555555554,0.0036784102210582624,0.0,439,0.9411624976408781
k4_hierarchical,1800,64.0,gmm_full_neighbor_degree,decoded,20,0.5130555555555556,0.1583443106895391,0.3700862579007662,3,0.18920533442389365
k4_hierarchical,1800,64.0,gmm_full_neighbor_degree,initial,20,0.06805555555555556,0.022296294677261574,0.36955718010067357,354,0.8405639054007639
k4_hierarchical,1800,64.0,gmm_full_spec,decoded,20,0.43261111111111117,0.12290163369927964,0.35095248420038844,4,0.4237548766758116
k4_hierarchical,1800,64.0,gmm_full_spec,initial,20,0.26944444444444443,0.0977717967336042,0.35043833359995913,52,0.659679684105245
k4_hierarchical,1800,64.0,gmm_full_spec_degree,decoded,20,0.3809444444444444,0.1375071738928366,0.3757244875498145,23,0.4493957293805894
k4_hierarchical,1800,64.0,gmm_full_spec_degree,initial,20,0.2350833333333333,0.08102680770739681,0.37522519970043505,42,0.6698459528627556
k4_hierarchical,1800,64.0,gmm_tied_spec,decoded,20,0.5819166666666666,0.11494687235104682,0.1497327557499375,9,0.1294246985610322
k4_hierarchical,1800,64.0,gmm_tied_spec,initial,20,0.11761111111111108,0.08829592057758544,0.14925995730009162,194,0.7788146261697004
k4_hierarchical,1800,64.0,km_ASE,decoded,20,0.3760833333333333,0.004383629982772379,0.010583301399310584,196,0.6095310559405266
k4_hierarchical,1800,64.0,km_ASE,initial,20,0.3815,0.005787834253080379,0.01014758314959181,186,0.598426109701806
k4_hierarchical,1800,64.0,km_RRE,decoded,20,0.3754444444444444,0.005944294144681329,0.010218611049640457,190,0.6117394450155255
k4_hierarchical,1800,64.0,km_RRE,initial,20,0.3750277777777778,0.0064725014371416765,0.009780157049681293,186,0.6108942345415398
k4_hierarchical,1800,64.0,km_classic_U,decoded,20,0.3770277777777778,0.006340139463848778,0.01148275339983229,186,0.6073125255158208
k4_hierarchical,1800,64.0,km_classic_U,initial,20,0.38872222222222225,0.008115275707273781,0.011004691449852545,188,0.5846223420212903
k4_hierarchical,1800,64.0,km_neighbor_degree,decoded,20,0.6435833333333333,0.0702949034908657,0.010821202198712854,0,0.04665640108478391
k4_hierarchical,1800,64.0,km_neighbor_degree,initial,20,0.07444444444444445,0.008634894527947173,0.01040662914965651,400,0.8238057063449833
k4_hierarchical,1800,64.0,km_spec,decoded,20,0.3756666666666667,0.005763928520965713,0.011037614598899381,187,0.6087507758404639
k4_hierarchical,1800,64.0,km_spec,initial,20,0.3844722222222222,0.006569652303129574,0.010592066449680715,188,0.5921023657731654
k4_hierarchical,1800,64.0,km_spec_degree,decoded,20,0.3761111111111111,0.005605042749482087,0.011495565249060747,189,0.6100840207732413
k4_hierarchical,1800,64.0,km_spec_degree,initial,20,0.3803333333333333,0.0062657209688318635,0.01106802614958724,186,0.6008090311891882
k4_hierarchical,1800,64.0,poisson_gaussian,decoded,20,0.5885,0.11260099069685368,0.21107564135090798,6,0.09806388585334617
k4_hierarchical,1800,64.0,poisson_gaussian,initial,20,0.05622222222222224,0.006592176432973923,0.21061950490002346,385,0.8629988702645294
k4_hierarchical,1800,64.0,raw_bernoulli_vem,initial,20,0.0295,0.005379973936568342,0.24080613575060852,422,0.9248802483311431
k4_hierarchical,1800,64.0,spectral_bernoulli_surrogate,decoded,20,0.5960555555555556,0.08403484456292372,0.16804637325149088,41,0.08659169407023988
k4_hierarchical,1800,64.0,spectral_bernoulli_surrogate,initial,20,0.09161111111111112,0.007068540337871897,0.16758733780043258,328,0.7941909225191328
k4_hierarchical,1800,96.0,edge_only_oracle,reference,20,0.008277777777777768,0.0026176042198643853,0.0,441,0.9782432293420891
k4_hierarchical,1800,96.0,gmm_full_neighbor_degree,decoded,20,0.5281111111111111,0.17807325591013196,0.2030527624014212,35,0.17264200052274853
k4_hierarchical,1800,96.0,gmm_full_neighbor_degree,initial,20,0.02330555555555556,0.003926199464522604,0.20254302580106015,410,0.9404811002970815
k4_hierarchical,1800,96.0,gmm_full_spec,decoded,20,0.3522222222222222,0.13966391945080614,0.27429226324893535,13,0.5121720290156685
k4_hierarchical,1800,96.0,gmm_full_spec,initial,20,0.20822222222222223,0.12048750336253428,0.27379069999951755,13,0.7298831447863431
k4_hierarchical,1800,96.0,gmm_full_spec_degree,decoded,20,0.4330833333333334,0.1843605349718337,0.26332064180132875,2,0.37391129409676527
k4_hierarchical,1800,96.0,gmm_full_spec_degree,initial,20,0.14455555555555555,0.11683899831377174,0.26282086225073725,48,0.7870559990486217
k4_hierarchical,1800,96.0,gmm_tied_spec,decoded,20,0.5586666666666666,0.15404133517815854,0.11635321489957277,23,0.18053371058826756
k4_hierarchical,1800,96.0,gmm_tied_spec,initial,20,0.0986388888888889,0.112767835098837,0.11587483389994305,183,0.837336159366456
k4_hierarchical,1800,96.0,km_ASE,decoded,20,0.3685555555555556,0.0054025720055824915,0.010614696850097971,191,0.6265540351454375
k4_hierarchical,1800,96.0,km_ASE,initial,20,0.36930555555555555,0.006072111067290776,0.010161754649379873,189,0.6224529090752374
k4_hierarchical,1800,96.0,km_RRE,decoded,20,0.37527777777777777,0.03282334032233053,0.009989962100371485,183,0.6025625884372171
k4_hierarchical,1800,96.0,km_RRE,initial,20,0.3511666666666667,0.06894142969031967,0.009569081000154255,190,0.6387949758416186
k4_hierarchical,1800,96.0,km_classic_U,decoded,20,0.3685,0.005929244928243677,0.011706057500850875,186,0.6261863421295562
k4_hierarchical,1800,96.0,km_classic_U,initial,20,0.3749444444444444,0.00657564569523722,0.011207043950344086,197,0.6123010433788386
k4_hierarchical,1800,96.0,km_neighbor_degree,decoded,20,0.5671666666666667,0.19664154694698932,0.010453911251897808,3,0.14635595000196838
k4_hierarchical,1800,96.0,km_neighbor_degree,initial,20,0.03130555555555556,0.0044782159900502,0.010024121101014315,424,0.9211955117061128
k4_hierarchical,1800,96.0,km_spec,decoded,20,0.36822222222222223,0.005976997275074729,0.010901164649112616,188,0.626420028622572
k4_hierarchical,1800,96.0,km_spec,initial,20,0.3723888888888889,0.006426219440409456,0.010476286799530499,193,0.6165626096277971
k4_hierarchical,1800,96.0,km_spec_degree,decoded,20,0.36869444444444444,0.0056749595321912,0.011101114800476352,190,0.6264596165618961
k4_hierarchical,1800,96.0,km_spec_degree,initial,20,0.37044444444444447,0.006760066976226403,0.010647042300115572,191,0.6210802248254605
k4_hierarchical,1800,96.0,poisson_gaussian,decoded,20,0.5638888888888889,0.18465551932913743,0.15757642964963453,7,0.14142489669884026
k4_hierarchical,1800,96.0,poisson_gaussian,initial,20,0.021972222222222226,0.004040386596187766,0.1570968232499581,436,0.943697113002063
k4_hierarchical,1800,96.0,raw_bernoulli_vem,initial,20,0.009166666666666662,0.0026704407990214923,0.22823857064904587,443,0.9759458829803718
k4_hierarchical,1800,96.0,spectral_bernoulli_surrogate,decoded,20,0.5671111111111111,0.18044910042101908,0.11331725914933485,10,0.14266939411373275
k4_hierarchical,1800,96.0,spectral_bernoulli_surrogate,initial,20,0.054888888888888876,0.006589711791457718,0.11284040354985336,384,0.8693049924496652
