model,n,degree_target,method,stage,repetitions,error_mean,error_sd,ari_mean,seconds_mean,cap_mean,isolates_mean
k2_symmetric,1800,4.0,edge_only_oracle,reference,20,0.06186111111111111,0.006247221604663777,0.7678820397141036,0.0,0.0335,0.017611111111111112
k2_symmetric,1800,4.0,gmm_full_neighbor_degree,decoded,20,0.4227777777777778,0.06720615051218651,0.040596547239057104,0.16620527940176544,0.0335,0.017611111111111112
k2_symmetric,1800,4.0,gmm_full_neighbor_degree,initial,20,0.4457777777777777,0.0586152752047573,0.024361592060918348,0.1658150718511024,0.0335,0.017611111111111112
k2_symmetric,1800,4.0,gmm_full_spec,decoded,20,0.4539722222222222,0.04458358155184041,0.015550694359745001,0.1027135721007653,0.0335,0.017611111111111112
k2_symmetric,1800,4.0,gmm_full_spec,initial,20,0.47300000000000003,0.02665716204885705,0.005135906209660438,0.10230932360027509,0.0335,0.017611111111111112
k2_symmetric,1800,4.0,gmm_full_spec_degree,decoded,20,0.45102777777777775,0.04201560517977198,0.015803826710951714,0.11053177464928013,0.0335,0.017611111111111112
k2_symmetric,1800,4.0,gmm_full_spec_degree,initial,20,0.4761111111111111,0.01895242153397026,0.0031495413619729274,0.11012626500050829,0.0335,0.017611111111111112
k2_symmetric,1800,4.0,gmm_tied_spec,decoded,20,0.4565555555555555,0.018281070287710106,0.008651386956977248,0.0905974375000369,0.0335,0.017611111111111112
k2_symmetric,1800,4.0,gmm_tied_spec,initial,20,0.4628055555555556,0.01777364261117893,0.006623832003585667,0.0901799322993611,0.0335,0.017611111111111112
k2_symmetric,1800,4.0,km_ASE,decoded,20,0.4035,0.05201123860158202,0.04723588584774087,0.009534905698819785,0.0335,0.017611111111111112
k2_symmetric,1800,4.0,km_ASE,initial,20,0.4047777777777778,0.050753068322216335,0.04578277603122373,0.00916547589986294,0.0335,0.017611111111111112
k2_symmetric,1800,4.0,km_RRE,decoded,20,0.4070555555555556,0.04938645656723819,0.0435385073483754,0.009422675050518591,0.0335,0.017611111111111112
k2_symmetric,1800,4.0,km_RRE,initial,20,0.40861111111111115,0.04703022544346516,0.04154417222954497,0.009061316899897065,0.0335,0.017611111111111112
k2_symmetric,1800,4.0,km_classic_U,decoded,20,0.39958333333333335,0.055878556646691224,0.05190057781933159,0.0105815596980392,0.0335,0.017611111111111112
k2_symmetric,1800,4.0,km_classic_U,initial,20,0.4009444444444445,0.05363526256590266,0.04990191534231466,0.010143417599101668,0.0335,0.017611111111111112
k2_symmetric,1800,4.0,km_neighbor_degree,decoded,20,0.4676111111111111,0.02687002141201717,0.006399601285993794,0.0099357847495412,0.0335,0.017611111111111112
k2_symmetric,1800,4.0,km_neighbor_degree,initial,20,0.47088888888888886,0.021925948975278966,0.004666310903894452,0.00958884025021689,0.0335,0.017611111111111112
k2_symmetric,1800,4.0,km_spec,decoded,20,0.43630555555555556,0.04941479333023711,0.02510377687374164,0.009639707150199683,0.0335,0.017611111111111112
k2_symmetric,1800,4.0,km_spec,initial,20,0.4410833333333334,0.04086598129924641,0.019829797353359394,0.009265801200308487,0.0335,0.017611111111111112
k2_symmetric,1800,4.0,km_spec_degree,decoded,20,0.47452777777777777,0.027263827258899656,0.004898018023864481,0.009159283101325855,0.0335,0.017611111111111112
k2_symmetric,1800,4.0,km_spec_degree,initial,20,0.47911111111111115,0.01650152098843539,0.002275921400470596,0.008802075200219407,0.0335,0.017611111111111112
k2_symmetric,1800,4.0,poisson_gaussian,decoded,20,0.42894444444444446,0.06174259063544038,0.034218717678967565,0.14970102534971375,0.0335,0.017611111111111112
k2_symmetric,1800,4.0,poisson_gaussian,initial,20,0.46047222222222217,0.051978176494649184,0.01603305899345784,0.14930806319935072,0.0335,0.017611111111111112
k2_symmetric,1800,4.0,raw_bernoulli_vem,initial,20,0.4966666666666667,0.006910736907189411,9.310123136129648e-05,0.08707703715044772,0.0335,0.017611111111111112
k2_symmetric,1800,4.0,spectral_bernoulli_surrogate,decoded,20,0.4730555555555555,0.05863414502628108,0.015841979019289305,0.10228114869823912,0.0335,0.017611111111111112
k2_symmetric,1800,4.0,spectral_bernoulli_surrogate,initial,20,0.4960555555555556,0.007332491534176204,0.00015306747627173595,0.10209020299880649,0.0335,0.017611111111111112
k2_symmetric,1800,6.0,edge_only_oracle,reference,20,0.03847222222222223,0.005784395108447393,0.8520764839076993,0.0,0.013500000000000002,0.002388888888888889
k2_symmetric,1800,6.0,gmm_full_neighbor_degree,decoded,20,0.16955555555555554,0.07874556620871337,0.4600449580326244,0.2472765525992145,0.013500000000000002,0.002388888888888889
k2_symmetric,1800,6.0,gmm_full_neighbor_degree,initial,20,0.20061111111111113,0.08442807243568148,0.38529026219757373,0.24683037639915711,0.013500000000000002,0.002388888888888889
k2_symmetric,1800,6.0,gmm_full_spec,decoded,20,0.2831388888888889,0.14741086612014867,0.27032488582722836,0.09929513615061296,0.013500000000000002,0.002388888888888889
k2_symmetric,1800,6.0,gmm_full_spec,initial,20,0.3274722222222223,0.15344214663896028,0.20812483304006787,0.0988936787503917,0.013500000000000002,0.002388888888888889
k2_symmetric,1800,6.0,gmm_full_spec_degree,decoded,20,0.39363888888888887,0.1027998988364275,0.08493848100887176,0.12860902689862996,0.013500000000000002,0.002388888888888889
k2_symmetric,1800,6.0,gmm_full_spec_degree,initial,20,0.4484166666666667,0.10133694896468455,0.04917248043374055,0.12818021885032066,0.013500000000000002,0.002388888888888889
k2_symmetric,1800,6.0,gmm_tied_spec,decoded,20,0.37419444444444444,0.020698079471950067,0.06470057648284087,0.0982072793507541,0.013500000000000002,0.002388888888888889
k2_symmetric,1800,6.0,gmm_tied_spec,initial,20,0.4083333333333333,0.01610152971798828,0.03440316908899777,0.0977986250010872,0.013500000000000002,0.002388888888888889
k2_symmetric,1800,6.0,km_ASE,decoded,20,0.15355555555555553,0.028590110387261797,0.48292203841249026,0.009607299199342379,0.013500000000000002,0.002388888888888889
k2_symmetric,1800,6.0,km_ASE,initial,20,0.15930555555555553,0.0327943138980157,0.46809374962499206,0.009251232098904438,0.013500000000000002,0.002388888888888889
k2_symmetric,1800,6.0,km_RRE,decoded,20,0.16352777777777777,0.03510555650414742,0.4572507701844978,0.009803368898792542,0.013500000000000002,0.002388888888888889
k2_symmetric,1800,6.0,km_RRE,initial,20,0.1740833333333333,0.04097427638819339,0.4309718306589031,0.009454636799637229,0.013500000000000002,0.002388888888888889
k2_symmetric,1800,6.0,km_classic_U,decoded,20,0.1509722222222222,0.025866952908325587,0.4895469846179104,0.010079986098935479,0.013500000000000002,0.002388888888888889
k2_symmetric,1800,6.0,km_classic_U,initial,20,0.15552777777777776,0.029835195472610675,0.47774576225338344,0.00967705454932002,0.013500000000000002,0.002388888888888889
k2_symmetric,1800,6.0,km_neighbor_degree,decoded,20,0.4208333333333333,0.07009913614937698,0.043220823313540886,0.01114555284839298,0.013500000000000002,0.002388888888888889
k2_symmetric,1800,6.0,km_neighbor_degree,initial,20,0.4735555555555555,0.0206343518975668,0.0038624503884416906,0.010767913099334692,0.013500000000000002,0.002388888888888889
k2_symmetric,1800,6.0,km_spec,decoded,20,0.26280555555555557,0.035991242798139755,0.2296279144537868,0.008948271398912766,0.013500000000000002,0.002388888888888889
k2_symmetric,1800,6.0,km_spec,initial,20,0.31575000000000003,0.04262019086378845,0.1423294918317437,0.008609658648856567,0.013500000000000002,0.002388888888888889
k2_symmetric,1800,6.0,km_spec_degree,decoded,20,0.4503055555555555,0.055990831364439414,0.021274936373230253,0.009244163649782422,0.013500000000000002,0.002388888888888889
k2_symmetric,1800,6.0,km_spec_degree,initial,20,0.4820833333333333,0.020212383539381977,0.002313115998251884,0.008883866850374034,0.013500000000000002,0.002388888888888889
k2_symmetric,1800,6.0,poisson_gaussian,decoded,20,0.18733333333333332,0.10275107919386331,0.4308524361253744,0.1588289943014388,0.013500000000000002,0.002388888888888889
k2_symmetric,1800,6.0,poisson_gaussian,initial,20,0.20669444444444443,0.1210564385154416,0.3994747735688308,0.15841099345088877,0.013500000000000002,0.002388888888888889
k2_symmetric,1800,6.0,raw_bernoulli_vem,initial,20,0.19555555555555554,0.1558790495950757,0.4628629421017673,0.13942754240051727,0.013500000000000002,0.002388888888888889
k2_symmetric,1800,6.0,spectral_bernoulli_surrogate,decoded,20,0.49283333333333335,0.015035046776746226,0.0009588216164132027,0.10610225829950651,0.013500000000000002,0.002388888888888889
k2_symmetric,1800,6.0,spectral_bernoulli_surrogate,initial,20,0.4967777777777778,0.006692445286412957,9.00321248609734e-05,0.10590250274981372,0.013500000000000002,0.002388888888888889
k2_symmetric,1800,12.0,edge_only_oracle,reference,20,0.009111111111111108,0.002195748742595734,0.9638858517811478,0.0,0.0010555555555555557,0.0
k2_symmetric,1800,12.0,gmm_full_neighbor_degree,decoded,20,0.028472222222222232,0.003936116734139035,0.8893511554616589,0.14079564884959836,0.0010555555555555557,0.0
k2_symmetric,1800,12.0,gmm_full_neighbor_degree,initial,20,0.029472222222222212,0.005137723117336057,0.8856223016773166,0.14036486614968452,0.0010555555555555557,0.0
k2_symmetric,1800,12.0,gmm_full_spec,decoded,20,0.028361111111111115,0.004060439260911678,0.8897743545028722,0.09259518849976303,0.0010555555555555557,0.0
k2_symmetric,1800,12.0,gmm_full_spec,initial,20,0.02950000000000001,0.005217491947499515,0.885520824099838,0.09218123284990724,0.0010555555555555557,0.0
k2_symmetric,1800,12.0,gmm_full_spec_degree,decoded,20,0.028416666666666666,0.004075613301292993,0.8895651024857678,0.11510265834876918,0.0010555555555555557,0.0
k2_symmetric,1800,12.0,gmm_full_spec_degree,initial,20,0.030222222222222216,0.005308543752963528,0.882806605667828,0.11467700744906324,0.0010555555555555557,0.0
k2_symmetric,1800,12.0,gmm_tied_spec,decoded,20,0.08733333333333335,0.05772478451443944,0.6936785009893568,0.14817733934942226,0.0010555555555555557,0.0
k2_symmetric,1800,12.0,gmm_tied_spec,initial,20,0.17980555555555555,0.12880811077804544,0.4729380976523701,0.1477474927000003,0.0010555555555555557,0.0
k2_symmetric,1800,12.0,km_ASE,decoded,20,0.02833333333333333,0.0038447790815383633,0.8898727430155443,0.008288033049029763,0.0010555555555555557,0.0
k2_symmetric,1800,12.0,km_ASE,initial,20,0.028361111111111108,0.003897129948097535,0.889769414687023,0.007927284699690063,0.0010555555555555557,0.0
k2_symmetric,1800,12.0,km_RRE,decoded,20,0.028416666666666656,0.00387539429757327,0.8895590502541717,0.008200093599589309,0.0010555555555555557,0.0
k2_symmetric,1800,12.0,km_RRE,initial,20,0.028305555555555556,0.0036739914432951737,0.8899727383774367,0.007856201199319911,0.0010555555555555557,0.0
k2_symmetric,1800,12.0,km_classic_U,decoded,20,0.028305555555555556,0.003999979694555345,0.8899822484523033,0.008913441900222096,0.0010555555555555557,0.0
k2_symmetric,1800,12.0,km_classic_U,initial,20,0.02819444444444445,0.003844250916266067,0.8903971707162306,0.00850502730027074,0.0010555555555555557,0.0
k2_symmetric,1800,12.0,km_neighbor_degree,decoded,20,0.051416666666666666,0.10291755549647358,0.8450718289604747,0.009919816500405432,0.0010555555555555557,0.0
k2_symmetric,1800,12.0,km_neighbor_degree,initial,20,0.051916666666666667,0.10346066401947278,0.8437034449723273,0.009556853550384404,0.0010555555555555557,0.0
k2_symmetric,1800,12.0,km_spec,decoded,20,0.034111111111111106,0.010376912444982768,0.8685461698629224,0.009517834899088484,0.0010555555555555557,0.0
k2_symmetric,1800,12.0,km_spec,initial,20,0.06316666666666666,0.040443086861091604,0.7693843303424592,0.00916489089904644,0.0010555555555555557,0.0
k2_symmetric,1800,12.0,km_spec_degree,decoded,20,0.3338888888888889,0.09722999133536281,0.14583676245895685,0.009683877200950519,0.0010555555555555557,0.0
k2_symmetric,1800,12.0,km_spec_degree,initial,20,0.4686388888888889,0.02267268223695784,0.005344639746141625,0.009312044400576269,0.0010555555555555557,0.0
k2_symmetric,1800,12.0,poisson_gaussian,decoded,20,0.028444444444444446,0.003971961509458344,0.8894570790411842,0.14882313500056626,0.0010555555555555557,0.0
k2_symmetric,1800,12.0,poisson_gaussian,initial,20,0.02922222222222224,0.004999675103154402,0.8865588057322722,0.1484205983004358,0.0010555555555555557,0.0
k2_symmetric,1800,12.0,raw_bernoulli_vem,initial,20,0.015805555555555562,0.0031759891502524218,0.9377807866739518,0.08695497960034118,0.0010555555555555557,0.0
k2_symmetric,1800,12.0,spectral_bernoulli_surrogate,decoded,20,0.02844444444444444,0.003893480998027511,0.8894547318526433,0.08148708344924671,0.0010555555555555557,0.0
k2_symmetric,1800,12.0,spectral_bernoulli_surrogate,initial,20,0.028388888888888873,0.003981356813860353,0.8896670719271796,0.08107188389985823,0.0010555555555555557,0.0
k2_symmetric,1800,24.0,edge_only_oracle,reference,20,0.00033333333333331885,0.00037808724854371717,0.9986669133074237,0.0,0.0,0.0
k2_symmetric,1800,24.0,gmm_full_neighbor_degree,decoded,20,0.001305555555555543,0.0008116076346157774,0.9947841995012536,0.1082263658518059,0.0,0.0
k2_symmetric,1800,24.0,gmm_full_neighbor_degree,initial,20,0.001388888888888873,0.0007959448882348798,0.9944514836991253,0.10782712630025344,0.0,0.0
k2_symmetric,1800,24.0,gmm_full_spec,decoded,20,0.0012777777777777722,0.0007004129479070654,0.9948944459687542,0.05122241305070929,0.0,0.0
k2_symmetric,1800,24.0,gmm_full_spec,initial,20,0.0013611111111111018,0.0007316079294561871,0.994561977219816,0.05080530584964436,0.0,0.0
k2_symmetric,1800,24.0,gmm_full_spec_degree,decoded,20,0.0012777777777777722,0.0007004129479070654,0.9948944459687542,0.07696568140017916,0.0,0.0
k2_symmetric,1800,24.0,gmm_full_spec_degree,initial,20,0.001444444444444437,0.0007073364731793678,0.9942292614120503,0.07657252755052468,0.0,0.0
k2_symmetric,1800,24.0,gmm_tied_spec,decoded,20,0.0012777777777777666,0.0007453559924999436,0.9948946930167646,0.06865103435047785,0.0,0.0
k2_symmetric,1800,24.0,gmm_tied_spec,initial,20,0.0012777777777777666,0.0007232336597364104,0.9948945694955764,0.06826153835027071,0.0,0.0
k2_symmetric,1800,24.0,km_ASE,decoded,20,0.0012499999999999844,0.0007404360971988781,0.9950055571135087,0.007524707349875826,0.0,0.0
k2_symmetric,1800,24.0,km_ASE,initial,20,0.0012499999999999844,0.0007404360971988781,0.9950055571135087,0.0071593250995647395,0.0,0.0
k2_symmetric,1800,24.0,km_RRE,decoded,20,0.0012499999999999844,0.0008235290704975325,0.9950060512137975,0.007530620099350927,0.0,0.0
k2_symmetric,1800,24.0,km_RRE,initial,20,0.0012777777777777666,0.0008279553559673368,0.9948951871176612,0.00716172404900135,0.0,0.0
k2_symmetric,1800,24.0,km_classic_U,decoded,20,0.0012499999999999844,0.0007404360971988781,0.9950055571135087,0.008188900250388542,0.0,0.0
k2_symmetric,1800,24.0,km_classic_U,initial,20,0.0012499999999999844,0.0007404360971988781,0.9950055571135087,0.007797033700990141,0.0,0.0
k2_symmetric,1800,24.0,km_neighbor_degree,decoded,20,0.008194444444444431,0.031035243229064594,0.9711350397278414,0.009682935401360736,0.0,0.0
k2_symmetric,1800,24.0,km_neighbor_degree,initial,20,0.024222222222222207,0.10244372771882072,0.9453074999388449,0.009300931200777995,0.0,0.0
k2_symmetric,1800,24.0,km_spec,decoded,20,0.0012777777777777666,0.0008279553559673368,0.9948951871176612,0.008578015501188928,0.0,0.0
k2_symmetric,1800,24.0,km_spec,initial,20,0.003972222222222227,0.004514344331499309,0.9842429111065998,0.008229469151046942,0.0,0.0
k2_symmetric,1800,24.0,km_spec_degree,decoded,20,0.22197222222222218,0.1385814697179525,0.3818379317873038,0.00929279465235595,0.0,0.0
k2_symmetric,1800,24.0,km_spec_degree,initial,20,0.4598055555555556,0.03016430800769093,0.009373522867713617,0.008901757551211632,0.0,0.0
k2_symmetric,1800,24.0,poisson_gaussian,decoded,20,0.0012777777777777666,0.0007668403905216719,0.9948948165463316,0.10661358645229484,0.0,0.0
k2_symmetric,1800,24.0,poisson_gaussian,initial,20,0.0014166666666666494,0.0007747434545724683,0.9943404960827156,0.1062290125515574,0.0,0.0
k2_symmetric,1800,24.0,raw_bernoulli_vem,initial,20,0.0005555555555555369,0.00047688615293274404,0.9977786417720637,0.06937583140061179,0.0,0.0
k2_symmetric,1800,24.0,spectral_bernoulli_surrogate,decoded,20,0.0012222222222222079,0.0007773599546062025,0.9951166682588752,0.05975077740004053,0.0,0.0
k2_symmetric,1800,24.0,spectral_bernoulli_surrogate,initial,20,0.0012222222222222079,0.0007773599546062025,0.9951166682588752,0.05936376565041428,0.0,0.0
k2_symmetric,1800,64.0,edge_only_oracle,reference,20,0.0,0.0,1.0,0.0,0.0,0.0
k2_symmetric,1800,64.0,gmm_full_neighbor_degree,decoded,20,0.0,0.0,1.0,0.08307265344992629,0.0,0.0
k2_symmetric,1800,64.0,gmm_full_neighbor_degree,initial,20,0.0,0.0,1.0,0.08268272850000358,0.0,0.0
k2_symmetric,1800,64.0,gmm_full_spec,decoded,20,0.0,0.0,1.0,0.03273934439966979,0.0,0.0
k2_symmetric,1800,64.0,gmm_full_spec,initial,20,0.0,0.0,1.0,0.03236262219943455,0.0,0.0
k2_symmetric,1800,64.0,gmm_full_spec_degree,decoded,20,0.0,0.0,1.0,0.06028810625030019,0.0,0.0
k2_symmetric,1800,64.0,gmm_full_spec_degree,initial,20,0.0,0.0,1.0,0.05990527744979772,0.0,0.0
k2_symmetric,1800,64.0,gmm_tied_spec,decoded,20,0.0,0.0,1.0,0.039525314250204245,0.0,0.0
k2_symmetric,1800,64.0,gmm_tied_spec,initial,20,0.0,0.0,1.0,0.039151736550411445,0.0,0.0
k2_symmetric,1800,64.0,km_ASE,decoded,20,0.0,0.0,1.0,0.007198211352078943,0.0,0.0
k2_symmetric,1800,64.0,km_ASE,initial,20,0.0,0.0,1.0,0.006839137200586265,0.0,0.0
k2_symmetric,1800,64.0,km_RRE,decoded,20,0.0,0.0,1.0,0.007201351800540578,0.0,0.0
k2_symmetric,1800,64.0,km_RRE,initial,20,0.0,0.0,1.0,0.006848195199927432,0.0,0.0
k2_symmetric,1800,64.0,km_classic_U,decoded,20,0.0,0.0,1.0,0.007602432300336659,0.0,0.0
k2_symmetric,1800,64.0,km_classic_U,initial,20,0.0,0.0,1.0,0.007219964950127178,0.0,0.0
k2_symmetric,1800,64.0,km_neighbor_degree,decoded,20,0.0,0.0,1.0,0.008933222100313287,0.0,0.0
k2_symmetric,1800,64.0,km_neighbor_degree,initial,20,0.0,0.0,1.0,0.00858545234950725,0.0,0.0
k2_symmetric,1800,64.0,km_spec,decoded,20,0.0,0.0,1.0,0.0078198159000749,0.0,0.0
k2_symmetric,1800,64.0,km_spec,initial,20,0.00011111111111110628,0.00029063797987809674,0.9995556789444449,0.007461098799831234,0.0,0.0
k2_symmetric,1800,64.0,km_spec_degree,decoded,20,0.029749999999999988,0.044848121071152304,0.8921237654464953,0.008740270450653042,0.0,0.0
k2_symmetric,1800,64.0,km_spec_degree,initial,20,0.4533888888888889,0.025968504440417702,0.010705216134932975,0.008393634951062268,0.0,0.0
k2_symmetric,1800,64.0,poisson_gaussian,decoded,20,0.0,0.0,1.0,0.08715160870233377,0.0,0.0
k2_symmetric,1800,64.0,poisson_gaussian,initial,20,0.0,0.0,1.0,0.08677918495086487,0.0,0.0
k2_symmetric,1800,64.0,raw_bernoulli_vem,initial,20,0.0,0.0,1.0,0.09373455530003412,0.0,0.0
k2_symmetric,1800,64.0,spectral_bernoulli_surrogate,decoded,20,0.0,0.0,1.0,0.05143939785011753,0.0,0.0
k2_symmetric,1800,64.0,spectral_bernoulli_surrogate,initial,20,0.0,0.0,1.0,0.05106028820046049,0.0,0.0
k2_symmetric,1800,96.0,edge_only_oracle,reference,20,0.0,0.0,1.0,0.0,0.0,0.0
k2_symmetric,1800,96.0,gmm_full_neighbor_degree,decoded,20,0.0,0.0,1.0,0.07157952909983578,0.0,0.0
k2_symmetric,1800,96.0,gmm_full_neighbor_degree,initial,20,0.0,0.0,1.0,0.07118297859997255,0.0,0.0
k2_symmetric,1800,96.0,gmm_full_spec,decoded,20,0.0,0.0,1.0,0.03244857134995982,0.0,0.0
k2_symmetric,1800,96.0,gmm_full_spec,initial,20,0.0,0.0,1.0,0.03204518820057274,0.0,0.0
k2_symmetric,1800,96.0,gmm_full_spec_degree,decoded,20,0.0,0.0,1.0,0.05371807809970051,0.0,0.0
k2_symmetric,1800,96.0,gmm_full_spec_degree,initial,20,0.0,0.0,1.0,0.05330850240025029,0.0,0.0
k2_symmetric,1800,96.0,gmm_tied_spec,decoded,20,0.0,0.0,1.0,0.038143056099579555,0.0,0.0
k2_symmetric,1800,96.0,gmm_tied_spec,initial,20,0.0,0.0,1.0,0.037758495649541146,0.0,0.0
k2_symmetric,1800,96.0,km_ASE,decoded,20,0.0,0.0,1.0,0.0073732615001063095,0.0,0.0
k2_symmetric,1800,96.0,km_ASE,initial,20,0.0,0.0,1.0,0.006997880850394722,0.0,0.0
k2_symmetric,1800,96.0,km_RRE,decoded,20,0.0,0.0,1.0,0.007471744649956235,0.0,0.0
k2_symmetric,1800,96.0,km_RRE,initial,20,0.0,0.0,1.0,0.007108710000102292,0.0,0.0
k2_symmetric,1800,96.0,km_classic_U,decoded,20,0.0,0.0,1.0,0.007844016300077783,0.0,0.0
k2_symmetric,1800,96.0,km_classic_U,initial,20,0.0,0.0,1.0,0.007456125350654474,0.0,0.0
k2_symmetric,1800,96.0,km_neighbor_degree,decoded,20,0.0,0.0,1.0,0.009779523000179324,0.0,0.0
k2_symmetric,1800,96.0,km_neighbor_degree,initial,20,0.0,0.0,1.0,0.009416900999713106,0.0,0.0
k2_symmetric,1800,96.0,km_spec,decoded,20,0.0,0.0,1.0,0.00802501660073176,0.0,0.0
k2_symmetric,1800,96.0,km_spec,initial,20,0.0,0.0,1.0,0.007664754599682055,0.0,0.0
k2_symmetric,1800,96.0,km_spec_degree,decoded,20,0.009638888888888874,0.024804809815709178,0.9641342441740026,0.009315619399421849,0.0,0.0
k2_symmetric,1800,96.0,km_spec_degree,initial,20,0.4578055555555555,0.02101352870329024,0.008249114456914345,0.008940448749490315,0.0,0.0
k2_symmetric,1800,96.0,poisson_gaussian,decoded,20,0.0,0.0,1.0,0.07424661644909065,0.0,0.0
k2_symmetric,1800,96.0,poisson_gaussian,initial,20,0.0,0.0,1.0,0.07386723389899999,0.0,0.0
k2_symmetric,1800,96.0,raw_bernoulli_vem,initial,20,0.0,0.0,1.0,0.11005183009947359,0.0,0.0
k2_symmetric,1800,96.0,spectral_bernoulli_surrogate,decoded,20,0.0,0.0,1.0,0.0410104747475998,0.0,0.0
k2_symmetric,1800,96.0,spectral_bernoulli_surrogate,initial,20,0.0,0.0,1.0,0.040629601798354995,0.0,0.0
k3_disassortative,1800,4.0,edge_only_oracle,reference,20,0.27944444444444444,0.01661199610386738,0.36955129993372593,0.0,0.04216666666666667,0.02525
k3_disassortative,1800,4.0,gmm_full_neighbor_degree,decoded,20,0.5315833333333334,0.05649189738746033,0.06699609008562415,0.3678004006993433,0.04216666666666667,0.02525
k3_disassortative,1800,4.0,gmm_full_neighbor_degree,initial,20,0.6376944444444443,0.025440418869993073,0.004569605626577577,0.3673169408502872,0.04216666666666667,0.02525
k3_disassortative,1800,4.0,gmm_full_spec,decoded,20,0.5458055555555555,0.05353655088536945,0.0470339869718639,0.33856382990161366,0.04216666666666667,0.02525
k3_disassortative,1800,4.0,gmm_full_spec,initial,20,0.5790555555555555,0.014825276520578978,0.03059288891284363,0.3379806572011148,0.04216666666666667,0.02525
k3_disassortative,1800,4.0,gmm_full_spec_degree,decoded,20,0.5483611111111111,0.04753251170110819,0.04588808264469888,0.34033856630085213,0.04216666666666667,0.02525
k3_disassortative,1800,4.0,gmm_full_spec_degree,initial,20,0.5831666666666667,0.012143687076109525,0.028379742356873922,0.33986058620102993,0.04216666666666667,0.02525
k3_disassortative,1800,4.0,gmm_tied_spec,decoded,20,0.5603888888888889,0.0454549237978229,0.05705192322214962,0.14737838979817752,0.04216666666666667,0.02525
k3_disassortative,1800,4.0,gmm_tied_spec,initial,20,0.6016666666666667,0.027412214424871167,0.0103246784159646,0.14688769044914807,0.04216666666666667,0.02525
k3_disassortative,1800,4.0,km_ASE,decoded,20,0.54125,0.048196814323989874,0.0580601977001126,0.011742955300724134,0.04216666666666667,0.02525
k3_disassortative,1800,4.0,km_ASE,initial,20,0.53975,0.040574366782071686,0.04071166361242334,0.011319025900229462,0.04216666666666667,0.02525
k3_disassortative,1800,4.0,km_RRE,decoded,20,0.5371944444444445,0.04217197494883444,0.05790056344483278,0.011500074400464655,0.04216666666666667,0.02525
k3_disassortative,1800,4.0,km_RRE,initial,20,0.5371666666666667,0.04079254636396703,0.04169647281344169,0.011084915400351747,0.04216666666666667,0.02525
k3_disassortative,1800,4.0,km_classic_U,decoded,20,0.5392222222222223,0.03716758668080446,0.06724868393802766,0.012171996799588669,0.04216666666666667,0.02525
k3_disassortative,1800,4.0,km_classic_U,initial,20,0.5489166666666667,0.04165768909131721,0.039564365692183,0.011680635049560805,0.04216666666666667,0.02525
k3_disassortative,1800,4.0,km_neighbor_degree,decoded,20,0.5683611111111111,0.047311225034815954,0.04734080743933524,0.011940503799996805,0.04216666666666667,0.02525
k3_disassortative,1800,4.0,km_neighbor_degree,initial,20,0.5008055555555555,0.04626725307334084,0.07525529528702314,0.011513002150240936,0.04216666666666667,0.02525
k3_disassortative,1800,4.0,km_spec,decoded,20,0.5357777777777778,0.03614029410090357,0.05613744199306171,0.011331702948518796,0.04216666666666667,0.02525
k3_disassortative,1800,4.0,km_spec,initial,20,0.5151388888888888,0.045213691955213346,0.05190907314880868,0.010910687898285688,0.04216666666666667,0.02525
k3_disassortative,1800,4.0,km_spec_degree,decoded,20,0.5461666666666667,0.04637961703047401,0.05644088715045319,0.012801198500892497,0.04216666666666667,0.02525
k3_disassortative,1800,4.0,km_spec_degree,initial,20,0.4994722222222222,0.04858640976420441,0.06801476251052739,0.01236294865157106,0.04216666666666667,0.02525
k3_disassortative,1800,4.0,poisson_gaussian,decoded,20,0.5322222222222222,0.05101854062964958,0.05883699187726238,0.316013855899655,0.04216666666666667,0.02525
k3_disassortative,1800,4.0,poisson_gaussian,initial,20,0.597,0.031054878168971643,0.01717893308866112,0.31555351414972393,0.04216666666666667,0.02525
k3_disassortative,1800,4.0,raw_bernoulli_vem,initial,20,0.5846666666666667,0.037405458038876016,0.03274171578002304,0.10836988350019965,0.04216666666666667,0.02525
k3_disassortative,1800,4.0,spectral_bernoulli_surrogate,decoded,20,0.5700555555555555,0.050434402741155286,0.05012704106451031,0.21374649990066247,0.04216666666666667,0.02525
k3_disassortative,1800,4.0,spectral_bernoulli_surrogate,initial,20,0.5770000000000001,0.04938622632098367,0.030749601316429277,0.21337397935130867,0.04216666666666667,0.02525
k3_disassortative,1800,6.0,edge_only_oracle,reference,20,0.22022222222222224,0.011782907412116971,0.47364833980282706,0.0,0.025166666666666664,0.0056388888888888895
k3_disassortative,1800,6.0,gmm_full_neighbor_degree,decoded,20,0.5173333333333333,0.08327826640619106,0.12657805115059614,0.4158417955517507,0.025166666666666664,0.0056388888888888895
k3_disassortative,1800,6.0,gmm_full_neighbor_degree,initial,20,0.4929166666666667,0.03939349934663371,0.13497852584624842,0.4153901670517371,0.025166666666666664,0.0056388888888888895
k3_disassortative,1800,6.0,gmm_full_spec,decoded,20,0.5367222222222222,0.04430530119635871,0.05729080093156767,0.26706674144916176,0.025166666666666664,0.0056388888888888895
k3_disassortative,1800,6.0,gmm_full_spec,initial,20,0.5510277777777778,0.009510903082930214,0.05228224525571444,0.26660765714914303,0.025166666666666664,0.0056388888888888895
k3_disassortative,1800,6.0,gmm_full_spec_degree,decoded,20,0.5232777777777777,0.04426935541048728,0.07121841895412484,0.31379159085045105,0.025166666666666664,0.0056388888888888895
k3_disassortative,1800,6.0,gmm_full_spec_degree,initial,20,0.5563888888888889,0.014428128436787438,0.04805714242447391,0.313337782000599,0.025166666666666664,0.0056388888888888895
k3_disassortative,1800,6.0,gmm_tied_spec,decoded,20,0.5727222222222222,0.07079560398682713,0.05496521787858318,0.14842012685076042,0.025166666666666664,0.0056388888888888895
k3_disassortative,1800,6.0,gmm_tied_spec,initial,20,0.5282222222222221,0.04392222436731002,0.04049120186863747,0.14798768819964608,0.025166666666666664,0.0056388888888888895
k3_disassortative,1800,6.0,km_ASE,decoded,20,0.48550000000000004,0.056927190368477376,0.12282508729643324,0.011885081398577312,0.025166666666666664,0.0056388888888888895
k3_disassortative,1800,6.0,km_ASE,initial,20,0.41850000000000004,0.03258372531334695,0.15610450626901665,0.011474853098116,0.025166666666666664,0.0056388888888888895
k3_disassortative,1800,6.0,km_RRE,decoded,20,0.5018888888888889,0.05920290327074773,0.0815190528137469,0.012033298948881565,0.025166666666666664,0.0056388888888888895
k3_disassortative,1800,6.0,km_RRE,initial,20,0.3986388888888889,0.01661930404850127,0.15373927021084538,0.011624025099808932,0.025166666666666664,0.0056388888888888895
k3_disassortative,1800,6.0,km_classic_U,decoded,20,0.4703611111111111,0.04806498572247393,0.161464291517676,0.011820645950501784,0.025166666666666664,0.0056388888888888895
k3_disassortative,1800,6.0,km_classic_U,initial,20,0.4449722222222222,0.039203603337191875,0.15787390403991816,0.011382721350673818,0.025166666666666664,0.0056388888888888895
k3_disassortative,1800,6.0,km_neighbor_degree,decoded,20,0.5637777777777778,0.04870866568753891,0.03659246488444532,0.011947975748989847,0.025166666666666664,0.0056388888888888895
k3_disassortative,1800,6.0,km_neighbor_degree,initial,20,0.4047777777777778,0.013999443040995945,0.19435737157956184,0.011518774049909553,0.025166666666666664,0.0056388888888888895
k3_disassortative,1800,6.0,km_spec,decoded,20,0.5250277777777778,0.04634092488328578,0.06300537976423465,0.01171573664942116,0.025166666666666664,0.0056388888888888895
k3_disassortative,1800,6.0,km_spec,initial,20,0.40136111111111106,0.012715299835337509,0.15077563202318398,0.011304979100168566,0.025166666666666664,0.0056388888888888895
k3_disassortative,1800,6.0,km_spec_degree,decoded,20,0.5322777777777777,0.05790272701670803,0.05742846850492287,0.01123480914866377,0.025166666666666664,0.0056388888888888895
k3_disassortative,1800,6.0,km_spec_degree,initial,20,0.38755555555555554,0.010590738533740629,0.16867105408420596,0.010814021398982732,0.025166666666666664,0.0056388888888888895
k3_disassortative,1800,6.0,poisson_gaussian,decoded,20,0.5507222222222222,0.06477985411897062,0.07441405975812376,0.2876567179511767,0.025166666666666664,0.0056388888888888895
k3_disassortative,1800,6.0,poisson_gaussian,initial,20,0.4773611111111111,0.07102994156755528,0.1256824433590556,0.2871977023012732,0.025166666666666664,0.0056388888888888895
k3_disassortative,1800,6.0,raw_bernoulli_vem,initial,20,0.30216666666666664,0.028063964346948477,0.3466110657674453,0.17033015035012794,0.025166666666666664,0.0056388888888888895
k3_disassortative,1800,6.0,spectral_bernoulli_surrogate,decoded,20,0.5620277777777778,0.05139675931511796,0.05063567308972457,0.23208274409989826,0.025166666666666664,0.0056388888888888895
k3_disassortative,1800,6.0,spectral_bernoulli_surrogate,initial,20,0.49372222222222223,0.04652376477413374,0.0741304100706155,0.2316609936500754,0.025166666666666664,0.0056388888888888895
k3_disassortative,1800,12.0,edge_only_oracle,reference,20,0.11466666666666665,0.005574237594176914,0.6974380109251449,0.0,0.004611111111111111,5.555555555555556e-05
k3_disassortative,1800,12.0,gmm_full_neighbor_degree,decoded,20,0.3790277777777778,0.09269428869458565,0.31616222634448354,0.3808917385507812,0.004611111111111111,5.555555555555556e-05
k3_disassortative,1800,12.0,gmm_full_neighbor_degree,initial,20,0.27641666666666664,0.057015459925929754,0.45225668533417834,0.38044560915113834,0.004611111111111111,5.555555555555556e-05
k3_disassortative,1800,12.0,gmm_full_spec,decoded,20,0.52325,0.11598271742264335,0.12001536935761106,0.22087882230080141,0.004611111111111111,5.555555555555556e-05
k3_disassortative,1800,12.0,gmm_full_spec,initial,20,0.28494444444444444,0.060810504675445604,0.43075562911144444,0.22042519899987384,0.004611111111111111,5.555555555555556e-05
k3_disassortative,1800,12.0,gmm_full_spec_degree,decoded,20,0.5396388888888889,0.10741003685361104,0.07586136505918913,0.24024431405050564,0.004611111111111111,5.555555555555556e-05
k3_disassortative,1800,12.0,gmm_full_spec_degree,initial,20,0.2560555555555556,0.03562625463746053,0.45636401221053413,0.2397936737503187,0.004611111111111111,5.555555555555556e-05
k3_disassortative,1800,12.0,gmm_tied_spec,decoded,20,0.5172222222222222,0.06959504138640231,0.0867941055674508,0.14172628129963413,0.004611111111111111,5.555555555555556e-05
k3_disassortative,1800,12.0,gmm_tied_spec,initial,20,0.30319444444444443,0.024193203149283103,0.29172163506034693,0.14127693630034627,0.004611111111111111,5.555555555555556e-05
k3_disassortative,1800,12.0,km_ASE,decoded,20,0.3451666666666667,0.02723451208435786,0.3641440141013208,0.011094787050387822,0.004611111111111111,5.555555555555556e-05
k3_disassortative,1800,12.0,km_ASE,initial,20,0.3035277777777778,0.0176118674547495,0.4042145222544794,0.010687290749410749,0.004611111111111111,5.555555555555556e-05
k3_disassortative,1800,12.0,km_RRE,decoded,20,0.44252777777777774,0.0907610725322232,0.1670127559835038,0.010935756250910344,0.004611111111111111,5.555555555555556e-05
k3_disassortative,1800,12.0,km_RRE,initial,20,0.21075,0.0109019419912824,0.47193383648956555,0.010534014150107397,0.004611111111111111,5.555555555555556e-05
k3_disassortative,1800,12.0,km_classic_U,decoded,20,0.37569444444444444,0.030783506444293323,0.36060460891951795,0.012262733300667605,0.004611111111111111,5.555555555555556e-05
k3_disassortative,1800,12.0,km_classic_U,initial,20,0.38225,0.03209466332437737,0.35244917796132086,0.011808231650138622,0.004611111111111111,5.555555555555556e-05
k3_disassortative,1800,12.0,km_neighbor_degree,decoded,20,0.47119444444444447,0.09288990230707149,0.13271526188385713,0.011920214449128252,0.004611111111111111,5.555555555555556e-05
k3_disassortative,1800,12.0,km_neighbor_degree,initial,20,0.31752777777777774,0.011979887574714295,0.35402518372975844,0.011504294449696317,0.004611111111111111,5.555555555555556e-05
k3_disassortative,1800,12.0,km_spec,decoded,20,0.5190277777777778,0.11227386846439832,0.0919443393703211,0.010399391300234128,0.004611111111111111,5.555555555555556e-05
k3_disassortative,1800,12.0,km_spec,initial,20,0.25419444444444445,0.013092953776611703,0.38280197610511146,0.009981069549758104,0.004611111111111111,5.555555555555556e-05
k3_disassortative,1800,12.0,km_spec_degree,decoded,20,0.5435555555555556,0.08666186821324148,0.0621600122529843,0.010336099749110872,0.004611111111111111,5.555555555555556e-05
k3_disassortative,1800,12.0,km_spec_degree,initial,20,0.2612777777777778,0.01251003495833924,0.36755998289202346,0.009928772549392307,0.004611111111111111,5.555555555555556e-05
k3_disassortative,1800,12.0,poisson_gaussian,decoded,20,0.5153333333333333,0.09216115077840835,0.08862396231762534,0.3112935455490515,0.004611111111111111,5.555555555555556e-05
k3_disassortative,1800,12.0,poisson_gaussian,initial,20,0.22549999999999998,0.01853547956215566,0.4730989033470848,0.3108498221001355,0.004611111111111111,5.555555555555556e-05
k3_disassortative,1800,12.0,raw_bernoulli_vem,initial,20,0.14155555555555555,0.009239432964607325,0.6423275892929494,0.19756711620066197,0.004611111111111111,5.555555555555556e-05
k3_disassortative,1800,12.0,spectral_bernoulli_surrogate,decoded,20,0.4778611111111111,0.08915917878599695,0.18282006676619095,0.2926297764006449,0.004611111111111111,5.555555555555556e-05
k3_disassortative,1800,12.0,spectral_bernoulli_surrogate,initial,20,0.33744444444444444,0.08636143581391786,0.38461512121010694,0.2921884145504009,0.004611111111111111,5.555555555555556e-05
k3_disassortative,1800,24.0,edge_only_oracle,reference,20,0.041138888888888885,0.004163156416113763,0.8831078774626755,0.0,0.0,0.0
k3_disassortative,1800,24.0,gmm_full_neighbor_degree,decoded,20,0.5233611111111112,0.08878804129387648,0.08879286766690483,0.285240987000725,0.0,0.0
k3_disassortative,1800,24.0,gmm_full_neighbor_degree,initial,20,0.07333333333333333,0.008901672094717452,0.7996565089003265,0.2847967581998091,0.0,0.0
k3_disassortative,1800,24.0,gmm_full_spec,decoded,20,0.4910555555555556,0.08478748804307727,0.10681761146114122,0.25129899555067825,0.0,0.0
k3_disassortative,1800,24.0,gmm_full_spec,initial,20,0.09519444444444444,0.015512969065487455,0.7500516192124899,0.2508522515505319,0.0,0.0
k3_disassortative,1800,24.0,gmm_full_spec_degree,decoded,20,0.5083333333333333,0.09221869929155008,0.0946245979640405,0.227979117949144,0.0,0.0
k3_disassortative,1800,24.0,gmm_full_spec_degree,initial,20,0.07455555555555556,0.01094406595361801,0.7980599743852823,0.22752311204967554,0.0,0.0
k3_disassortative,1800,24.0,gmm_tied_spec,decoded,20,0.5464444444444444,0.06504744107682701,0.05600994343824182,0.09044640664833423,0.0,0.0
k3_disassortative,1800,24.0,gmm_tied_spec,initial,20,0.10686111111111112,0.012965535111006789,0.7140312327226583,0.09000030259958294,0.0,0.0
k3_disassortative,1800,24.0,km_ASE,decoded,20,0.2871944444444444,0.021807888093667252,0.4840741528243995,0.010272235501543037,0.0,0.0
k3_disassortative,1800,24.0,km_ASE,initial,20,0.2593888888888889,0.03186681388467466,0.5100876146118448,0.00986232055038272,0.0,0.0
k3_disassortative,1800,24.0,km_RRE,decoded,20,0.5224166666666668,0.09118921823202222,0.08879880864285782,0.009833247549613589,0.0,0.0
k3_disassortative,1800,24.0,km_RRE,initial,20,0.08691666666666667,0.007915396943421716,0.7623381908073134,0.008825115649597138,0.0,0.0
k3_disassortative,1800,24.0,km_classic_U,decoded,20,0.32555555555555554,0.013233053699030693,0.4665251016000075,0.011900274048457504,0.0,0.0
k3_disassortative,1800,24.0,km_classic_U,initial,20,0.3424722222222222,0.017151311287548595,0.4283905815109577,0.011452252549133846,0.0,0.0
k3_disassortative,1800,24.0,km_neighbor_degree,decoded,20,0.32213888888888886,0.15473816940924678,0.38539023971347,0.012268445849622367,0.0,0.0
k3_disassortative,1800,24.0,km_neighbor_degree,initial,20,0.20244444444444448,0.09582757419766079,0.5856870830582136,0.011843829799909144,0.0,0.0
k3_disassortative,1800,24.0,km_spec,decoded,20,0.5225555555555556,0.090518038366149,0.07953411041022602,0.00996185844996944,0.0,0.0
k3_disassortative,1800,24.0,km_spec,initial,20,0.14391666666666666,0.009081386042319905,0.6181029239538984,0.009557772600237513,0.0,0.0
k3_disassortative,1800,24.0,km_spec_degree,decoded,20,0.5603333333333333,0.0926049621367326,0.052329892806839584,0.010044503000972326,0.0,0.0
k3_disassortative,1800,24.0,km_spec_degree,initial,20,0.15702777777777777,0.00972873633064917,0.5855474532620011,0.009634149250996416,0.0,0.0
k3_disassortative,1800,24.0,poisson_gaussian,decoded,20,0.49811111111111106,0.07407045800140573,0.10632687465093178,0.15948478440041072,0.0,0.0
k3_disassortative,1800,24.0,poisson_gaussian,initial,20,0.06530555555555555,0.008159940739888521,0.8199982397080386,0.15905364445061423,0.0,0.0
k3_disassortative,1800,24.0,raw_bernoulli_vem,initial,20,0.04680555555555556,0.004465865774405868,0.8682218109190952,0.12399054950001301,0.0,0.0
k3_disassortative,1800,24.0,spectral_bernoulli_surrogate,decoded,20,0.5168055555555555,0.08631166515170798,0.13160750603171004,0.1038204875010706,0.0,0.0
k3_disassortative,1800,24.0,spectral_bernoulli_surrogate,initial,20,0.15219444444444447,0.15302106891165085,0.7241631415145274,0.10336544450037763,0.0,0.0
k3_disassortative,1800,64.0,edge_only_oracle,reference,20,0.0028888888888888853,0.0014374549742927393,0.991369384055238,0.0,0.0,0.0
k3_disassortative,1800,64.0,gmm_full_neighbor_degree,decoded,20,0.4607222222222222,0.1202033013615667,0.1582314449225353,0.10678980760094418,0.0,0.0
k3_disassortative,1800,64.0,gmm_full_neighbor_degree,initial,20,0.0049722222222222225,0.0018246293472129675,0.9851883644245071,0.10631948910086067,0.0,0.0
k3_disassortative,1800,64.0,gmm_full_spec,decoded,20,0.4634722222222222,0.11993607174675552,0.1548321432996868,0.12327048809893312,0.0,0.0
k3_disassortative,1800,64.0,gmm_full_spec,initial,20,0.00899999999999999,0.002475349556244747,0.9733595652816691,0.122820488949219,0.0,0.0
k3_disassortative,1800,64.0,gmm_full_spec_degree,decoded,20,0.4553055555555556,0.11712253944593165,0.1633110879510191,0.09829871204783558,0.0,0.0
k3_disassortative,1800,64.0,gmm_full_spec_degree,initial,20,0.006194444444444442,0.0024268037041185473,0.981592630553941,0.09784769944817526,0.0,0.0
k3_disassortative,1800,64.0,gmm_tied_spec,decoded,20,0.4409722222222222,0.10256408557785884,0.17258553168932417,0.05531685109999671,0.0,0.0
k3_disassortative,1800,64.0,gmm_tied_spec,initial,20,0.011000000000000005,0.003119870709238638,0.9675243519646873,0.05486394714935159,0.0,0.0
k3_disassortative,1800,64.0,km_ASE,decoded,20,0.44299999999999995,0.12101227256134535,0.1784893549929299,0.009664952700040886,0.0,0.0
k3_disassortative,1800,64.0,km_ASE,initial,20,0.00905555555555555,0.0030058422645405547,0.9731956779569474,0.009227369849031674,0.0,0.0
k3_disassortative,1800,64.0,km_RRE,decoded,20,0.43947222222222226,0.10399203295194724,0.175004930303286,0.008450760298364913,0.0,0.0
k3_disassortative,1800,64.0,km_RRE,initial,20,0.010222222222222226,0.0026637410852409856,0.9697826117056569,0.008052233199123293,0.0,0.0
k3_disassortative,1800,64.0,km_classic_U,decoded,20,0.3060833333333334,0.024914718087666855,0.5043832054555243,0.011616393449730821,0.0,0.0
k3_disassortative,1800,64.0,km_classic_U,initial,20,0.32913888888888887,0.014861801098919108,0.47221539240647126,0.011165210000399384,0.0,0.0
k3_disassortative,1800,64.0,km_neighbor_degree,decoded,20,0.4251111111111111,0.13011323603320737,0.19978284731005105,0.009827803249572753,0.0,0.0
k3_disassortative,1800,64.0,km_neighbor_degree,initial,20,0.04036111111111111,0.005423204182007167,0.8858740901481985,0.009422249099588952,0.0,0.0
k3_disassortative,1800,64.0,km_spec,decoded,20,0.3922222222222222,0.0872764944571581,0.22161917751781365,0.009187706550073926,0.0,0.0
k3_disassortative,1800,64.0,km_spec,initial,20,0.03491666666666668,0.005209312773404016,0.898984965781823,0.008779547550875576,0.0,0.0
k3_disassortative,1800,64.0,km_spec_degree,decoded,20,0.4214444444444444,0.10526620853279267,0.1901348438883414,0.00923717900113843,0.0,0.0
k3_disassortative,1800,64.0,km_spec_degree,initial,20,0.0408888888888889,0.005102586330916633,0.8820209538688969,0.008832331850135234,0.0,0.0
k3_disassortative,1800,64.0,poisson_gaussian,decoded,20,0.4571666666666666,0.11559897126378314,0.1601216157007151,0.08503310055020848,0.0,0.0
k3_disassortative,1800,64.0,poisson_gaussian,initial,20,0.0044444444444444505,0.0022728158763519043,0.9867619125235138,0.08460569549970387,0.0,0.0
k3_disassortative,1800,64.0,raw_bernoulli_vem,initial,20,0.0030277777777777738,0.001436041686197328,0.990955875846191,0.08675389619966153,0.0,0.0
k3_disassortative,1800,64.0,spectral_bernoulli_surrogate,decoded,20,0.4628055555555555,0.1229924527655943,0.15833003717962707,0.0530395445493923,0.0,0.0
k3_disassortative,1800,64.0,spectral_bernoulli_surrogate,initial,20,0.006722222222222213,0.0021622011262140773,0.9800325927819472,0.05261207144940272,0.0,0.0
k3_disassortative,1800,96.0,edge_only_oracle,reference,20,0.0004999999999999837,0.0005066163922938755,0.9985005562524026,0.0,0.0,0.0
k3_disassortative,1800,96.0,gmm_full_neighbor_degree,decoded,20,0.3855277777777778,0.13337931407456688,0.2520830155998349,0.07962368735061318,0.0,0.0
k3_disassortative,1800,96.0,gmm_full_neighbor_degree,initial,20,0.0008055555555555427,0.0005833681415401541,0.9975850273629401,0.0791656437504571,0.0,0.0
k3_disassortative,1800,96.0,gmm_full_spec,decoded,20,0.38466666666666666,0.13200316021971673,0.25309800293382273,0.0704754773505556,0.0,0.0
k3_disassortative,1800,96.0,gmm_full_spec,initial,20,0.0013333333333333253,0.000707336473179365,0.9960057063460118,0.07004553900042083,0.0,0.0
k3_disassortative,1800,96.0,gmm_full_spec_degree,decoded,20,0.3849444444444444,0.13263117992967816,0.25292396903272685,0.06889415885016206,0.0,0.0
k3_disassortative,1800,96.0,gmm_full_spec_degree,initial,20,0.0009999999999999898,0.0005584718777222783,0.9970025046395289,0.0684439956494316,0.0,0.0
k3_disassortative,1800,96.0,gmm_tied_spec,decoded,20,0.38258333333333333,0.1238611899646826,0.2506323249295316,0.043980561200078226,0.0,0.0
k3_disassortative,1800,96.0,gmm_tied_spec,initial,20,0.002472222222222231,0.0009274354167497209,0.992605104777825,0.043547511550423225,0.0,0.0
k3_disassortative,1800,96.0,km_ASE,decoded,20,0.37955555555555553,0.12936625151305617,0.25775807877317,0.008771533299295697,0.0,0.0
k3_disassortative,1800,96.0,km_ASE,initial,20,0.002055555555555544,0.0008473480397421384,0.9938486176871493,0.008374404050118755,0.0,0.0
k3_disassortative,1800,96.0,km_RRE,decoded,20,0.38183333333333336,0.12598721275501645,0.2524740427930695,0.008251491499322583,0.0,0.0
k3_disassortative,1800,96.0,km_RRE,initial,20,0.002305555555555555,0.0008695819912499189,0.9931028678886644,0.007849277449713555,0.0,0.0
k3_disassortative,1800,96.0,km_classic_U,decoded,20,0.28627777777777774,0.040946445950746466,0.5172889697379973,0.01118825750054384,0.0,0.0
k3_disassortative,1800,96.0,km_classic_U,initial,20,0.3166388888888889,0.017726969611074055,0.48612650152921777,0.010734035250425222,0.0,0.0
k3_disassortative,1800,96.0,km_neighbor_degree,decoded,20,0.36041666666666666,0.11685822132882971,0.27653856634666374,0.009415869999793358,0.0,0.0
k3_disassortative,1800,96.0,km_neighbor_degree,initial,20,0.01933333333333333,0.003996424652923882,0.9436348118642386,0.00899803799984511,0.0,0.0
k3_disassortative,1800,96.0,km_spec,decoded,20,0.3714166666666667,0.14182275256424579,0.2725164982084306,0.009021781599585665,0.0,0.0
k3_disassortative,1800,96.0,km_spec,initial,20,0.012555555555555552,0.0020022729124958023,0.9628648220755178,0.008623896950302879,0.0,0.0
k3_disassortative,1800,96.0,km_spec_degree,decoded,20,0.37369444444444444,0.13661022880218493,0.26523419370111606,0.00898028864976368,0.0,0.0
k3_disassortative,1800,96.0,km_spec_degree,initial,20,0.015000000000000003,0.0021927875157020872,0.9557089167521514,0.00857112425037485,0.0,0.0
k3_disassortative,1800,96.0,poisson_gaussian,decoded,20,0.38380555555555557,0.13217740591408975,0.2540314993393379,0.07345775730027526,0.0,0.0
k3_disassortative,1800,96.0,poisson_gaussian,initial,20,0.0006666666666666488,0.0004630604185924999,0.9980006959144999,0.0730349503493926,0.0,0.0
k3_disassortative,1800,96.0,raw_bernoulli_vem,initial,20,0.0004722222222222072,0.0005185011136037295,0.9985839127724535,0.09162407260082546,0.0,0.0
k3_disassortative,1800,96.0,spectral_bernoulli_surrogate,decoded,20,0.3857777777777778,0.1336999589092894,0.25208741858777733,0.03658248614883632,0.0,0.0
k3_disassortative,1800,96.0,spectral_bernoulli_surrogate,initial,20,0.0011388888888888837,0.0005247295785490979,0.9965865572274136,0.03616351634846069,0.0,0.0
k3_equal_degree,1800,4.0,edge_only_oracle,reference,20,0.19680555555555554,0.010291203495981983,0.5158840618273827,0.0,0.03813888888888889,0.019222222222222224
k3_equal_degree,1800,4.0,gmm_full_neighbor_degree,decoded,20,0.5809166666666667,0.05752821580785457,0.04627265035491174,0.32258100979888693,0.03813888888888889,0.019222222222222224
k3_equal_degree,1800,4.0,gmm_full_neighbor_degree,initial,20,0.6129444444444444,0.03835180502490032,0.01816085660222059,0.322138055549658,0.03813888888888889,0.019222222222222224
k3_equal_degree,1800,4.0,gmm_full_spec,decoded,20,0.6043333333333334,0.042004903949604086,0.020629348930636643,0.30166635535133535,0.03813888888888889,0.019222222222222224
k3_equal_degree,1800,4.0,gmm_full_spec,initial,20,0.6385833333333333,0.010104192414709657,0.002553593091343615,0.30118122110070544,0.03813888888888889,0.019222222222222224
k3_equal_degree,1800,4.0,gmm_full_spec_degree,decoded,20,0.6025833333333332,0.03766550007681286,0.020437718541540337,0.3426498317003279,0.03813888888888889,0.019222222222222224
k3_equal_degree,1800,4.0,gmm_full_spec_degree,initial,20,0.6387222222222222,0.010393649032987503,0.0026788327980576607,0.34219197340062235,0.03813888888888889,0.019222222222222224
k3_equal_degree,1800,4.0,gmm_tied_spec,decoded,20,0.5569999999999999,0.03664512924081485,0.057000646011987156,0.1821486321503471,0.03813888888888889,0.019222222222222224
k3_equal_degree,1800,4.0,gmm_tied_spec,initial,20,0.63075,0.020733209698584033,0.005559635435553054,0.18166494959987176,0.03813888888888889,0.019222222222222224
k3_equal_degree,1800,4.0,km_ASE,decoded,20,0.5673055555555555,0.036341494067156026,0.04256502347305459,0.011397202150692464,0.03813888888888889,0.019222222222222224
k3_equal_degree,1800,4.0,km_ASE,initial,20,0.5729166666666666,0.03295737052018772,0.034382021562513534,0.010969206850495539,0.03813888888888889,0.019222222222222224
k3_equal_degree,1800,4.0,km_RRE,decoded,20,0.5643888888888889,0.036233889341914495,0.04247748484351736,0.01152436284974101,0.03813888888888889,0.019222222222222224
k3_equal_degree,1800,4.0,km_RRE,initial,20,0.5714444444444444,0.03264712786394512,0.03378719529532547,0.01110946824956045,0.03813888888888889,0.019222222222222224
k3_equal_degree,1800,4.0,km_classic_U,decoded,20,0.5646666666666667,0.0382148775753131,0.04638686303733095,0.01151986314835085,0.03813888888888889,0.019222222222222224
k3_equal_degree,1800,4.0,km_classic_U,initial,20,0.572388888888889,0.033557772669870436,0.03596917116481339,0.011050391399112413,0.03813888888888889,0.019222222222222224
k3_equal_degree,1800,4.0,km_neighbor_degree,decoded,20,0.5735555555555556,0.05971243629875558,0.04982355084560014,0.011578582449510577,0.03813888888888889,0.019222222222222224
k3_equal_degree,1800,4.0,km_neighbor_degree,initial,20,0.5435555555555556,0.043662120502005436,0.06838510472062324,0.011159838050298276,0.03813888888888889,0.019222222222222224
k3_equal_degree,1800,4.0,km_spec,decoded,20,0.59425,0.04450262091558288,0.027805489958993103,0.011700289401414921,0.03813888888888889,0.019222222222222224
k3_equal_degree,1800,4.0,km_spec,initial,20,0.5759444444444444,0.029342535770755913,0.02979700774430641,0.011299024650725187,0.03813888888888889,0.019222222222222224
k3_equal_degree,1800,4.0,km_spec_degree,decoded,20,0.6064444444444445,0.032559437327207126,0.017191306124032864,0.01216309140145313,0.03813888888888889,0.019222222222222224
k3_equal_degree,1800,4.0,km_spec_degree,initial,20,0.5663333333333334,0.017875644365126696,0.03820263904223927,0.011737742400509888,0.03813888888888889,0.019222222222222224
k3_equal_degree,1800,4.0,poisson_gaussian,decoded,20,0.5904444444444444,0.0582522689309827,0.033106339204726776,0.3140316051983973,0.03813888888888889,0.019222222222222224
k3_equal_degree,1800,4.0,poisson_gaussian,initial,20,0.6238888888888889,0.02953065829061932,0.01058019049467895,0.31359280349824986,0.03813888888888889,0.019222222222222224
k3_equal_degree,1800,4.0,raw_bernoulli_vem,initial,20,0.6640555555555556,0.004196675561677453,-2.8428117438138518e-06,0.12128984965056588,0.03813888888888889,0.019222222222222224
k3_equal_degree,1800,4.0,spectral_bernoulli_surrogate,decoded,20,0.620638888888889,0.06367872246368397,0.027968564878895912,0.15080702014820418,0.03813888888888889,0.019222222222222224
k3_equal_degree,1800,4.0,spectral_bernoulli_surrogate,initial,20,0.6317222222222222,0.057287307560552767,0.010349843411645656,0.1505887539493415,0.03813888888888889,0.019222222222222224
k3_equal_degree,1800,6.0,edge_only_oracle,reference,20,0.14033333333333334,0.010717289717805834,0.6358086345636728,0.0,0.013944444444444445,0.0027222222222222222
k3_equal_degree,1800,6.0,gmm_full_neighbor_degree,decoded,20,0.49158333333333337,0.09188504468082603,0.14304392702333546,0.3596694439012936,0.013944444444444445,0.0027222222222222222
k3_equal_degree,1800,6.0,gmm_full_neighbor_degree,initial,20,0.4328333333333333,0.027024824339934004,0.22871314835847362,0.3592189249509829,0.013944444444444445,0.0027222222222222222
k3_equal_degree,1800,6.0,gmm_full_spec,decoded,20,0.5611111111111111,0.08936549855891568,0.071233117330787,0.26079445479736024,0.013944444444444445,0.0027222222222222222
k3_equal_degree,1800,6.0,gmm_full_spec,initial,20,0.5658333333333333,0.07725103589666946,0.06982215053007274,0.26034638674900634,0.013944444444444445,0.0027222222222222222
k3_equal_degree,1800,6.0,gmm_full_spec_degree,decoded,20,0.5594722222222221,0.07623862946356086,0.06678235200903769,0.2590675619998365,0.013944444444444445,0.0027222222222222222
k3_equal_degree,1800,6.0,gmm_full_spec_degree,initial,20,0.5725833333333333,0.07412567586175733,0.06876505188656688,0.2586198628996499,0.013944444444444445,0.0027222222222222222
k3_equal_degree,1800,6.0,gmm_tied_spec,decoded,20,0.5375277777777778,0.06197881458038806,0.07528666823090466,0.18949082650033233,0.013944444444444445,0.0027222222222222222
k3_equal_degree,1800,6.0,gmm_tied_spec,initial,20,0.5762777777777778,0.029036453976323758,0.028046216899910124,0.18904019560104643,0.013944444444444445,0.0027222222222222222
k3_equal_degree,1800,6.0,km_ASE,decoded,20,0.42738888888888893,0.03444496321058129,0.22815543368567898,0.011405809050484095,0.013944444444444445,0.0027222222222222222
k3_equal_degree,1800,6.0,km_ASE,initial,20,0.4534166666666667,0.03475350637458235,0.17978504192063055,0.011000901899751624,0.013944444444444445,0.0027222222222222222
k3_equal_degree,1800,6.0,km_RRE,decoded,20,0.43597222222222226,0.06203393478030785,0.20084209748134335,0.01100349070111406,0.013944444444444445,0.0027222222222222222
k3_equal_degree,1800,6.0,km_RRE,initial,20,0.45394444444444443,0.027355206861402994,0.16349021002636982,0.010600642300778418,0.013944444444444445,0.0027222222222222222
k3_equal_degree,1800,6.0,km_classic_U,decoded,20,0.4298333333333333,0.03422449107691279,0.23389075974804502,0.011719133099904865,0.013944444444444445,0.0027222222222222222
k3_equal_degree,1800,6.0,km_classic_U,initial,20,0.4504444444444444,0.033303885627967295,0.1922678978920928,0.01128575215007004,0.013944444444444445,0.0027222222222222222
k3_equal_degree,1800,6.0,km_neighbor_degree,decoded,20,0.5540555555555555,0.0706601425875106,0.06474688128566479,0.011505819249214256,0.013944444444444445,0.0027222222222222222
k3_equal_degree,1800,6.0,km_neighbor_degree,initial,20,0.45422222222222225,0.01282713579118845,0.19865898809495883,0.011095565999130485,0.013944444444444445,0.0027222222222222222
k3_equal_degree,1800,6.0,km_spec,decoded,20,0.5890833333333333,0.05326484241314291,0.032126078603133316,0.01042047400114825,0.013944444444444445,0.0027222222222222222
k3_equal_degree,1800,6.0,km_spec,initial,20,0.5008888888888889,0.014860626051000692,0.10542720615804288,0.010027689500930137,0.013944444444444445,0.0027222222222222222
k3_equal_degree,1800,6.0,km_spec_degree,decoded,20,0.6202222222222222,0.03642058126171515,0.01257579810672603,0.010839945001134766,0.013944444444444445,0.0027222222222222222
k3_equal_degree,1800,6.0,km_spec_degree,initial,20,0.5163333333333333,0.012381209431172624,0.09906579711753793,0.01043425570060208,0.013944444444444445,0.0027222222222222222
k3_equal_degree,1800,6.0,poisson_gaussian,decoded,20,0.5305555555555556,0.07711960450048087,0.1001478893237163,0.2910041255505348,0.013944444444444445,0.0027222222222222222
k3_equal_degree,1800,6.0,poisson_gaussian,initial,20,0.4487222222222222,0.02876440792182098,0.21080683525965788,0.2905762528502237,0.013944444444444445,0.0027222222222222222
k3_equal_degree,1800,6.0,raw_bernoulli_vem,initial,20,0.38458333333333333,0.016676288645527643,0.3753817971756641,0.16245847445061373,0.013944444444444445,0.0027222222222222222
k3_equal_degree,1800,6.0,spectral_bernoulli_surrogate,decoded,20,0.578111111111111,0.08277226324894602,0.0686205922619779,0.1642900319006003,0.013944444444444445,0.0027222222222222222
k3_equal_degree,1800,6.0,spectral_bernoulli_surrogate,initial,20,0.47936111111111107,0.09345165762676645,0.10170196985408175,0.16384484765003435,0.013944444444444445,0.0027222222222222222
k3_equal_degree,1800,12.0,edge_only_oracle,reference,20,0.0538611111111111,0.004346415251222819,0.8482197937793412,0.0,0.0010833333333333333,0.0
k3_equal_degree,1800,12.0,gmm_full_neighbor_degree,decoded,20,0.21988888888888888,0.1322548487929262,0.5476247721954803,0.3658342729504511,0.0010833333333333333,0.0
k3_equal_degree,1800,12.0,gmm_full_neighbor_degree,initial,20,0.21838888888888888,0.07819269029848223,0.5598828159154225,0.3653767121002602,0.0010833333333333333,0.0
k3_equal_degree,1800,12.0,gmm_full_spec,decoded,20,0.3684722222222222,0.13335561156472744,0.32763417118726046,0.22065769159817136,0.0010833333333333333,0.0
k3_equal_degree,1800,12.0,gmm_full_spec,initial,20,0.29883333333333334,0.05511606867911277,0.4759185915682811,0.22021135014947504,0.0010833333333333333,0.0
k3_equal_degree,1800,12.0,gmm_full_spec_degree,decoded,20,0.4057777777777778,0.09396825255706834,0.27284506478419707,0.23885273424821207,0.0010833333333333333,0.0
k3_equal_degree,1800,12.0,gmm_full_spec_degree,initial,20,0.32422222222222224,0.02228601953392903,0.45040984710981524,0.23840238174889236,0.0010833333333333333,0.0
k3_equal_degree,1800,12.0,gmm_tied_spec,decoded,20,0.2406388888888889,0.07368696301598078,0.4961087737409168,0.17368991749935958,0.0010833333333333333,0.0
k3_equal_degree,1800,12.0,gmm_tied_spec,initial,20,0.32999999999999996,0.05652286535546657,0.32940256517338407,0.17323807669890812,0.0010833333333333333,0.0
k3_equal_degree,1800,12.0,km_ASE,decoded,20,0.15983333333333333,0.0552991451253267,0.625059650031039,0.010312427999087959,0.0010833333333333333,0.0
k3_equal_degree,1800,12.0,km_ASE,initial,20,0.18322222222222223,0.05345186633126104,0.5717459370581082,0.009903331499663182,0.0010833333333333333,0.0
k3_equal_degree,1800,12.0,km_RRE,decoded,20,0.15905555555555556,0.05537546835130793,0.6260809074748076,0.010449125949526206,0.0010833333333333333,0.0
k3_equal_degree,1800,12.0,km_RRE,initial,20,0.1824722222222222,0.0529004345720121,0.5734659083154062,0.010047443250732613,0.0010833333333333333,0.0
k3_equal_degree,1800,12.0,km_classic_U,decoded,20,0.16099999999999998,0.05367658789797533,0.6226332404577395,0.010631565300354851,0.0010833333333333333,0.0
k3_equal_degree,1800,12.0,km_classic_U,initial,20,0.18680555555555556,0.05218702154438223,0.5645693478243812,0.010177851199841825,0.0010833333333333333,0.0
k3_equal_degree,1800,12.0,km_neighbor_degree,decoded,20,0.2225277777777778,0.1192225567214069,0.5294694850368681,0.011552946649317164,0.0010833333333333333,0.0
k3_equal_degree,1800,12.0,km_neighbor_degree,initial,20,0.26691666666666664,0.08499311499845738,0.45679884853298497,0.01113605745085806,0.0010833333333333333,0.0
k3_equal_degree,1800,12.0,km_spec,decoded,20,0.22961111111111113,0.10738611236098082,0.4978487356833711,0.010904232200118713,0.0010833333333333333,0.0
k3_equal_degree,1800,12.0,km_spec,initial,20,0.30380555555555555,0.07130713000902125,0.34847613541044975,0.010509322700818302,0.0010833333333333333,0.0
k3_equal_degree,1800,12.0,km_spec_degree,decoded,20,0.4646111111111111,0.07448613216995513,0.1873815964689777,0.01075175579971983,0.0010833333333333333,0.0
k3_equal_degree,1800,12.0,km_spec_degree,initial,20,0.4563055555555556,0.019058641251877614,0.19094659653757437,0.010338601849798578,0.0010833333333333333,0.0
k3_equal_degree,1800,12.0,poisson_gaussian,decoded,20,0.2200277777777778,0.1404697719177051,0.5394020601941334,0.3165038145994913,0.0010833333333333333,0.0
k3_equal_degree,1800,12.0,poisson_gaussian,initial,20,0.20869444444444443,0.07672687588310258,0.57103967317049,0.316070897699683,0.0010833333333333333,0.0
k3_equal_degree,1800,12.0,raw_bernoulli_vem,initial,20,0.10116666666666667,0.0648767762867771,0.75639533839637,0.21013824635119818,0.0010833333333333333,0.0
k3_equal_degree,1800,12.0,spectral_bernoulli_surrogate,decoded,20,0.4638888888888889,0.07230696782358846,0.2026578310846492,0.3098918311505258,0.0010833333333333333,0.0
k3_equal_degree,1800,12.0,spectral_bernoulli_surrogate,initial,20,0.36777777777777776,0.053674590482068914,0.19889931398507343,0.30942584965087006,0.0010833333333333333,0.0
k3_equal_degree,1800,24.0,edge_only_oracle,reference,20,0.011388888888888888,0.0026459968906178155,0.9663257042095761,0.0,0.0,0.0
k3_equal_degree,1800,24.0,gmm_full_neighbor_degree,decoded,20,0.023499999999999983,0.004697129755523145,0.931756798950101,0.183289441650777,0.0,0.0
k3_equal_degree,1800,24.0,gmm_full_neighbor_degree,initial,20,0.024111111111111118,0.004568445606183815,0.9300285780947718,0.18281966040012776,0.0,0.0
k3_equal_degree,1800,24.0,gmm_full_spec,decoded,20,0.023777777777777766,0.005119113999038566,0.9310008888756329,0.1238895329501247,0.0,0.0
k3_equal_degree,1800,24.0,gmm_full_spec,initial,20,0.026555555555555548,0.0065995648349263395,0.9233157010095328,0.12344170174983446,0.0,0.0
k3_equal_degree,1800,24.0,gmm_full_spec_degree,decoded,20,0.02372222222222222,0.004782807090477038,0.9311480744057657,0.1533115223995992,0.0,0.0
k3_equal_degree,1800,24.0,gmm_full_spec_degree,initial,20,0.02666666666666668,0.006120407601931029,0.9230006016291347,0.152871531049459,0.0,0.0
k3_equal_degree,1800,24.0,gmm_tied_spec,decoded,20,0.02486111111111111,0.005065763102975162,0.9279380260822908,0.08728648759934003,0.0,0.0
k3_equal_degree,1800,24.0,gmm_tied_spec,initial,20,0.039,0.011018031178306477,0.8890178476719326,0.0868554941509501,0.0,0.0
k3_equal_degree,1800,24.0,km_ASE,decoded,20,0.02452777777777778,0.004927264983834617,0.9288934596053247,0.00862697165030113,0.0,0.0
k3_equal_degree,1800,24.0,km_ASE,initial,20,0.031999999999999994,0.004659978498892074,0.9078849643668347,0.008235111100293579,0.0,0.0
k3_equal_degree,1800,24.0,km_RRE,decoded,20,0.024111111111111118,0.0046144390161100245,0.9300332802409796,0.008734294050009339,0.0,0.0
k3_equal_degree,1800,24.0,km_RRE,initial,20,0.029555555555555564,0.005115939748098382,0.914614727065748,0.008324642300794948,0.0,0.0
k3_equal_degree,1800,24.0,km_classic_U,decoded,20,0.024416666666666677,0.00495094519759386,0.9292018969417553,0.009177903700401658,0.0,0.0
k3_equal_degree,1800,24.0,km_classic_U,initial,20,0.03458333333333333,0.005138987670932993,0.9007132473485647,0.00874280309981259,0.0,0.0
k3_equal_degree,1800,24.0,km_neighbor_degree,decoded,20,0.024500000000000004,0.00505621421067675,0.9289721587373461,0.010103055652507464,0.0,0.0
k3_equal_degree,1800,24.0,km_neighbor_degree,initial,20,0.03474999999999999,0.004841459861781592,0.9002308672011925,0.009695006300535169,0.0,0.0
k3_equal_degree,1800,24.0,km_spec,decoded,20,0.024722222222222222,0.005262751771205638,0.9283537358770712,0.010051405000194791,0.0,0.0
k3_equal_degree,1800,24.0,km_spec,initial,20,0.03925,0.00992871767640997,0.8877511089402594,0.009642988100313232,0.0,0.0
k3_equal_degree,1800,24.0,km_spec_degree,decoded,20,0.2836666666666667,0.09482832201547331,0.47453795328090315,0.01012595459978911,0.0,0.0
k3_equal_degree,1800,24.0,km_spec_degree,initial,20,0.4265,0.019154564362898575,0.24074694189421725,0.009719275850147823,0.0,0.0
k3_equal_degree,1800,24.0,poisson_gaussian,decoded,20,0.02361111111111111,0.004790951510323292,0.931448367467351,0.22476441660001,0.0,0.0
k3_equal_degree,1800,24.0,poisson_gaussian,initial,20,0.02425,0.00425118949069198,0.9296262445261283,0.2243386935988383,0.0,0.0
k3_equal_degree,1800,24.0,raw_bernoulli_vem,initial,20,0.012999999999999994,0.0033255269213679993,0.9616781525861002,0.11727591309900162,0.0,0.0
k3_equal_degree,1800,24.0,spectral_bernoulli_surrogate,decoded,20,0.023555555555555552,0.004911166679582942,0.9316060218530344,0.07466196554923954,0.0,0.0
k3_equal_degree,1800,24.0,spectral_bernoulli_surrogate,initial,20,0.023111111111111103,0.004278328361317247,0.9328245272859327,0.07421913024954847,0.0,0.0
k3_equal_degree,1800,64.0,edge_only_oracle,reference,20,0.00016666666666665942,0.0003649703807398654,0.9995001391212497,0.0,0.0,0.0
k3_equal_degree,1800,64.0,gmm_full_neighbor_degree,decoded,20,0.0002222222222222181,0.0004559903787045116,0.9993337042453287,0.07898759795061779,0.0,0.0
k3_equal_degree,1800,64.0,gmm_full_neighbor_degree,initial,20,0.0002777777777777712,0.0005555555555555519,0.9991674087989102,0.0785500777510606,0.0,0.0
k3_equal_degree,1800,64.0,gmm_full_spec,decoded,20,0.0002222222222222181,0.0004559903787045116,0.9993337042453287,0.05321638574969256,0.0,0.0
k3_equal_degree,1800,64.0,gmm_full_spec,initial,20,0.0002777777777777712,0.0005555555555555519,0.9991674087989102,0.05278964625031222,0.0,0.0
k3_equal_degree,1800,64.0,gmm_full_spec_degree,decoded,20,0.0002222222222222181,0.0004559903787045116,0.9993337042453287,0.06608676355026546,0.0,0.0
k3_equal_degree,1800,64.0,gmm_full_spec_degree,initial,20,0.0002777777777777712,0.0005555555555555519,0.9991674087989102,0.06560196970058314,0.0,0.0
k3_equal_degree,1800,64.0,gmm_tied_spec,decoded,20,0.0002222222222222181,0.0004559903787045116,0.9993337042453287,0.03717603059922112,0.0,0.0
k3_equal_degree,1800,64.0,gmm_tied_spec,initial,20,0.0004722222222222072,0.00048616332217522683,0.9985837741159257,0.03675000209914288,0.0,0.0
k3_equal_degree,1800,64.0,km_ASE,decoded,20,0.0002499999999999947,0.00045865441526771834,0.9992503477252779,0.00783039630005078,0.0,0.0
k3_equal_degree,1800,64.0,km_ASE,initial,20,0.0006111111111110901,0.0005066163922938743,0.9981674087232543,0.007441123550233897,0.0,0.0
k3_equal_degree,1800,64.0,km_RRE,decoded,20,0.0002499999999999947,0.00045865441526771834,0.9992503477252779,0.007873406251019333,0.0,0.0
k3_equal_degree,1800,64.0,km_RRE,initial,20,0.0005555555555555369,0.00047688615293274404,0.9983338435218005,0.007484520700018038,0.0,0.0
k3_equal_degree,1800,64.0,km_classic_U,decoded,20,0.0002499999999999947,0.00045865441526771834,0.9992503477252779,0.008398361049694358,0.0,0.0
k3_equal_degree,1800,64.0,km_classic_U,initial,20,0.0007499999999999784,0.0005185011136037368,0.9977511127749097,0.007930114550254075,0.0,0.0
k3_equal_degree,1800,64.0,km_neighbor_degree,decoded,20,0.0002499999999999947,0.00045865441526771834,0.9992503477252779,0.009114483249868499,0.0,0.0
k3_equal_degree,1800,64.0,km_neighbor_degree,initial,20,0.0006944444444444198,0.00043688750869835466,0.9979173391631013,0.00871266819885932,0.0,0.0
k3_equal_degree,1800,64.0,km_spec,decoded,20,0.0002499999999999947,0.00045865441526771834,0.9992503477252779,0.008402364999346901,0.0,0.0
k3_equal_degree,1800,64.0,km_spec,initial,20,0.0008055555555555261,0.00045865441526771124,0.9975843998121825,0.008010089249364683,0.0,0.0
k3_equal_degree,1800,64.0,km_spec_degree,decoded,20,0.15652777777777777,0.11885170143112563,0.7023307932042683,0.010353503350052052,0.0,0.0
k3_equal_degree,1800,64.0,km_spec_degree,initial,20,0.3788055555555555,0.0230442091434862,0.306040021227613,0.009956764349408332,0.0,0.0
k3_equal_degree,1800,64.0,poisson_gaussian,decoded,20,0.0002222222222222181,0.0004559903787045116,0.9993337042453287,0.13008025069793802,0.0,0.0
k3_equal_degree,1800,64.0,poisson_gaussian,initial,20,0.0002499999999999947,0.0005548240798524716,0.9992507653189613,0.12963794484858226,0.0,0.0
k3_equal_degree,1800,64.0,raw_bernoulli_vem,initial,20,0.00013888888888888284,0.0003056220023445316,0.999583356365773,0.07445183130002989,0.0,0.0
k3_equal_degree,1800,64.0,spectral_bernoulli_surrogate,decoded,20,0.0002222222222222181,0.0004559903787045116,0.9993337042453287,0.03765760335045343,0.0,0.0
k3_equal_degree,1800,64.0,spectral_bernoulli_surrogate,initial,20,0.0002222222222222181,0.0004559903787045116,0.9993337042453287,0.03720528039993951,0.0,0.0
k3_equal_degree,1800,96.0,edge_only_oracle,reference,20,0.0,0.0,1.0,0.0,0.0,0.0
k3_equal_degree,1800,96.0,gmm_full_neighbor_degree,decoded,20,0.0,0.0,1.0,0.07109600585135922,0.0,0.0
k3_equal_degree,1800,96.0,gmm_full_neighbor_degree,initial,20,0.0,0.0,1.0,0.07067032060003839,0.0,0.0
k3_equal_degree,1800,96.0,gmm_full_spec,decoded,20,0.0,0.0,1.0,0.042029200949764346,0.0,0.0
k3_equal_degree,1800,96.0,gmm_full_spec,initial,20,0.0,0.0,1.0,0.04158445429966377,0.0,0.0
k3_equal_degree,1800,96.0,gmm_full_spec_degree,decoded,20,0.0,0.0,1.0,0.06603186815009394,0.0,0.0
k3_equal_degree,1800,96.0,gmm_full_spec_degree,initial,20,0.0,0.0,1.0,0.06558407555057784,0.0,0.0
k3_equal_degree,1800,96.0,gmm_tied_spec,decoded,20,0.0,0.0,1.0,0.030570509000244783,0.0,0.0
k3_equal_degree,1800,96.0,gmm_tied_spec,initial,20,0.0,0.0,1.0,0.030158710999239703,0.0,0.0
k3_equal_degree,1800,96.0,km_ASE,decoded,20,0.0,0.0,1.0,0.008284165451186709,0.0,0.0
k3_equal_degree,1800,96.0,km_ASE,initial,20,0.0,0.0,1.0,0.007877017000646446,0.0,0.0
k3_equal_degree,1800,96.0,km_RRE,decoded,20,0.0,0.0,1.0,0.007967957850269158,0.0,0.0
k3_equal_degree,1800,96.0,km_RRE,initial,20,0.0,0.0,1.0,0.007553361100144684,0.0,0.0
k3_equal_degree,1800,96.0,km_classic_U,decoded,20,0.0,0.0,1.0,0.00841552214915282,0.0,0.0
k3_equal_degree,1800,96.0,km_classic_U,initial,20,0.0,0.0,1.0,0.007977671049593483,0.0,0.0
k3_equal_degree,1800,96.0,km_neighbor_degree,decoded,20,0.0,0.0,1.0,0.008934333898650948,0.0,0.0
k3_equal_degree,1800,96.0,km_neighbor_degree,initial,20,0.0,0.0,1.0,0.00853100174899737,0.0,0.0
k3_equal_degree,1800,96.0,km_spec,decoded,20,0.0,0.0,1.0,0.008515803498812601,0.0,0.0
k3_equal_degree,1800,96.0,km_spec,initial,20,2.777777777777657e-05,0.00012422599874998291,0.9999166434799491,0.008117159348694258,0.0,0.0
k3_equal_degree,1800,96.0,km_spec_degree,decoded,20,0.1609722222222222,0.141853262619016,0.7425249434911414,0.010525486500046099,0.0,0.0
k3_equal_degree,1800,96.0,km_spec_degree,initial,20,0.33852777777777776,0.11936537230396073,0.38681153642600496,0.010094419850065605,0.0,0.0
k3_equal_degree,1800,96.0,poisson_gaussian,decoded,20,0.0,0.0,1.0,0.11556533770090027,0.0,0.0
k3_equal_degree,1800,96.0,poisson_gaussian,initial,20,0.0,0.0,1.0,0.11512665930022195,0.0,0.0
k3_equal_degree,1800,96.0,raw_bernoulli_vem,initial,20,0.0,0.0,1.0,0.08512256709982466,0.0,0.0
k3_equal_degree,1800,96.0,spectral_bernoulli_surrogate,decoded,20,0.0,0.0,1.0,0.03603539790019568,0.0,0.0
k3_equal_degree,1800,96.0,spectral_bernoulli_surrogate,initial,20,0.0,0.0,1.0,0.035608173200671445,0.0,0.0
k3_heterogeneous,1800,4.0,edge_only_oracle,reference,20,0.2391111111111111,0.01334599788397886,0.4489045096993265,0.0,0.0595,0.03211111111111111
k3_heterogeneous,1800,4.0,gmm_full_neighbor_degree,decoded,20,0.5886111111111111,0.03272421036663157,0.03327315241515491,0.4907000193506974,0.0595,0.03211111111111111
k3_heterogeneous,1800,4.0,gmm_full_neighbor_degree,initial,20,0.4580277777777778,0.025323427708412293,0.15234657830081497,0.4902314169004967,0.0595,0.03211111111111111
k3_heterogeneous,1800,4.0,gmm_full_spec,decoded,20,0.5755,0.028311767965426234,0.04521129561005988,0.2604664973499894,0.0595,0.03211111111111111
k3_heterogeneous,1800,4.0,gmm_full_spec,initial,20,0.4184166666666667,0.0160745451148632,0.17103781666457926,0.2600134698997863,0.0595,0.03211111111111111
k3_heterogeneous,1800,4.0,gmm_full_spec_degree,decoded,20,0.5746944444444444,0.029023234066167032,0.04639651105824835,0.24518610940031066,0.0595,0.03211111111111111
k3_heterogeneous,1800,4.0,gmm_full_spec_degree,initial,20,0.4178055555555556,0.017502877327737792,0.17337848602409195,0.24473451790036052,0.0595,0.03211111111111111
k3_heterogeneous,1800,4.0,gmm_tied_spec,decoded,20,0.5946111111111111,0.0278117336319643,0.029935628969816025,0.16246469789875845,0.0595,0.03211111111111111
k3_heterogeneous,1800,4.0,gmm_tied_spec,initial,20,0.5932777777777778,0.018389423323977083,0.038928262732364625,0.1620121175481472,0.0595,0.03211111111111111
k3_heterogeneous,1800,4.0,km_ASE,decoded,20,0.5736388888888888,0.03451580751135837,0.04885622225067305,0.010615407949080691,0.0595,0.03211111111111111
k3_heterogeneous,1800,4.0,km_ASE,initial,20,0.5576388888888888,0.019933185178115122,0.08534408001089204,0.010214113250185619,0.0595,0.03211111111111111
k3_heterogeneous,1800,4.0,km_RRE,decoded,20,0.5803055555555556,0.03700379965738411,0.03992819555591575,0.01085891279981297,0.0595,0.03211111111111111
k3_heterogeneous,1800,4.0,km_RRE,initial,20,0.549611111111111,0.01882954213251285,0.1002845297201648,0.010452500400060672,0.0595,0.03211111111111111
k3_heterogeneous,1800,4.0,km_classic_U,decoded,20,0.5699166666666666,0.03233961023054466,0.05413593159018961,0.011051307350862771,0.0595,0.03211111111111111
k3_heterogeneous,1800,4.0,km_classic_U,initial,20,0.5738888888888889,0.018807012088678604,0.06413869692460447,0.010609669399855193,0.0595,0.03211111111111111
k3_heterogeneous,1800,4.0,km_neighbor_degree,decoded,20,0.5846944444444444,0.04505915359765398,0.031776072850986374,0.011219921250449261,0.0595,0.03211111111111111
k3_heterogeneous,1800,4.0,km_neighbor_degree,initial,20,0.4926666666666667,0.017019272032987004,0.19276319375628015,0.010811744300372083,0.0595,0.03211111111111111
k3_heterogeneous,1800,4.0,km_spec,decoded,20,0.5778333333333333,0.04039236573755668,0.04237262649207085,0.010498205000840245,0.0595,0.03211111111111111
k3_heterogeneous,1800,4.0,km_spec,initial,20,0.5415833333333333,0.01676895996159669,0.11209809359694797,0.010097958299593302,0.0595,0.03211111111111111
k3_heterogeneous,1800,4.0,km_spec_degree,decoded,20,0.5812777777777778,0.03683952696816917,0.03597385539307333,0.011690096950042061,0.0595,0.03211111111111111
k3_heterogeneous,1800,4.0,km_spec_degree,initial,20,0.5286388888888889,0.015342605680191038,0.12146603619922522,0.011267809250057326,0.0595,0.03211111111111111
k3_heterogeneous,1800,4.0,poisson_gaussian,decoded,20,0.5749444444444445,0.03408075301098808,0.04073383509172682,0.39731487869903503,0.0595,0.03211111111111111
k3_heterogeneous,1800,4.0,poisson_gaussian,initial,20,0.42030555555555554,0.02188818756854339,0.1726551432259097,0.3968833570987044,0.0595,0.03211111111111111
k3_heterogeneous,1800,4.0,raw_bernoulli_vem,initial,20,0.4229166666666667,0.03740132132568423,0.24136300070460476,0.2300740198497806,0.0595,0.03211111111111111
k3_heterogeneous,1800,4.0,spectral_bernoulli_surrogate,decoded,20,0.5456388888888889,0.04635592553664172,0.0648111398802035,0.18541567074826162,0.0595,0.03211111111111111
k3_heterogeneous,1800,4.0,spectral_bernoulli_surrogate,initial,20,0.5256666666666667,0.03926493209961688,0.09425430109079783,0.18506400359947292,0.0595,0.03211111111111111
k3_heterogeneous,1800,6.0,edge_only_oracle,reference,20,0.18558333333333332,0.00793998566243593,0.5544862728747166,0.0,0.04044444444444444,0.008027777777777778
k3_heterogeneous,1800,6.0,gmm_full_neighbor_degree,decoded,20,0.5925,0.03709763561065901,0.038746081586493904,0.4444953121004801,0.04044444444444444,0.008027777777777778
k3_heterogeneous,1800,6.0,gmm_full_neighbor_degree,initial,20,0.3763611111111111,0.0360277828502118,0.2635242576550417,0.4440174812501937,0.04044444444444444,0.008027777777777778
k3_heterogeneous,1800,6.0,gmm_full_spec,decoded,20,0.6085833333333334,0.04005741290678825,0.02024880273667146,0.3227923442987958,0.04044444444444444,0.008027777777777778
k3_heterogeneous,1800,6.0,gmm_full_spec,initial,20,0.3551388888888889,0.023765063961774077,0.2606948650936123,0.32229484380040957,0.04044444444444444,0.008027777777777778
k3_heterogeneous,1800,6.0,gmm_full_spec_degree,decoded,20,0.6158333333333333,0.029751788868414227,0.016468282189632925,0.31590444990069955,0.04044444444444444,0.008027777777777778
k3_heterogeneous,1800,6.0,gmm_full_spec_degree,initial,20,0.34208333333333335,0.017030984071789306,0.27831932372768564,0.3154033791495749,0.04044444444444444,0.008027777777777778
k3_heterogeneous,1800,6.0,gmm_tied_spec,decoded,20,0.5529722222222222,0.027593114259103105,0.0878100952928622,0.16154277409914358,0.04044444444444444,0.008027777777777778
k3_heterogeneous,1800,6.0,gmm_tied_spec,initial,20,0.5859444444444445,0.015315715787956726,0.06255008629616823,0.16109669325051074,0.04044444444444444,0.008027777777777778
k3_heterogeneous,1800,6.0,km_ASE,decoded,20,0.5434444444444444,0.037195198359823815,0.12203277979510423,0.010852638900541934,0.04044444444444444,0.008027777777777778
k3_heterogeneous,1800,6.0,km_ASE,initial,20,0.5570833333333334,0.014870979671402417,0.12279261446469895,0.010446101800334872,0.04044444444444444,0.008027777777777778
k3_heterogeneous,1800,6.0,km_RRE,decoded,20,0.5293888888888889,0.03532081686433108,0.1360594375244379,0.010800396499325871,0.04044444444444444,0.008027777777777778
k3_heterogeneous,1800,6.0,km_RRE,initial,20,0.5441666666666667,0.015356389987568463,0.15111820257266917,0.010386629050117335,0.04044444444444444,0.008027777777777778
k3_heterogeneous,1800,6.0,km_classic_U,decoded,20,0.5446666666666666,0.022838245227998974,0.11284070653707101,0.012161401548291905,0.04044444444444444,0.008027777777777778
k3_heterogeneous,1800,6.0,km_classic_U,initial,20,0.5678333333333334,0.015890197467890423,0.09711588894652262,0.01169877359898237,0.04044444444444444,0.008027777777777778
k3_heterogeneous,1800,6.0,km_neighbor_degree,decoded,20,0.529,0.0688472803979477,0.08672164553890323,0.011637442649589502,0.04044444444444444,0.008027777777777778
k3_heterogeneous,1800,6.0,km_neighbor_degree,initial,20,0.4372222222222222,0.06054334873479819,0.278096170131818,0.01122450495022349,0.04044444444444444,0.008027777777777778
k3_heterogeneous,1800,6.0,km_spec,decoded,20,0.5328333333333333,0.04620908354651957,0.13195301695401127,0.010654282051837072,0.04044444444444444,0.008027777777777778
k3_heterogeneous,1800,6.0,km_spec,initial,20,0.5393333333333333,0.01868708852263755,0.16247022590570082,0.010256425100305933,0.04044444444444444,0.008027777777777778
k3_heterogeneous,1800,6.0,km_spec_degree,decoded,20,0.5062222222222222,0.05987169517427192,0.11358580547268464,0.011494711101113353,0.04044444444444444,0.008027777777777778
k3_heterogeneous,1800,6.0,km_spec_degree,initial,20,0.47805555555555557,0.048857811760050274,0.18860072416084392,0.011090959650027798,0.04044444444444444,0.008027777777777778
k3_heterogeneous,1800,6.0,poisson_gaussian,decoded,20,0.5971111111111111,0.034846083175452645,0.02741261013295433,0.3304463131498778,0.04044444444444444,0.008027777777777778
k3_heterogeneous,1800,6.0,poisson_gaussian,initial,20,0.3458333333333333,0.02859187168944442,0.2868268187319138,0.3299862616993778,0.04044444444444444,0.008027777777777778
k3_heterogeneous,1800,6.0,raw_bernoulli_vem,initial,20,0.31530555555555556,0.040306039691435036,0.4263698541067843,0.20716845265014855,0.04044444444444444,0.008027777777777778
k3_heterogeneous,1800,6.0,spectral_bernoulli_surrogate,decoded,20,0.5036388888888889,0.06440497758016855,0.10831915785773676,0.18780588150075345,0.04044444444444444,0.008027777777777778
k3_heterogeneous,1800,6.0,spectral_bernoulli_surrogate,initial,20,0.4721388888888889,0.04037441522558956,0.1558406957596672,0.1874361277998105,0.04044444444444444,0.008027777777777778
k3_heterogeneous,1800,12.0,edge_only_oracle,reference,20,0.10194444444444443,0.008588680463189061,0.7351113807785679,0.0,0.014916666666666667,8.333333333333333e-05
k3_heterogeneous,1800,12.0,gmm_full_neighbor_degree,decoded,20,0.5633333333333334,0.05510312854846323,0.08427065815622363,0.3892073083497962,0.014916666666666667,8.333333333333333e-05
k3_heterogeneous,1800,12.0,gmm_full_neighbor_degree,initial,20,0.28680555555555554,0.03536125409396725,0.47716262418788435,0.3885215768495982,0.014916666666666667,8.333333333333333e-05
k3_heterogeneous,1800,12.0,gmm_full_spec,decoded,20,0.5811388888888889,0.07937591101941725,0.08461339870084891,0.17831612865193164,0.014916666666666667,8.333333333333333e-05
k3_heterogeneous,1800,12.0,gmm_full_spec,initial,20,0.23705555555555557,0.08440809851854601,0.5218844995056633,0.17784957235053298,0.014916666666666667,8.333333333333333e-05
k3_heterogeneous,1800,12.0,gmm_full_spec_degree,decoded,20,0.6010555555555556,0.06320596097105245,0.03661769529563362,0.21229597545061552,0.014916666666666667,8.333333333333333e-05
k3_heterogeneous,1800,12.0,gmm_full_spec_degree,initial,20,0.20008333333333334,0.0466883390917636,0.5577662608689024,0.211837425700287,0.014916666666666667,8.333333333333333e-05
k3_heterogeneous,1800,12.0,gmm_tied_spec,decoded,20,0.48638888888888887,0.022243045799075115,0.3854019885503408,0.13684453810019476,0.014916666666666667,8.333333333333333e-05
k3_heterogeneous,1800,12.0,gmm_tied_spec,initial,20,0.49108333333333337,0.04001562194943369,0.31802701695687935,0.13638806475028104,0.014916666666666667,8.333333333333333e-05
k3_heterogeneous,1800,12.0,km_ASE,decoded,20,0.4951388888888889,0.008038396728347833,0.38705820274765024,0.009664030498242937,0.014916666666666667,8.333333333333333e-05
k3_heterogeneous,1800,12.0,km_ASE,initial,20,0.5050277777777777,0.007569206364623256,0.3396599827432391,0.00926204019888246,0.014916666666666667,8.333333333333333e-05
k3_heterogeneous,1800,12.0,km_RRE,decoded,20,0.4959444444444444,0.0075748377963706605,0.3864378786345553,0.009676143348042388,0.014916666666666667,8.333333333333333e-05
k3_heterogeneous,1800,12.0,km_RRE,initial,20,0.5033611111111111,0.007521843866546048,0.3500787634606005,0.009279244698700496,0.014916666666666667,8.333333333333333e-05
k3_heterogeneous,1800,12.0,km_classic_U,decoded,20,0.4960833333333333,0.008508824681816319,0.38726869801799385,0.01090084519928496,0.014916666666666667,8.333333333333333e-05
k3_heterogeneous,1800,12.0,km_classic_U,initial,20,0.51,0.007737993487324489,0.3226513837316718,0.010432607249458669,0.014916666666666667,8.333333333333333e-05
k3_heterogeneous,1800,12.0,km_neighbor_degree,decoded,20,0.5601388888888889,0.07389754489156355,0.03992240597514484,0.010136956351198023,0.014916666666666667,8.333333333333333e-05
k3_heterogeneous,1800,12.0,km_neighbor_degree,initial,20,0.1992777777777778,0.009798323708592977,0.5437377341528558,0.009732532551061013,0.014916666666666667,8.333333333333333e-05
k3_heterogeneous,1800,12.0,km_spec,decoded,20,0.4958611111111111,0.007571352165844174,0.386924863772591,0.009440444999927421,0.014916666666666667,8.333333333333333e-05
k3_heterogeneous,1800,12.0,km_spec,initial,20,0.5040277777777777,0.007442382100647204,0.3488511135385052,0.009046884550480172,0.014916666666666667,8.333333333333333e-05
k3_heterogeneous,1800,12.0,km_spec_degree,decoded,20,0.49675,0.008612808736642372,0.38543899467802856,0.010438266650453443,0.014916666666666667,8.333333333333333e-05
k3_heterogeneous,1800,12.0,km_spec_degree,initial,20,0.5068888888888889,0.008891447000324742,0.32908802275770993,0.010024189849718822,0.014916666666666667,8.333333333333333e-05
k3_heterogeneous,1800,12.0,poisson_gaussian,decoded,20,0.6057777777777777,0.037162341639452104,0.01745356806994395,0.3333116912002879,0.014916666666666667,8.333333333333333e-05
k3_heterogeneous,1800,12.0,poisson_gaussian,initial,20,0.1875,0.012262692169065826,0.5716363341713231,0.3328381753497524,0.014916666666666667,8.333333333333333e-05
k3_heterogeneous,1800,12.0,raw_bernoulli_vem,initial,20,0.16669444444444442,0.020654869141034718,0.6189452067862862,0.21273238829962793,0.014916666666666667,8.333333333333333e-05
k3_heterogeneous,1800,12.0,spectral_bernoulli_surrogate,decoded,20,0.5583333333333333,0.06287047443916205,0.08852665299640596,0.345952256849705,0.014916666666666667,8.333333333333333e-05
k3_heterogeneous,1800,12.0,spectral_bernoulli_surrogate,initial,20,0.38669444444444445,0.13876046401720127,0.36766559146471905,0.3454680639995786,0.014916666666666667,8.333333333333333e-05
k3_heterogeneous,1800,24.0,edge_only_oracle,reference,20,0.03805555555555556,0.0047295265146345905,0.8922122776962664,0.0,0.0027777777777777775,0.0
k3_heterogeneous,1800,24.0,gmm_full_neighbor_degree,decoded,20,0.5369166666666667,0.09178213089516345,0.09585752937678418,0.3749672518995794,0.0027777777777777775,0.0
k3_heterogeneous,1800,24.0,gmm_full_neighbor_degree,initial,20,0.14963888888888888,0.03937139063152214,0.6590103222109479,0.37452241355022126,0.0027777777777777775,0.0
k3_heterogeneous,1800,24.0,gmm_full_spec,decoded,20,0.5362777777777777,0.13326607709182334,0.12439980338402501,0.21890568185117446,0.0027777777777777775,0.0
k3_heterogeneous,1800,24.0,gmm_full_spec,initial,20,0.13822222222222222,0.08697232051298048,0.7003725892502918,0.21847784980091092,0.0027777777777777775,0.0
k3_heterogeneous,1800,24.0,gmm_full_spec_degree,decoded,20,0.5763611111111111,0.08542472623983875,0.06586579225904832,0.1890441784500581,0.0027777777777777775,0.0
k3_heterogeneous,1800,24.0,gmm_full_spec_degree,initial,20,0.12191666666666667,0.0626518882142918,0.7160554435227818,0.18859680884961563,0.0027777777777777775,0.0
k3_heterogeneous,1800,24.0,gmm_tied_spec,decoded,20,0.4771944444444444,0.01711148609750881,0.44621899529706105,0.11257547210079792,0.0027777777777777775,0.0
k3_heterogeneous,1800,24.0,gmm_tied_spec,initial,20,0.45022222222222225,0.02724244385583765,0.4504928189389214,0.11213782919985534,0.0027777777777777775,0.0
k3_heterogeneous,1800,24.0,km_ASE,decoded,20,0.4924166666666666,0.005935200770583457,0.44253962156939747,0.009397072350111557,0.0027777777777777775,0.0
k3_heterogeneous,1800,24.0,km_ASE,initial,20,0.49283333333333335,0.005999512650772866,0.43349488760544147,0.009006367699112162,0.0027777777777777775,0.0
k3_heterogeneous,1800,24.0,km_RRE,decoded,20,0.4927777777777778,0.00577068840818437,0.44250547355071995,0.009153922701443662,0.0027777777777777775,0.0
k3_heterogeneous,1800,24.0,km_RRE,initial,20,0.49286111111111114,0.005962507398480379,0.4347937902863282,0.008745231601642445,0.0027777777777777775,0.0
k3_heterogeneous,1800,24.0,km_classic_U,decoded,20,0.4921388888888889,0.006139685984608973,0.4425711860857845,0.009842620150084257,0.0027777777777777775,0.0
k3_heterogeneous,1800,24.0,km_classic_U,initial,20,0.49480555555555555,0.005838621941249442,0.42283918468596876,0.009394865050489897,0.0027777777777777775,0.0
k3_heterogeneous,1800,24.0,km_neighbor_degree,decoded,20,0.5008888888888888,0.09384335724229777,0.10803625343154569,0.009471259499696317,0.0027777777777777775,0.0
k3_heterogeneous,1800,24.0,km_neighbor_degree,initial,20,0.1005,0.008645986723315811,0.7417275929063534,0.009070652299851645,0.0027777777777777775,0.0
k3_heterogeneous,1800,24.0,km_spec,decoded,20,0.4925555555555555,0.005841751097097686,0.44252422508986894,0.009344104451156455,0.0027777777777777775,0.0
k3_heterogeneous,1800,24.0,km_spec,initial,20,0.4931111111111111,0.005808286522950083,0.43348438553553237,0.008956038701217039,0.0027777777777777775,0.0
k3_heterogeneous,1800,24.0,km_spec_degree,decoded,20,0.49338888888888893,0.007001577841294511,0.4256014004488483,0.009424860201761476,0.0027777777777777775,0.0
k3_heterogeneous,1800,24.0,km_spec_degree,initial,20,0.4763055555555556,0.08408612709972008,0.43638578484100377,0.009025552951425198,0.0027777777777777775,0.0
k3_heterogeneous,1800,24.0,poisson_gaussian,decoded,20,0.5694722222222223,0.08982429513278334,0.0524989919400201,0.15373577474965713,0.0027777777777777775,0.0
k3_heterogeneous,1800,24.0,poisson_gaussian,initial,20,0.07519444444444445,0.006311893020502968,0.7995129182374335,0.153305278499829,0.0027777777777777775,0.0
k3_heterogeneous,1800,24.0,raw_bernoulli_vem,initial,20,0.04902777777777779,0.006064080056082342,0.8636100693848927,0.177927514899784,0.0027777777777777775,0.0
k3_heterogeneous,1800,24.0,spectral_bernoulli_surrogate,decoded,20,0.5564722222222223,0.08253994149997933,0.061169958645519384,0.2025879527500365,0.0027777777777777775,0.0
k3_heterogeneous,1800,24.0,spectral_bernoulli_surrogate,initial,20,0.1250277777777778,0.009587792419675178,0.6950755941655594,0.20215779720019783,0.0027777777777777775,0.0
k3_heterogeneous,1800,64.0,edge_only_oracle,reference,20,0.003166666666666673,0.0014543073081672783,0.9905436732901517,0.0,0.0,0.0
k3_heterogeneous,1800,64.0,gmm_full_neighbor_degree,decoded,20,0.5761111111111111,0.13299738378467166,0.06177719518688522,0.11346447614996577,0.0,0.0
k3_heterogeneous,1800,64.0,gmm_full_neighbor_degree,initial,20,0.007361111111111107,0.0029056810657985626,0.978172939471928,0.1130064497498097,0.0,0.0
k3_heterogeneous,1800,64.0,gmm_full_spec,decoded,20,0.5490277777777778,0.13461299605518243,0.11049199103967451,0.16702066709949576,0.0,0.0
k3_heterogeneous,1800,64.0,gmm_full_spec,initial,20,0.05958333333333332,0.11092585067052024,0.8893748213442635,0.16657127204925928,0.0,0.0
k3_heterogeneous,1800,64.0,gmm_full_spec_degree,decoded,20,0.55975,0.129309717679762,0.07022107332789411,0.15322567535004056,0.0,0.0
k3_heterogeneous,1800,64.0,gmm_full_spec_degree,initial,20,0.03177777777777779,0.004674596437325041,0.9092199641273068,0.1527762508001615,0.0,0.0
k3_heterogeneous,1800,64.0,gmm_tied_spec,decoded,20,0.5391388888888888,0.13230346354210523,0.20923238695348675,0.09295154750143411,0.0,0.0
k3_heterogeneous,1800,64.0,gmm_tied_spec,initial,20,0.19202777777777774,0.21750148625633964,0.7389061560321066,0.09251218900026288,0.0,0.0
k3_heterogeneous,1800,64.0,km_ASE,decoded,20,0.4915277777777778,0.005624932314949069,0.4445156222504295,0.009244371449676691,0.0,0.0
k3_heterogeneous,1800,64.0,km_ASE,initial,20,0.4914722222222222,0.00592150023577092,0.44453552264122775,0.008852998050133464,0.0,0.0
k3_heterogeneous,1800,64.0,km_RRE,decoded,20,0.49191666666666667,0.0046497710019279765,0.44443992381307157,0.008670211449862108,0.0,0.0
k3_heterogeneous,1800,64.0,km_RRE,initial,20,0.4916666666666667,0.005765055719279185,0.4445117353836336,0.008277984099913737,0.0,0.0
k3_heterogeneous,1800,64.0,km_classic_U,decoded,20,0.4919722222222222,0.005253406333291197,0.4444626144526952,0.009875877549711731,0.0,0.0
k3_heterogeneous,1800,64.0,km_classic_U,initial,20,0.4923333333333333,0.0054718845444541595,0.443800282064719,0.009436352250122581,0.0,0.0
k3_heterogeneous,1800,64.0,km_neighbor_degree,decoded,20,0.5847777777777778,0.13210698206700205,0.056243021292979235,0.009070855949903488,0.0,0.0
k3_heterogeneous,1800,64.0,km_neighbor_degree,initial,20,0.014222222222222225,0.0034265712473725693,0.9582508623967142,0.008662656850356143,0.0,0.0
k3_heterogeneous,1800,64.0,km_spec,decoded,20,0.4916666666666667,0.00547900476157741,0.4444972448911252,0.009450185999958194,0.0,0.0
k3_heterogeneous,1800,64.0,km_spec,initial,20,0.4918333333333333,0.0058575797959248424,0.44450352441656016,0.009048824199999217,0.0,0.0
k3_heterogeneous,1800,64.0,km_spec_degree,decoded,20,0.49191666666666667,0.005099640701328974,0.44445968918646794,0.009257171199351433,0.0,0.0
k3_heterogeneous,1800,64.0,km_spec_degree,initial,20,0.4921388888888889,0.005905017634889498,0.44404801117335274,0.008850484399226843,0.0,0.0
k3_heterogeneous,1800,64.0,poisson_gaussian,decoded,20,0.5816388888888888,0.133428143070429,0.05869033917764298,0.07391554030109546,0.0,0.0
k3_heterogeneous,1800,64.0,poisson_gaussian,initial,20,0.006777777777777788,0.0024423169902168186,0.9798766449968765,0.07347987100001774,0.0,0.0
k3_heterogeneous,1800,64.0,raw_bernoulli_vem,initial,20,0.003416666666666679,0.0015429207006515393,0.9898013924737228,0.1115391418497893,0.0,0.0
k3_heterogeneous,1800,64.0,spectral_bernoulli_surrogate,decoded,20,0.5600277777777778,0.13432555699924678,0.07318720158497129,0.07146620709936542,0.0,0.0
k3_heterogeneous,1800,64.0,spectral_bernoulli_surrogate,initial,20,0.04538888888888888,0.005520650581770595,0.8731121395654713,0.0710186773987516,0.0,0.0
k3_heterogeneous,1800,96.0,edge_only_oracle,reference,20,0.0002499999999999891,0.0003812959673073499,0.999250069561097,0.0,0.0,0.0
k3_heterogeneous,1800,96.0,gmm_full_neighbor_degree,decoded,20,0.0012777777777777666,0.0010525503542411433,0.9961745074241369,0.06734645029973763,0.0,0.0
k3_heterogeneous,1800,96.0,gmm_full_neighbor_degree,initial,20,0.0005277777777777714,0.0007316079294561748,0.9984184525907747,0.06692864629985706,0.0,0.0
k3_heterogeneous,1800,96.0,gmm_full_spec,decoded,20,0.0011944444444444314,0.0009752459245674,0.9964231837745959,0.041846038001676786,0.0,0.0
k3_heterogeneous,1800,96.0,gmm_full_spec,initial,20,0.0009444444444444311,0.0008473480397421395,0.9971706102762724,0.04141542415090953,0.0,0.0
k3_heterogeneous,1800,96.0,gmm_full_spec_degree,decoded,20,0.00124999999999999,0.0010334716627527004,0.9962574454243412,0.04185757385021134,0.0,0.0
k3_heterogeneous,1800,96.0,gmm_full_spec_degree,initial,20,0.0011944444444444314,0.0007705385743795745,0.9964216553038,0.04144651345050079,0.0,0.0
k3_heterogeneous,1800,96.0,gmm_tied_spec,decoded,20,0.0013888888888888783,0.0009789864937300309,0.995841502105322,0.03445696715025406,0.0,0.0
k3_heterogeneous,1800,96.0,gmm_tied_spec,initial,20,0.0026111111111111083,0.0012758057500618445,0.9921957387046039,0.03400270484962675,0.0,0.0
k3_heterogeneous,1800,96.0,km_ASE,decoded,20,0.001444444444444437,0.001072425972217649,0.9956761814266166,0.00813111354909779,0.0,0.0
k3_heterogeneous,1800,96.0,km_ASE,initial,20,0.006194444444444452,0.001926820717314702,0.9815855260055539,0.00771583419846138,0.0,0.0
k3_heterogeneous,1800,96.0,km_RRE,decoded,20,0.0014166666666666605,0.0009785715810206853,0.9957584243676741,0.008246250949378009,0.0,0.0
k3_heterogeneous,1800,96.0,km_RRE,initial,20,0.002444444444444449,0.0011456616476020571,0.9926911216402194,0.007849743450060486,0.0,0.0
k3_heterogeneous,1800,96.0,km_classic_U,decoded,20,0.0014722222222222192,0.001129597673149133,0.9955936609398848,0.008624466899345862,0.0,0.0
k3_heterogeneous,1800,96.0,km_classic_U,initial,20,0.010388888888888882,0.003038094714319718,0.9693231315574197,0.008199112349029748,0.0,0.0
k3_heterogeneous,1800,96.0,km_neighbor_degree,decoded,20,0.0011666666666666548,0.0009173088305354478,0.9965058453097464,0.008705714501047623,0.0,0.0
k3_heterogeneous,1800,96.0,km_neighbor_degree,initial,20,0.0021666666666666666,0.0012474795902679867,0.9935206222074916,0.008298880900838412,0.0,0.0
k3_heterogeneous,1800,96.0,km_spec,decoded,20,0.0014722222222222192,0.001129597673149133,0.9955936609398848,0.008429786401393358,0.0,0.0
k3_heterogeneous,1800,96.0,km_spec,initial,20,0.008138888888888895,0.0028286281307401046,0.9758901082250089,0.00802085765026277,0.0,0.0
k3_heterogeneous,1800,96.0,km_spec_degree,decoded,20,0.0014444444444444316,0.0010571702024305797,0.9956760419197412,0.008362164298887365,0.0,0.0
k3_heterogeneous,1800,96.0,km_spec_degree,initial,20,0.0037222222222222157,0.0018123466527857107,0.9888953564997482,0.007951339648570865,0.0,0.0
k3_heterogeneous,1800,96.0,poisson_gaussian,decoded,20,0.0012777777777777666,0.0010525503542411433,0.9961745074241369,0.05384198520114296,0.0,0.0
k3_heterogeneous,1800,96.0,poisson_gaussian,initial,20,0.0005277777777777714,0.0006857644672068074,0.9984181736543969,0.05342519605037523,0.0,0.0
k3_heterogeneous,1800,96.0,raw_bernoulli_vem,initial,20,0.0002499999999999891,0.0003812959673073499,0.999250069561097,0.07986829000037687,0.0,0.0
k3_heterogeneous,1800,96.0,spectral_bernoulli_surrogate,decoded,20,0.00124999999999999,0.0009685603552662106,0.996256890332425,0.0313462348010944,0.0,0.0
k3_heterogeneous,1800,96.0,spectral_bernoulli_surrogate,initial,20,0.0009444444444444311,0.0008473480397421395,0.9971706105837036,0.03093559660119354,0.0,0.0
k4_equal_degree,1800,4.0,edge_only_oracle,reference,20,0.2600555555555556,0.012611941905292858,0.43945130854801606,0.0,0.035333333333333335,0.018277777777777778
k4_equal_degree,1800,4.0,gmm_full_neighbor_degree,decoded,20,0.7201388888888889,0.016248031819629617,0.0038581169482326907,0.5390641235000657,0.035333333333333335,0.018277777777777778
k4_equal_degree,1800,4.0,gmm_full_neighbor_degree,initial,20,0.72175,0.00853322634862271,0.002583385760832762,0.5386080477499491,0.035333333333333335,0.018277777777777778
k4_equal_degree,1800,4.0,gmm_full_spec,decoded,20,0.723111111111111,0.016780701499639734,0.002473412793878171,0.5140759664511279,0.035333333333333335,0.018277777777777778
k4_equal_degree,1800,4.0,gmm_full_spec,initial,20,0.7262777777777778,0.005660126945311124,0.0009641198386288677,0.5136227871997108,0.035333333333333335,0.018277777777777778
k4_equal_degree,1800,4.0,gmm_full_spec_degree,decoded,20,0.7218333333333333,0.015197529808515004,0.0028208642142524805,0.5299909804496565,0.035333333333333335,0.018277777777777778
k4_equal_degree,1800,4.0,gmm_full_spec_degree,initial,20,0.7256666666666667,0.006116690701122914,0.0011578231429454594,0.5295205426995381,0.035333333333333335,0.018277777777777778
k4_equal_degree,1800,4.0,gmm_tied_spec,decoded,20,0.72275,0.018099676187784776,0.003258430254123549,0.2081052309986262,0.035333333333333335,0.018277777777777778
k4_equal_degree,1800,4.0,gmm_tied_spec,initial,20,0.7323611111111111,0.005313055383192764,0.0008153820937471231,0.2076888515486644,0.035333333333333335,0.018277777777777778
k4_equal_degree,1800,4.0,km_ASE,decoded,20,0.7210833333333333,0.013894706383982245,0.002816188992990206,0.011551473999861627,0.035333333333333335,0.018277777777777778
k4_equal_degree,1800,4.0,km_ASE,initial,20,0.7160555555555556,0.011189634811979828,0.003475916662755635,0.011154529399937019,0.035333333333333335,0.018277777777777778
k4_equal_degree,1800,4.0,km_RRE,decoded,20,0.7227222222222223,0.013397627635175264,0.0027217158960576313,0.01179602565098321,0.035333333333333335,0.018277777777777778
k4_equal_degree,1800,4.0,km_RRE,initial,20,0.7157777777777778,0.012142750667051637,0.0036113400725131884,0.01139598225017835,0.035333333333333335,0.018277777777777778
k4_equal_degree,1800,4.0,km_classic_U,decoded,20,0.7217777777777779,0.014581669356475365,0.002848723810277697,0.012443150149920257,0.035333333333333335,0.018277777777777778
k4_equal_degree,1800,4.0,km_classic_U,initial,20,0.7170833333333333,0.010820580287802592,0.00335013532159047,0.012000237150641625,0.035333333333333335,0.018277777777777778
k4_equal_degree,1800,4.0,km_neighbor_degree,decoded,20,0.7217777777777779,0.01894264795721364,0.0038653946716809225,0.013766773749739513,0.035333333333333335,0.018277777777777778
k4_equal_degree,1800,4.0,km_neighbor_degree,initial,20,0.70575,0.01666108581026064,0.007931252508871162,0.01333511595003074,0.035333333333333335,0.018277777777777778
k4_equal_degree,1800,4.0,km_spec,decoded,20,0.7213888888888889,0.01672552958297765,0.003868620696142798,0.01167612795070454,0.035333333333333335,0.018277777777777778
k4_equal_degree,1800,4.0,km_spec,initial,20,0.7171111111111111,0.010762966853548255,0.003718241523726889,0.01128122399932181,0.035333333333333335,0.018277777777777778
k4_equal_degree,1800,4.0,km_spec_degree,decoded,20,0.7228611111111112,0.012949237372834429,0.0026365749968691237,0.013126257100520889,0.035333333333333335,0.018277777777777778
k4_equal_degree,1800,4.0,km_spec_degree,initial,20,0.717,0.010247743376689818,0.003658863618863699,0.012711004000448157,0.035333333333333335,0.018277777777777778
k4_equal_degree,1800,4.0,poisson_gaussian,decoded,20,0.7175277777777778,0.019812699145583333,0.005340318867461233,0.43007029464970403,0.035333333333333335,0.018277777777777778
k4_equal_degree,1800,4.0,poisson_gaussian,initial,20,0.7228888888888889,0.007919756758165777,0.0018308706734436527,0.42962882599968,0.035333333333333335,0.018277777777777778
k4_equal_degree,1800,4.0,raw_bernoulli_vem,initial,20,0.7470277777777777,0.003978805937232908,-2.2331038558101356e-05,0.10420336169845541,0.035333333333333335,0.018277777777777778
k4_equal_degree,1800,4.0,spectral_bernoulli_surrogate,decoded,20,0.7234166666666667,0.01995712997996049,0.003435020621518351,0.18711485949934287,0.035333333333333335,0.018277777777777778
k4_equal_degree,1800,4.0,spectral_bernoulli_surrogate,initial,20,0.72375,0.019756374350709715,0.003373354876800537,0.18700334674977057,0.035333333333333335,0.018277777777777778
k4_equal_degree,1800,6.0,edge_only_oracle,reference,20,0.2140277777777778,0.012671019822407004,0.5203166156098503,0.0,0.012277777777777778,0.0025555555555555557
k4_equal_degree,1800,6.0,gmm_full_neighbor_degree,decoded,20,0.6796944444444445,0.0343667653613707,0.028124083551071044,0.6277205680016777,0.012277777777777778,0.0025555555555555557
k4_equal_degree,1800,6.0,gmm_full_neighbor_degree,initial,20,0.6846111111111111,0.032486864442010294,0.022046616651339074,0.627238154700899,0.012277777777777778,0.0025555555555555557
k4_equal_degree,1800,6.0,gmm_full_spec,decoded,20,0.6890833333333333,0.027581926520192555,0.020180262119602485,0.5537080525511555,0.012277777777777778,0.0025555555555555557
k4_equal_degree,1800,6.0,gmm_full_spec,initial,20,0.7208333333333334,0.014221742499219255,0.0031676020388378273,0.5532435551514936,0.012277777777777778,0.0025555555555555557
k4_equal_degree,1800,6.0,gmm_full_spec_degree,decoded,20,0.6919444444444445,0.02611359948327134,0.019271253934663266,0.564151903651873,0.012277777777777778,0.0025555555555555557
k4_equal_degree,1800,6.0,gmm_full_spec_degree,initial,20,0.7224722222222223,0.008842119283537255,0.0020888374226718906,0.5636927509509405,0.012277777777777778,0.0025555555555555557
k4_equal_degree,1800,6.0,gmm_tied_spec,decoded,20,0.6698888888888889,0.0437350549986792,0.03874410074532401,0.2841077234003023,0.012277777777777778,0.0025555555555555557
k4_equal_degree,1800,6.0,gmm_tied_spec,initial,20,0.7227222222222223,0.0099526167863877,0.0019859391730629363,0.28360783380012433,0.012277777777777778,0.0025555555555555557
k4_equal_degree,1800,6.0,km_ASE,decoded,20,0.6651666666666667,0.027604782947624217,0.03304977292459158,0.012572930349051603,0.012277777777777778,0.0025555555555555557
k4_equal_degree,1800,6.0,km_ASE,initial,20,0.6690277777777778,0.0225616439511348,0.026536508781468064,0.012106987250081146,0.012277777777777778,0.0025555555555555557
k4_equal_degree,1800,6.0,km_RRE,decoded,20,0.6732777777777778,0.028112544169838213,0.026520233713459924,0.013073491849718266,0.012277777777777778,0.0025555555555555557
k4_equal_degree,1800,6.0,km_RRE,initial,20,0.6703055555555555,0.02156745541790637,0.025437940123911974,0.012639067750205868,0.012277777777777778,0.0025555555555555557
k4_equal_degree,1800,6.0,km_classic_U,decoded,20,0.6624166666666667,0.02737205157231468,0.03432941936956056,0.0133485678506986,0.012277777777777778,0.0025555555555555557
k4_equal_degree,1800,6.0,km_classic_U,initial,20,0.6667500000000001,0.023017406612116362,0.02934645283314234,0.012898680999933276,0.012277777777777778,0.0025555555555555557
k4_equal_degree,1800,6.0,km_neighbor_degree,decoded,20,0.6831111111111111,0.0337663877379665,0.0259403811616568,0.013519885799541952,0.012277777777777778,0.0025555555555555557
k4_equal_degree,1800,6.0,km_neighbor_degree,initial,20,0.6575277777777778,0.028590153000692203,0.04562112968064343,0.01310883924998052,0.012277777777777778,0.0025555555555555557
k4_equal_degree,1800,6.0,km_spec,decoded,20,0.6875277777777777,0.031171867888022578,0.021729993040505442,0.01236544959974708,0.012277777777777778,0.0025555555555555557
k4_equal_degree,1800,6.0,km_spec,initial,20,0.6784166666666667,0.02217119507014015,0.02177093253425629,0.011952568350170622,0.012277777777777778,0.0025555555555555557
k4_equal_degree,1800,6.0,km_spec_degree,decoded,20,0.7048888888888889,0.025979574122855384,0.013619986599901476,0.01369139900089067,0.012277777777777778,0.0025555555555555557
k4_equal_degree,1800,6.0,km_spec_degree,initial,20,0.6800277777777778,0.021928967819521944,0.022552705451032697,0.013284642950020497,0.012277777777777778,0.0025555555555555557
k4_equal_degree,1800,6.0,poisson_gaussian,decoded,20,0.6881388888888889,0.03610201189903264,0.020298898837009464,0.4708469580011297,0.012277777777777778,0.0025555555555555557
k4_equal_degree,1800,6.0,poisson_gaussian,initial,20,0.6804722222222221,0.039719727562444684,0.030534834224522096,0.4703079645507387,0.012277777777777778,0.0025555555555555557
k4_equal_degree,1800,6.0,raw_bernoulli_vem,initial,20,0.7441388888888889,0.007631189634039342,0.00021995590620526602,0.11909614904980118,0.012277777777777778,0.0025555555555555557
k4_equal_degree,1800,6.0,spectral_bernoulli_surrogate,decoded,20,0.7081944444444445,0.04405305553993001,0.019566772185545735,0.17215665715120848,0.012277777777777778,0.0025555555555555557
k4_equal_degree,1800,6.0,spectral_bernoulli_surrogate,initial,20,0.7186666666666667,0.031948016581358846,0.006797860224494114,0.17203015030099778,0.012277777777777778,0.0025555555555555557
k4_equal_degree,1800,12.0,edge_only_oracle,reference,20,0.11166666666666666,0.007337142374223303,0.7285801639651142,0.0,0.0009444444444444445,2.777777777777778e-05
k4_equal_degree,1800,12.0,gmm_full_neighbor_degree,decoded,20,0.5230555555555555,0.07542375414985972,0.19797113448947262,0.6660258937990875,0.0009444444444444445,2.777777777777778e-05
k4_equal_degree,1800,12.0,gmm_full_neighbor_degree,initial,20,0.5116388888888889,0.029795422785611887,0.26273463548052745,0.6655381169002794,0.0009444444444444445,2.777777777777778e-05
k4_equal_degree,1800,12.0,gmm_full_spec,decoded,20,0.5923333333333334,0.04413289929882035,0.1252124348726486,0.4766617047502223,0.0009444444444444445,2.777777777777778e-05
k4_equal_degree,1800,12.0,gmm_full_spec,initial,20,0.5825555555555556,0.017489809527177415,0.19280962559595297,0.4761897079002665,0.0009444444444444445,2.777777777777778e-05
k4_equal_degree,1800,12.0,gmm_full_spec_degree,decoded,20,0.5799722222222222,0.06662778471408481,0.12895938414077257,0.5006517737492686,0.0009444444444444445,2.777777777777778e-05
k4_equal_degree,1800,12.0,gmm_full_spec_degree,initial,20,0.5834444444444444,0.022274499911979717,0.1873220062768621,0.5001597074500751,0.0009444444444444445,2.777777777777778e-05
k4_equal_degree,1800,12.0,gmm_tied_spec,decoded,20,0.5440555555555555,0.07981970831165548,0.19729059165408575,0.3672075786998903,0.0009444444444444445,2.777777777777778e-05
k4_equal_degree,1800,12.0,gmm_tied_spec,initial,20,0.6758611111111111,0.03487212088208592,0.020916701393280362,0.3667425835003087,0.0009444444444444445,2.777777777777778e-05
k4_equal_degree,1800,12.0,km_ASE,decoded,20,0.41886111111111113,0.05332860450527028,0.30382910491636556,0.013835342150196083,0.0009444444444444445,2.777777777777778e-05
k4_equal_degree,1800,12.0,km_ASE,initial,20,0.4345,0.04354607397693183,0.29330303224092014,0.013403996799752349,0.0009444444444444445,2.777777777777778e-05
k4_equal_degree,1800,12.0,km_RRE,decoded,20,0.4136666666666667,0.055435074036194014,0.31187396269952333,0.013359663599112536,0.0009444444444444445,2.777777777777778e-05
k4_equal_degree,1800,12.0,km_RRE,initial,20,0.4325833333333334,0.045726137269942554,0.29848453274580616,0.012939551499221125,0.0009444444444444445,2.777777777777778e-05
k4_equal_degree,1800,12.0,km_classic_U,decoded,20,0.43438888888888894,0.05282743124436245,0.29851868006690474,0.014436318899970501,0.0009444444444444445,2.777777777777778e-05
k4_equal_degree,1800,12.0,km_classic_U,initial,20,0.45219444444444445,0.04275497797508989,0.28006687562545723,0.013968658149678959,0.0009444444444444445,2.777777777777778e-05
k4_equal_degree,1800,12.0,km_neighbor_degree,decoded,20,0.5518611111111111,0.07639163206132492,0.13981792768163415,0.015800531599961688,0.0009444444444444445,2.777777777777778e-05
k4_equal_degree,1800,12.0,km_neighbor_degree,initial,20,0.5293333333333333,0.044328650326465845,0.19386811310668398,0.015349050850272761,0.0009444444444444445,2.777777777777778e-05
k4_equal_degree,1800,12.0,km_spec,decoded,20,0.5758888888888889,0.07547734169809878,0.11762513092160831,0.01254194999964966,0.0009444444444444445,2.777777777777778e-05
k4_equal_degree,1800,12.0,km_spec,initial,20,0.5517777777777778,0.030640551640078492,0.13745542689388526,0.012128447249779128,0.0009444444444444445,2.777777777777778e-05
k4_equal_degree,1800,12.0,km_spec_degree,decoded,20,0.5905833333333333,0.07255220947300782,0.10564246236042096,0.013730874899920309,0.0009444444444444445,2.777777777777778e-05
k4_equal_degree,1800,12.0,km_spec_degree,initial,20,0.5718888888888889,0.03002457299872369,0.11926295198854835,0.01329417734996241,0.0009444444444444445,2.777777777777778e-05
k4_equal_degree,1800,12.0,poisson_gaussian,decoded,20,0.6085277777777778,0.06479920377301433,0.10473161883401368,0.4598325396498694,0.0009444444444444445,2.777777777777778e-05
k4_equal_degree,1800,12.0,poisson_gaussian,initial,20,0.5185277777777777,0.03194185089903838,0.2575784845173589,0.4593738517996826,0.0009444444444444445,2.777777777777778e-05
k4_equal_degree,1800,12.0,raw_bernoulli_vem,initial,20,0.5212777777777778,0.007859016004157669,0.39290372266954565,0.2232702474000689,0.0009444444444444445,2.777777777777778e-05
k4_equal_degree,1800,12.0,spectral_bernoulli_surrogate,decoded,20,0.58125,0.04897681984767042,0.1131260812879783,0.35309371629882663,0.0009444444444444445,2.777777777777778e-05
k4_equal_degree,1800,12.0,spectral_bernoulli_surrogate,initial,20,0.46691666666666665,0.06842288977640544,0.21323147540375373,0.35262877464920167,0.0009444444444444445,2.777777777777778e-05
k4_equal_degree,1800,24.0,edge_only_oracle,reference,20,0.0305,0.005142226670101739,0.9207752435658293,0.0,0.0,0.0
k4_equal_degree,1800,24.0,gmm_full_neighbor_degree,decoded,20,0.5226111111111111,0.0702391024570368,0.16389079970168768,0.628196233050403,0.0,0.0
k4_equal_degree,1800,24.0,gmm_full_neighbor_degree,initial,20,0.08652777777777779,0.05877426641364942,0.8055179821019427,0.6276452496993443,0.0,0.0
k4_equal_degree,1800,24.0,gmm_full_spec,decoded,20,0.5430555555555555,0.102540266104782,0.1340345945815847,0.42698282599922094,0.0,0.0
k4_equal_degree,1800,24.0,gmm_full_spec,initial,20,0.19336111111111112,0.09750001666083395,0.6632413359765743,0.426441840148982,0.0,0.0
k4_equal_degree,1800,24.0,gmm_full_spec_degree,decoded,20,0.5176388888888889,0.10843575530211524,0.16439874543393415,0.46627652805036635,0.0,0.0
k4_equal_degree,1800,24.0,gmm_full_spec_degree,initial,20,0.24580555555555555,0.10325446197684948,0.599857122695423,0.46576343070009896,0.0,0.0
k4_equal_degree,1800,24.0,gmm_tied_spec,decoded,20,0.5041944444444445,0.11646550117078862,0.20420302807946905,0.3117900559493137,0.0,0.0
k4_equal_degree,1800,24.0,gmm_tied_spec,initial,20,0.47375,0.015117984118085062,0.35231961540670886,0.3112015053498908,0.0,0.0
k4_equal_degree,1800,24.0,km_ASE,decoded,20,0.51775,0.0730391216256689,0.16609599107825734,0.01109748354938347,0.0,0.0
k4_equal_degree,1800,24.0,km_ASE,initial,20,0.06811111111111112,0.00731585725540189,0.8292749064984104,0.010681014349393081,0.0,0.0
k4_equal_degree,1800,24.0,km_RRE,decoded,20,0.5072777777777777,0.05912588853672016,0.17635367325561876,0.010462329199435771,0.0,0.0
k4_equal_degree,1800,24.0,km_RRE,initial,20,0.06802777777777777,0.007397721493868538,0.8294791398534986,0.010042554798928904,0.0,0.0
k4_equal_degree,1800,24.0,km_classic_U,decoded,20,0.4600833333333333,0.12799463862939237,0.23946613826279015,0.01394476165114611,0.0,0.0
k4_equal_degree,1800,24.0,km_classic_U,initial,20,0.10191666666666666,0.07831756612084492,0.7786615683977742,0.013444387900017318,0.0,0.0
k4_equal_degree,1800,24.0,km_neighbor_degree,decoded,20,0.47911111111111115,0.13613830734383964,0.2265654580153147,0.01559346390022256,0.0,0.0
k4_equal_degree,1800,24.0,km_neighbor_degree,initial,20,0.33725,0.04373352284167088,0.4335771345818523,0.015152959599799943,0.0,0.0
k4_equal_degree,1800,24.0,km_spec,decoded,20,0.45541666666666664,0.1219932564258587,0.2793492276574931,0.0133095240995317,0.0,0.0
k4_equal_degree,1800,24.0,km_spec,initial,20,0.3973888888888889,0.06230234502995307,0.33618123745348916,0.012889374999940629,0.0,0.0
k4_equal_degree,1800,24.0,km_spec_degree,decoded,20,0.4971111111111111,0.1236864183508862,0.21275370519613154,0.014592035548776038,0.0,0.0
k4_equal_degree,1800,24.0,km_spec_degree,initial,20,0.4533333333333333,0.047933243594143415,0.25031509359946363,0.014152440749967354,0.0,0.0
k4_equal_degree,1800,24.0,poisson_gaussian,decoded,20,0.5285,0.0936521809364419,0.16802479451717206,0.4743689888495283,0.0,0.0
k4_equal_degree,1800,24.0,poisson_gaussian,initial,20,0.12841666666666668,0.10317621126887666,0.7601835309709756,0.47384267405032005,0.0,0.0
k4_equal_degree,1800,24.0,raw_bernoulli_vem,initial,20,0.05358333333333334,0.06538149033749871,0.8825638340441475,0.21322780525006238,0.0,0.0
k4_equal_degree,1800,24.0,spectral_bernoulli_surrogate,decoded,20,0.5040555555555556,0.04167703574682314,0.20169624087224775,0.4334091114003968,0.0,0.0
k4_equal_degree,1800,24.0,spectral_bernoulli_surrogate,initial,20,0.23119444444444442,0.07236990635843592,0.552290904918374,0.4327843809500337,0.0,0.0
k4_equal_degree,1800,64.0,edge_only_oracle,reference,20,0.0008611111111110903,0.0005833681415401493,0.9977039114085015,0.0,0.0,0.0
k4_equal_degree,1800,64.0,gmm_full_neighbor_degree,decoded,20,0.45525000000000004,0.16112507249449037,0.2783231708891466,0.28541048644910916,0.0,0.0
k4_equal_degree,1800,64.0,gmm_full_neighbor_degree,initial,20,0.0018055555555555435,0.001193917332352306,0.9951920778743911,0.28493925654947816,0.0,0.0
k4_equal_degree,1800,64.0,gmm_full_spec,decoded,20,0.45552777777777775,0.16192098071621655,0.27876585671208004,0.16308323994817328,0.0,0.0
k4_equal_degree,1800,64.0,gmm_full_spec,initial,20,0.0017499999999999905,0.0011295976731491198,0.9953393182014573,0.16260865694821405,0.0,0.0
k4_equal_degree,1800,64.0,gmm_full_spec_degree,decoded,20,0.4524722222222223,0.15586701015224863,0.27768015471299456,0.22284999105067982,0.0,0.0
k4_equal_degree,1800,64.0,gmm_full_spec_degree,initial,20,0.0017777777777777614,0.001162551919512448,0.9952655299816813,0.22237885629911033,0.0,0.0
k4_equal_degree,1800,64.0,gmm_tied_spec,decoded,20,0.45372222222222225,0.16180894444660338,0.2811078789740153,0.14819726230016386,0.0,0.0
k4_equal_degree,1800,64.0,gmm_tied_spec,initial,20,0.0018611111111111079,0.0010705308903831321,0.9950435168964684,0.14771337649981434,0.0,0.0
k4_equal_degree,1800,64.0,km_ASE,decoded,20,0.4575277777777778,0.17609164529829247,0.2813473159873196,0.009014307949473731,0.0,0.0
k4_equal_degree,1800,64.0,km_ASE,initial,20,0.0029999999999999914,0.0033255269213680132,0.9920466800407967,0.008591226950011332,0.0,0.0
k4_equal_degree,1800,64.0,km_RRE,decoded,20,0.4599722222222223,0.1720567470459342,0.2770009717273429,0.008740280500569497,0.0,0.0
k4_equal_degree,1800,64.0,km_RRE,initial,20,0.0022222222222222088,0.0015080464278628878,0.9940856427802094,0.008321561599950655,0.0,0.0
k4_equal_degree,1800,64.0,km_classic_U,decoded,20,0.44722222222222224,0.19647907926798086,0.30314019546249715,0.011229498149259599,0.0,0.0
k4_equal_degree,1800,64.0,km_classic_U,initial,20,0.008027777777777773,0.015408109684662207,0.9792243726987859,0.010769592149517847,0.0,0.0
k4_equal_degree,1800,64.0,km_neighbor_degree,decoded,20,0.4070277777777777,0.19954515164207737,0.3524481270387032,0.01351839039925835,0.0,0.0
k4_equal_degree,1800,64.0,km_neighbor_degree,initial,20,0.01880555555555557,0.04712745047946001,0.9616528418397087,0.013085177649190882,0.0,0.0
k4_equal_degree,1800,64.0,km_spec,decoded,20,0.42061111111111116,0.20256172099440636,0.33832926991786877,0.011705783099750988,0.0,0.0
k4_equal_degree,1800,64.0,km_spec,initial,20,0.0198611111111111,0.05263180027568797,0.9616255005362475,0.011265604749860358,0.0,0.0
k4_equal_degree,1800,64.0,km_spec_degree,decoded,20,0.3929166666666667,0.14394785025571713,0.36569502384547287,0.013151622549776221,0.0,0.0
k4_equal_degree,1800,64.0,km_spec_degree,initial,20,0.3922222222222222,0.04268673382872321,0.3715375798676701,0.012683203400229104,0.0,0.0
k4_equal_degree,1800,64.0,poisson_gaussian,decoded,20,0.45569444444444446,0.15981754084353056,0.2758188216319222,0.2882576437496027,0.0,0.0
k4_equal_degree,1800,64.0,poisson_gaussian,initial,20,0.0016944444444444372,0.0010735614155978478,0.9954867185270129,0.2877821984497132,0.0,0.0
k4_equal_degree,1800,64.0,raw_bernoulli_vem,initial,20,0.000916666666666649,0.0005489371856489438,0.9975558453206107,0.15590547630126822,0.0,0.0
k4_equal_degree,1800,64.0,spectral_bernoulli_surrogate,decoded,20,0.45925000000000005,0.16360186731102527,0.27371419644219913,0.07321255839960941,0.0,0.0
k4_equal_degree,1800,64.0,spectral_bernoulli_surrogate,initial,20,0.00183333333333332,0.0010212174059686997,0.9951173016908882,0.07276293099930627,0.0,0.0
k4_equal_degree,1800,96.0,edge_only_oracle,reference,20,0.0,0.0,1.0,0.0,0.0,0.0
k4_equal_degree,1800,96.0,gmm_full_neighbor_degree,decoded,20,0.05152777777777777,0.14997702607258767,0.9207962190722361,0.1493115986497287,0.0,0.0
k4_equal_degree,1800,96.0,gmm_full_neighbor_degree,initial,20,2.777777777777657e-05,0.0001242259987499829,0.9999258846973869,0.1488553138493444,0.0,0.0
k4_equal_degree,1800,96.0,gmm_full_spec,decoded,20,0.05152777777777777,0.14997702607258767,0.9207962190722361,0.08922889044915791,0.0,0.0
k4_equal_degree,1800,96.0,gmm_full_spec,initial,20,2.777777777777657e-05,0.0001242259987499829,0.9999258846973869,0.08877077904980979,0.0,0.0
k4_equal_degree,1800,96.0,gmm_full_spec_degree,decoded,20,0.05152777777777777,0.14997702607258767,0.9207962190722361,0.12833604409934196,0.0,0.0
k4_equal_degree,1800,96.0,gmm_full_spec_degree,initial,20,2.777777777777657e-05,0.0001242259987499829,0.9999258846973869,0.12787387589996796,0.0,0.0
k4_equal_degree,1800,96.0,gmm_tied_spec,decoded,20,0.05152777777777777,0.14997702607258767,0.9207962190722361,0.06982309955055825,0.0,0.0
k4_equal_degree,1800,96.0,gmm_tied_spec,initial,20,8.333333333332971e-05,0.00020352641585139297,0.9997776540921606,0.06936318974985625,0.0,0.0
k4_equal_degree,1800,96.0,km_ASE,decoded,20,0.05108333333333333,0.15012583794594905,0.9219739706765067,0.00854619609854126,0.0,0.0
k4_equal_degree,1800,96.0,km_ASE,initial,20,0.002166666666666672,0.0011241920064279196,0.9942280891859262,0.008127157649141736,0.0,0.0
k4_equal_degree,1800,96.0,km_RRE,decoded,20,0.051444444444444445,0.15000534969884108,0.9210169137074633,0.008365959550792468,0.0,0.0
k4_equal_degree,1800,96.0,km_RRE,initial,20,0.00041666666666665965,0.000566414345842414,0.9988886004733724,0.007956881200152565,0.0,0.0
k4_equal_degree,1800,96.0,km_classic_U,decoded,20,0.049444444444444444,0.15066939654929998,0.9263255401672644,0.009499863849487155,0.0,0.0
k4_equal_degree,1800,96.0,km_classic_U,initial,20,0.02155555555555556,0.00889911692255471,0.9437016303146895,0.00904956560007122,0.0,0.0
k4_equal_degree,1800,96.0,km_neighbor_degree,decoded,20,0.049277777777777775,0.1503473452925499,0.9264636547141996,0.010770120150482398,0.0,0.0
k4_equal_degree,1800,96.0,km_neighbor_degree,initial,20,0.022361111111111102,0.009311717868826145,0.9416487720656666,0.01035197870041884,0.0,0.0
k4_equal_degree,1800,96.0,km_spec,decoded,20,0.049194444444444436,0.15027984238293796,0.9267348362055461,0.009739406200242228,0.0,0.0
k4_equal_degree,1800,96.0,km_spec,initial,20,0.023166666666666662,0.010326225311060611,0.9396185658276982,0.00933088619967748,0.0,0.0
k4_equal_degree,1800,96.0,km_spec_degree,decoded,20,0.20261111111111113,0.17805042141652372,0.6616132336925973,0.011857169049835647,0.0,0.0
k4_equal_degree,1800,96.0,km_spec_degree,initial,20,0.3485,0.030310339806001778,0.4152984483670107,0.01144340009886946,0.0,0.0
k4_equal_degree,1800,96.0,poisson_gaussian,decoded,20,0.05152777777777777,0.14997702607258767,0.9207962190722361,0.18341456445123186,0.0,0.0
k4_equal_degree,1800,96.0,poisson_gaussian,initial,20,5.555555555555314e-05,0.0001709963920141849,0.9998517693947738,0.1829657544996735,0.0,0.0
k4_equal_degree,1800,96.0,raw_bernoulli_vem,initial,20,0.0,0.0,1.0,0.14286873114942863,0.0,0.0
k4_equal_degree,1800,96.0,spectral_bernoulli_surrogate,decoded,20,0.051555555555555556,0.1499693059347382,0.9207239221312419,0.061528582949540576,0.0,0.0
k4_equal_degree,1800,96.0,spectral_bernoulli_surrogate,initial,20,5.555555555555314e-05,0.0001709963920141849,0.9998517693947736,0.061085533549703544,0.0,0.0
k4_hierarchical,1800,4.0,edge_only_oracle,reference,20,0.36280555555555555,0.009223375887820635,0.3292473137426587,0.0,0.04519444444444445,0.02772222222222222
k4_hierarchical,1800,4.0,gmm_full_neighbor_degree,decoded,20,0.7093055555555556,0.020448095116468373,0.007024598208959866,0.7307803491508821,0.04519444444444445,0.02772222222222222
k4_hierarchical,1800,4.0,gmm_full_neighbor_degree,initial,20,0.5909444444444445,0.018411670310939383,0.1195865361754789,0.7302894686010404,0.04519444444444445,0.02772222222222222
k4_hierarchical,1800,4.0,gmm_full_spec,decoded,20,0.6900277777777777,0.021665148394847428,0.018326268868753343,0.4230961713514262,0.04519444444444445,0.02772222222222222
k4_hierarchical,1800,4.0,gmm_full_spec,initial,20,0.5750277777777778,0.014237696032156803,0.11287265250614831,0.4226244039015,0.04519444444444445,0.02772222222222222
k4_hierarchical,1800,4.0,gmm_full_spec_degree,decoded,20,0.6970833333333333,0.02384149725904305,0.01602939812769353,0.4385746711508546,0.04519444444444445,0.02772222222222222
k4_hierarchical,1800,4.0,gmm_full_spec_degree,initial,20,0.5711666666666667,0.013789586525933449,0.11756491496369578,0.4380954192507488,0.04519444444444445,0.02772222222222222
k4_hierarchical,1800,4.0,gmm_tied_spec,decoded,20,0.6944444444444444,0.02176130179953387,0.018263035185344452,0.19688329345081002,0.04519444444444445,0.02772222222222222
k4_hierarchical,1800,4.0,gmm_tied_spec,initial,20,0.6969444444444444,0.010088143054071075,0.016980514039394205,0.19642706154954795,0.04519444444444445,0.02772222222222222
k4_hierarchical,1800,4.0,km_ASE,decoded,20,0.6857777777777778,0.03445217796601093,0.029143008137513547,0.011742595249597799,0.04519444444444445,0.02772222222222222
k4_hierarchical,1800,4.0,km_ASE,initial,20,0.66175,0.013430778178092878,0.05023776457727404,0.011316569798873388,0.04519444444444445,0.02772222222222222
k4_hierarchical,1800,4.0,km_RRE,decoded,20,0.6935,0.033437507780570294,0.022978172103563545,0.011437818149715895,0.04519444444444445,0.02772222222222222
k4_hierarchical,1800,4.0,km_RRE,initial,20,0.6569166666666667,0.016815587117625763,0.0558238903142388,0.011035167449881556,0.04519444444444445,0.02772222222222222
k4_hierarchical,1800,4.0,km_classic_U,decoded,20,0.68075,0.031219670141894206,0.030007475885411423,0.01217572865098191,0.04519444444444445,0.02772222222222222
k4_hierarchical,1800,4.0,km_classic_U,initial,20,0.6705555555555556,0.012596605254496991,0.04133462006751443,0.01173198409996985,0.04519444444444445,0.02772222222222222
k4_hierarchical,1800,4.0,km_neighbor_degree,decoded,20,0.6992222222222222,0.031703015969658944,0.015243236032803375,0.01355897345019912,0.04519444444444445,0.02772222222222222
k4_hierarchical,1800,4.0,km_neighbor_degree,initial,20,0.6132777777777778,0.017665857497376376,0.14488746173418535,0.013128418050109758,0.04519444444444445,0.02772222222222222
k4_hierarchical,1800,4.0,km_spec,decoded,20,0.6815277777777778,0.03298988513344066,0.029696047998087706,0.011643393198392004,0.04519444444444445,0.02772222222222222
k4_hierarchical,1800,4.0,km_spec,initial,20,0.6510277777777778,0.015354036155057477,0.06404779861020563,0.011245046048861696,0.04519444444444445,0.02772222222222222
k4_hierarchical,1800,4.0,km_spec_degree,decoded,20,0.6755833333333333,0.03535371943067441,0.02966922710180121,0.013450253049450111,0.04519444444444445,0.02772222222222222
k4_hierarchical,1800,4.0,km_spec_degree,initial,20,0.6446111111111111,0.011890910906370261,0.07034530783613543,0.013016615750530036,0.04519444444444445,0.02772222222222222
k4_hierarchical,1800,4.0,poisson_gaussian,decoded,20,0.6996111111111112,0.026047327844699382,0.014883744838087177,0.5035659905995999,0.04519444444444445,0.02772222222222222
k4_hierarchical,1800,4.0,poisson_gaussian,initial,20,0.5759444444444444,0.020803467872053772,0.12541413181470668,0.5030840220995743,0.04519444444444445,0.02772222222222222
k4_hierarchical,1800,4.0,raw_bernoulli_vem,initial,20,0.5486944444444444,0.027003402067089267,0.24602840739286908,0.18194416699989233,0.04519444444444445,0.02772222222222222
k4_hierarchical,1800,4.0,spectral_bernoulli_surrogate,decoded,20,0.6702777777777778,0.02434088910436845,0.02736039970873309,0.18386758374690543,0.04519444444444445,0.02772222222222222
k4_hierarchical,1800,4.0,spectral_bernoulli_surrogate,initial,20,0.6592777777777779,0.020286367643093384,0.04807797824867835,0.18349384304783597,0.04519444444444445,0.02772222222222222
k4_hierarchical,1800,6.0,edge_only_oracle,reference,20,0.29819444444444443,0.013580643785919213,0.4159566746053109,0.0,0.03147222222222222,0.00588888888888889
k4_hierarchical,1800,6.0,gmm_full_neighbor_degree,decoded,20,0.6903055555555555,0.0338577054305817,0.02778042387903179,0.6417664669999794,0.03147222222222222,0.00588888888888889
k4_hierarchical,1800,6.0,gmm_full_neighbor_degree,initial,20,0.5442222222222222,0.029509967919800935,0.18694613368864715,0.6412929812500806,0.03147222222222222,0.00588888888888889
k4_hierarchical,1800,6.0,gmm_full_spec,decoded,20,0.6978055555555556,0.025943204698831733,0.015986483771500203,0.5451724664999347,0.03147222222222222,0.00588888888888889
k4_hierarchical,1800,6.0,gmm_full_spec,initial,20,0.5233055555555556,0.0172335135594469,0.1807707379160288,0.5446861499000079,0.03147222222222222,0.00588888888888889
k4_hierarchical,1800,6.0,gmm_full_spec_degree,decoded,20,0.6980000000000001,0.02718991996840447,0.015591202847795887,0.5287575940510578,0.03147222222222222,0.00588888888888889
k4_hierarchical,1800,6.0,gmm_full_spec_degree,initial,20,0.5195000000000001,0.015808203099978196,0.1879609138895066,0.5282655852504832,0.03147222222222222,0.00588888888888889
k4_hierarchical,1800,6.0,gmm_tied_spec,decoded,20,0.6594444444444444,0.01804621890851617,0.041512074967538226,0.26283270204985454,0.03147222222222222,0.00588888888888889
k4_hierarchical,1800,6.0,gmm_tied_spec,initial,20,0.6810555555555556,0.019537288783796056,0.030308950053431576,0.2623809588501899,0.03147222222222222,0.00588888888888889
k4_hierarchical,1800,6.0,km_ASE,decoded,20,0.63725,0.0327886665430483,0.11806057013628238,0.012103315349668265,0.03147222222222222,0.00588888888888889
k4_hierarchical,1800,6.0,km_ASE,initial,20,0.6384444444444444,0.020867009818501363,0.10213653116869173,0.011664556799223647,0.03147222222222222,0.00588888888888889
k4_hierarchical,1800,6.0,km_RRE,decoded,20,0.6385833333333333,0.037706966228327705,0.10753749889458848,0.012004556499232422,0.03147222222222222,0.00588888888888889
k4_hierarchical,1800,6.0,km_RRE,initial,20,0.6281388888888889,0.0257911055231559,0.11120519339288693,0.011597164600971155,0.03147222222222222,0.00588888888888889
k4_hierarchical,1800,6.0,km_classic_U,decoded,20,0.6306666666666667,0.01993214610479966,0.12158809686028829,0.013051534149781219,0.03147222222222222,0.00588888888888889
k4_hierarchical,1800,6.0,km_classic_U,initial,20,0.641361111111111,0.021702605521451875,0.09428622560883138,0.012593119500161265,0.03147222222222222,0.00588888888888889
k4_hierarchical,1800,6.0,km_neighbor_degree,decoded,20,0.6570833333333332,0.049511215510614694,0.05365464947481301,0.013397324149991618,0.03147222222222222,0.00588888888888889
k4_hierarchical,1800,6.0,km_neighbor_degree,initial,20,0.5554166666666667,0.043780076452845804,0.19951903381293476,0.012953762350298348,0.03147222222222222,0.00588888888888889
k4_hierarchical,1800,6.0,km_spec,decoded,20,0.6373055555555556,0.03444834678894225,0.10687413651496343,0.01174636175019259,0.03147222222222222,0.00588888888888889
k4_hierarchical,1800,6.0,km_spec,initial,20,0.6206666666666667,0.03440414545038923,0.11314518665006908,0.011338968200288947,0.03147222222222222,0.00588888888888889
k4_hierarchical,1800,6.0,km_spec_degree,decoded,20,0.6520277777777779,0.047045688257541025,0.055575741790029644,0.013872155950593879,0.03147222222222222,0.00588888888888889
k4_hierarchical,1800,6.0,km_spec_degree,initial,20,0.5945277777777778,0.03308645172648849,0.10330672125767837,0.01342840130055265,0.03147222222222222,0.00588888888888889
k4_hierarchical,1800,6.0,poisson_gaussian,decoded,20,0.7091944444444445,0.020316273641070838,0.010341498524224307,0.6062454637012706,0.03147222222222222,0.00588888888888889
k4_hierarchical,1800,6.0,poisson_gaussian,initial,20,0.502,0.01699711400033783,0.2083901126320718,0.6057338585003891,0.03147222222222222,0.00588888888888889
k4_hierarchical,1800,6.0,raw_bernoulli_vem,initial,20,0.5046666666666667,0.022097162722618104,0.3817978519292285,0.20293389659927924,0.03147222222222222,0.00588888888888889
k4_hierarchical,1800,6.0,spectral_bernoulli_surrogate,decoded,20,0.6894722222222223,0.04078839473305225,0.02346836181592307,0.2739196336497116,0.03147222222222222,0.00588888888888889
k4_hierarchical,1800,6.0,spectral_bernoulli_surrogate,initial,20,0.604638888888889,0.03124099610378734,0.08667216967092851,0.2735380440495646,0.03147222222222222,0.00588888888888889
k4_hierarchical,1800,12.0,edge_only_oracle,reference,20,0.19963888888888887,0.010712552073610857,0.5740272941392721,0.0,0.007972222222222223,0.00011111111111111112
k4_hierarchical,1800,12.0,gmm_full_neighbor_degree,decoded,20,0.6423888888888889,0.06553153985715107,0.07291127534934201,0.573809093449745,0.007972222222222223,0.00011111111111111112
k4_hierarchical,1800,12.0,gmm_full_neighbor_degree,initial,20,0.42236111111111113,0.026473395008476987,0.3528013934707904,0.5732606859506632,0.007972222222222223,0.00011111111111111112
k4_hierarchical,1800,12.0,gmm_full_spec,decoded,20,0.67075,0.041868041642536345,0.03902866903952553,0.4151383292995888,0.007972222222222223,0.00011111111111111112
k4_hierarchical,1800,12.0,gmm_full_spec,initial,20,0.4140833333333333,0.01891920082466633,0.35153869430371026,0.414608064499771,0.007972222222222223,0.00011111111111111112
k4_hierarchical,1800,12.0,gmm_full_spec_degree,decoded,20,0.6796111111111112,0.0399126320058228,0.029529647733765495,0.4094627413487615,0.007972222222222223,0.00011111111111111112
k4_hierarchical,1800,12.0,gmm_full_spec_degree,initial,20,0.40680555555555553,0.019437237595093988,0.35605395160179226,0.4088989660504012,0.007972222222222223,0.00011111111111111112
k4_hierarchical,1800,12.0,gmm_tied_spec,decoded,20,0.5928888888888888,0.0656275251687817,0.20235241242928187,0.2485021198499453,0.007972222222222223,0.00011111111111111112
k4_hierarchical,1800,12.0,gmm_tied_spec,initial,20,0.5024722222222222,0.01628258715850766,0.38328730163424213,0.2480203799503215,0.007972222222222223,0.00011111111111111112
k4_hierarchical,1800,12.0,km_ASE,decoded,20,0.5568055555555556,0.017044332174047182,0.3742876362480375,0.012463906202174257,0.007972222222222223,0.00011111111111111112
k4_hierarchical,1800,12.0,km_ASE,initial,20,0.5624722222222223,0.017071568002034354,0.33592302670077634,0.012046129350346746,0.007972222222222223,0.00011111111111111112
k4_hierarchical,1800,12.0,km_RRE,decoded,20,0.5551944444444444,0.020465088579146362,0.37391738385511414,0.012773749800544465,0.007972222222222223,0.00011111111111111112
k4_hierarchical,1800,12.0,km_RRE,initial,20,0.5608333333333333,0.019179481265780667,0.3315546908374551,0.012324058499507374,0.007972222222222223,0.00011111111111111112
k4_hierarchical,1800,12.0,km_classic_U,decoded,20,0.5579722222222222,0.016701012369465598,0.37404401581306046,0.013269242898968515,0.007972222222222223,0.00011111111111111112
k4_hierarchical,1800,12.0,km_classic_U,initial,20,0.5655555555555556,0.01723966292906368,0.33139238040649505,0.01278343844896881,0.007972222222222223,0.00011111111111111112
k4_hierarchical,1800,12.0,km_neighbor_degree,decoded,20,0.6676111111111112,0.060488615826239545,0.03790386529669475,0.012420804050998413,0.007972222222222223,0.00011111111111111112
k4_hierarchical,1800,12.0,km_neighbor_degree,initial,20,0.4456666666666667,0.023893036495649864,0.2955153323693676,0.011683465750684264,0.007972222222222223,0.00011111111111111112
k4_hierarchical,1800,12.0,km_spec,decoded,20,0.5549722222222222,0.019736301703669627,0.37405105968588903,0.012116910249096691,0.007972222222222223,0.00011111111111111112
k4_hierarchical,1800,12.0,km_spec,initial,20,0.5612222222222222,0.020198495173587856,0.3306895920901013,0.011683133199039731,0.007972222222222223,0.00011111111111111112
k4_hierarchical,1800,12.0,km_spec_degree,decoded,20,0.5904444444444444,0.06317683547480661,0.25598574625844084,0.01289404064991686,0.007972222222222223,0.00011111111111111112
k4_hierarchical,1800,12.0,km_spec_degree,initial,20,0.5360555555555556,0.049906963474537935,0.27426052913778237,0.01245571074905456,0.007972222222222223,0.00011111111111111112
k4_hierarchical,1800,12.0,poisson_gaussian,decoded,20,0.7037777777777777,0.03305566612591461,0.01840859696787874,0.47378820910089414,0.007972222222222223,0.00011111111111111112
k4_hierarchical,1800,12.0,poisson_gaussian,initial,20,0.4095,0.01991445317085602,0.3606446245701077,0.4732760446499015,0.007972222222222223,0.00011111111111111112
k4_hierarchical,1800,12.0,raw_bernoulli_vem,initial,20,0.4270555555555555,0.04102967277572624,0.43563732129531607,0.17542487979990257,0.007972222222222223,0.00011111111111111112
k4_hierarchical,1800,12.0,spectral_bernoulli_surrogate,decoded,20,0.6567222222222222,0.0360293270913609,0.045840709052302184,0.1829581389494706,0.007972222222222223,0.00011111111111111112
k4_hierarchical,1800,12.0,spectral_bernoulli_surrogate,initial,20,0.39588888888888885,0.014809160714423595,0.3579279674316096,0.18247325189950062,0.007972222222222223,0.00011111111111111112
k4_hierarchical,1800,24.0,edge_only_oracle,reference,20,0.11200000000000002,0.008849327166121017,0.7379209481864138,0.0,0.0006944444444444445,0.0
k4_hierarchical,1800,24.0,gmm_full_neighbor_degree,decoded,20,0.5058055555555556,0.07346578394059713,0.25286357441592533,0.531293401151197,0.0006944444444444445,0.0
k4_hierarchical,1800,24.0,gmm_full_neighbor_degree,initial,20,0.31908333333333333,0.018491937550888623,0.46275321522447144,0.5308125775507506,0.0006944444444444445,0.0
k4_hierarchical,1800,24.0,gmm_full_spec,decoded,20,0.6067222222222222,0.10435138008821822,0.15203972650494263,0.4132131701990147,0.0006944444444444445,0.0
k4_hierarchical,1800,24.0,gmm_full_spec,initial,20,0.36350000000000005,0.044129402426777875,0.43043984284560766,0.41271217399917076,0.0006944444444444445,0.0
k4_hierarchical,1800,24.0,gmm_full_spec_degree,decoded,20,0.6264722222222223,0.06598020727299116,0.11264161313855044,0.4347868022505281,0.0006944444444444445,0.0
k4_hierarchical,1800,24.0,gmm_full_spec_degree,initial,20,0.35875,0.028131014265623883,0.4220490413780156,0.43431106009993525,0.0006944444444444445,0.0
k4_hierarchical,1800,24.0,gmm_tied_spec,decoded,20,0.5087777777777778,0.11293166408822722,0.36334330072629817,0.22700596560025588,0.0006944444444444445,0.0
k4_hierarchical,1800,24.0,gmm_tied_spec,initial,20,0.3955833333333333,0.07551501212692885,0.48589951068342396,0.2265379609507363,0.0006944444444444445,0.0
k4_hierarchical,1800,24.0,km_ASE,decoded,20,0.47347222222222224,0.023902739762653648,0.4586409533133903,0.01152287180229905,0.0006944444444444445,0.0
k4_hierarchical,1800,24.0,km_ASE,initial,20,0.4774166666666667,0.024992705238523115,0.4506941098392951,0.011110511801598477,0.0006944444444444445,0.0
k4_hierarchical,1800,24.0,km_RRE,decoded,20,0.4579722222222222,0.02372634419178295,0.47210704258799624,0.011348447350974311,0.0006944444444444445,0.0
k4_hierarchical,1800,24.0,km_RRE,initial,20,0.45519444444444446,0.022978558104319924,0.4719450922588738,0.010936790950290742,0.0006944444444444445,0.0
k4_hierarchical,1800,24.0,km_classic_U,decoded,20,0.47405555555555556,0.021679108738264823,0.4563429824116659,0.012133638051818708,0.0006944444444444445,0.0
k4_hierarchical,1800,24.0,km_classic_U,initial,20,0.4813888888888889,0.021073758892047604,0.44098426507713845,0.011662302850891138,0.0006944444444444445,0.0
k4_hierarchical,1800,24.0,km_neighbor_degree,decoded,20,0.6526388888888889,0.05153204337571849,0.038675530162758535,0.011968804650314269,0.0006944444444444445,0.0
k4_hierarchical,1800,24.0,km_neighbor_degree,initial,20,0.27199999999999996,0.02277414034570854,0.46743165617982224,0.01154272094972839,0.0006944444444444445,0.0
k4_hierarchical,1800,24.0,km_spec,decoded,20,0.47086111111111106,0.022172806899938537,0.4600890592421051,0.011114919450119488,0.0006944444444444445,0.0
k4_hierarchical,1800,24.0,km_spec,initial,20,0.47377777777777774,0.022695687189949604,0.45108409208139905,0.01070709144914872,0.0006944444444444445,0.0
k4_hierarchical,1800,24.0,km_spec_degree,decoded,20,0.46005555555555555,0.023802645901597343,0.4689557460875428,0.01187695524931769,0.0006944444444444445,0.0
k4_hierarchical,1800,24.0,km_spec_degree,initial,20,0.46641666666666665,0.022253979501175223,0.4401829270228628,0.011449788399477256,0.0006944444444444445,0.0
k4_hierarchical,1800,24.0,poisson_gaussian,decoded,20,0.5905555555555556,0.07266843712634781,0.11291121742737993,0.3599205898004584,0.0006944444444444445,0.0
k4_hierarchical,1800,24.0,poisson_gaussian,initial,20,0.28594444444444445,0.0239463473280869,0.4825903088420255,0.35945659119970513,0.0006944444444444445,0.0
k4_hierarchical,1800,24.0,raw_bernoulli_vem,initial,20,0.2441111111111111,0.04947035919867839,0.5661600400405582,0.37953125599997295,0.0006944444444444445,0.0
k4_hierarchical,1800,24.0,spectral_bernoulli_surrogate,decoded,20,0.5686944444444444,0.07074634034255657,0.14388441307919572,0.46519235389969255,0.0006944444444444445,0.0
k4_hierarchical,1800,24.0,spectral_bernoulli_surrogate,initial,20,0.3975277777777778,0.02658520390981752,0.40656728096996514,0.4647144473503431,0.0006944444444444445,0.0
k4_hierarchical,1800,64.0,edge_only_oracle,reference,20,0.02280555555555554,0.0036784102210582624,0.9411624976408781,0.0,2.777777777777778e-05,0.0
k4_hierarchical,1800,64.0,gmm_full_neighbor_degree,decoded,20,0.5130555555555556,0.1583443106895391,0.18920533442389365,0.3700862579007662,2.777777777777778e-05,0.0
k4_hierarchical,1800,64.0,gmm_full_neighbor_degree,initial,20,0.06805555555555556,0.022296294677261574,0.8405639054007639,0.36955718010067357,2.777777777777778e-05,0.0
k4_hierarchical,1800,64.0,gmm_full_spec,decoded,20,0.43261111111111117,0.12290163369927964,0.4237548766758116,0.35095248420038844,2.777777777777778e-05,0.0
k4_hierarchical,1800,64.0,gmm_full_spec,initial,20,0.26944444444444443,0.0977717967336042,0.659679684105245,0.35043833359995913,2.777777777777778e-05,0.0
k4_hierarchical,1800,64.0,gmm_full_spec_degree,decoded,20,0.3809444444444444,0.1375071738928366,0.4493957293805894,0.3757244875498145,2.777777777777778e-05,0.0
k4_hierarchical,1800,64.0,gmm_full_spec_degree,initial,20,0.2350833333333333,0.08102680770739681,0.6698459528627556,0.37522519970043505,2.777777777777778e-05,0.0
k4_hierarchical,1800,64.0,gmm_tied_spec,decoded,20,0.5819166666666666,0.11494687235104682,0.1294246985610322,0.1497327557499375,2.777777777777778e-05,0.0
k4_hierarchical,1800,64.0,gmm_tied_spec,initial,20,0.11761111111111108,0.08829592057758544,0.7788146261697004,0.14925995730009162,2.777777777777778e-05,0.0
k4_hierarchical,1800,64.0,km_ASE,decoded,20,0.3760833333333333,0.004383629982772379,0.6095310559405266,0.010583301399310584,2.777777777777778e-05,0.0
k4_hierarchical,1800,64.0,km_ASE,initial,20,0.3815,0.005787834253080379,0.598426109701806,0.01014758314959181,2.777777777777778e-05,0.0
k4_hierarchical,1800,64.0,km_RRE,decoded,20,0.3754444444444444,0.005944294144681329,0.6117394450155255,0.010218611049640457,2.777777777777778e-05,0.0
k4_hierarchical,1800,64.0,km_RRE,initial,20,0.3750277777777778,0.0064725014371416765,0.6108942345415398,0.009780157049681293,2.777777777777778e-05,0.0
k4_hierarchical,1800,64.0,km_classic_U,decoded,20,0.3770277777777778,0.006340139463848778,0.6073125255158208,0.01148275339983229,2.777777777777778e-05,0.0
k4_hierarchical,1800,64.0,km_classic_U,initial,20,0.38872222222222225,0.008115275707273781,0.5846223420212903,0.011004691449852545,2.777777777777778e-05,0.0
k4_hierarchical,1800,64.0,km_neighbor_degree,decoded,20,0.6435833333333333,0.0702949034908657,0.04665640108478391,0.010821202198712854,2.777777777777778e-05,0.0
k4_hierarchical,1800,64.0,km_neighbor_degree,initial,20,0.07444444444444445,0.008634894527947173,0.8238057063449833,0.01040662914965651,2.777777777777778e-05,0.0
k4_hierarchical,1800,64.0,km_spec,decoded,20,0.3756666666666667,0.005763928520965713,0.6087507758404639,0.011037614598899381,2.777777777777778e-05,0.0
k4_hierarchical,1800,64.0,km_spec,initial,20,0.3844722222222222,0.006569652303129574,0.5921023657731654,0.010592066449680715,2.777777777777778e-05,0.0
k4_hierarchical,1800,64.0,km_spec_degree,decoded,20,0.3761111111111111,0.005605042749482087,0.6100840207732413,0.011495565249060747,2.777777777777778e-05,0.0
k4_hierarchical,1800,64.0,km_spec_degree,initial,20,0.3803333333333333,0.0062657209688318635,0.6008090311891882,0.01106802614958724,2.777777777777778e-05,0.0
k4_hierarchical,1800,64.0,poisson_gaussian,decoded,20,0.5885,0.11260099069685368,0.09806388585334617,0.21107564135090798,2.777777777777778e-05,0.0
k4_hierarchical,1800,64.0,poisson_gaussian,initial,20,0.05622222222222224,0.006592176432973923,0.8629988702645294,0.21061950490002346,2.777777777777778e-05,0.0
k4_hierarchical,1800,64.0,raw_bernoulli_vem,initial,20,0.0295,0.005379973936568342,0.9248802483311431,0.24080613575060852,2.777777777777778e-05,0.0
k4_hierarchical,1800,64.0,spectral_bernoulli_surrogate,decoded,20,0.5960555555555556,0.08403484456292372,0.08659169407023988,0.16804637325149088,2.777777777777778e-05,0.0
k4_hierarchical,1800,64.0,spectral_bernoulli_surrogate,initial,20,0.09161111111111112,0.007068540337871897,0.7941909225191328,0.16758733780043258,2.777777777777778e-05,0.0
k4_hierarchical,1800,96.0,edge_only_oracle,reference,20,0.008277777777777768,0.0026176042198643853,0.9782432293420891,0.0,0.0,0.0
k4_hierarchical,1800,96.0,gmm_full_neighbor_degree,decoded,20,0.5281111111111111,0.17807325591013196,0.17264200052274853,0.2030527624014212,0.0,0.0
k4_hierarchical,1800,96.0,gmm_full_neighbor_degree,initial,20,0.02330555555555556,0.003926199464522604,0.9404811002970815,0.20254302580106015,0.0,0.0
k4_hierarchical,1800,96.0,gmm_full_spec,decoded,20,0.3522222222222222,0.13966391945080614,0.5121720290156685,0.27429226324893535,0.0,0.0
k4_hierarchical,1800,96.0,gmm_full_spec,initial,20,0.20822222222222223,0.12048750336253428,0.7298831447863431,0.27379069999951755,0.0,0.0
k4_hierarchical,1800,96.0,gmm_full_spec_degree,decoded,20,0.4330833333333334,0.1843605349718337,0.37391129409676527,0.26332064180132875,0.0,0.0
k4_hierarchical,1800,96.0,gmm_full_spec_degree,initial,20,0.14455555555555555,0.11683899831377174,0.7870559990486217,0.26282086225073725,0.0,0.0
k4_hierarchical,1800,96.0,gmm_tied_spec,decoded,20,0.5586666666666666,0.15404133517815854,0.18053371058826756,0.11635321489957277,0.0,0.0
k4_hierarchical,1800,96.0,gmm_tied_spec,initial,20,0.0986388888888889,0.112767835098837,0.837336159366456,0.11587483389994305,0.0,0.0
k4_hierarchical,1800,96.0,km_ASE,decoded,20,0.3685555555555556,0.0054025720055824915,0.6265540351454375,0.010614696850097971,0.0,0.0
k4_hierarchical,1800,96.0,km_ASE,initial,20,0.36930555555555555,0.006072111067290776,0.6224529090752374,0.010161754649379873,0.0,0.0
k4_hierarchical,1800,96.0,km_RRE,decoded,20,0.37527777777777777,0.03282334032233053,0.6025625884372171,0.009989962100371485,0.0,0.0
k4_hierarchical,1800,96.0,km_RRE,initial,20,0.3511666666666667,0.06894142969031967,0.6387949758416186,0.009569081000154255,0.0,0.0
k4_hierarchical,1800,96.0,km_classic_U,decoded,20,0.3685,0.005929244928243677,0.6261863421295562,0.011706057500850875,0.0,0.0
k4_hierarchical,1800,96.0,km_classic_U,initial,20,0.3749444444444444,0.00657564569523722,0.6123010433788386,0.011207043950344086,0.0,0.0
k4_hierarchical,1800,96.0,km_neighbor_degree,decoded,20,0.5671666666666667,0.19664154694698932,0.14635595000196838,0.010453911251897808,0.0,0.0
k4_hierarchical,1800,96.0,km_neighbor_degree,initial,20,0.03130555555555556,0.0044782159900502,0.9211955117061128,0.010024121101014315,0.0,0.0
k4_hierarchical,1800,96.0,km_spec,decoded,20,0.36822222222222223,0.005976997275074729,0.626420028622572,0.010901164649112616,0.0,0.0
k4_hierarchical,1800,96.0,km_spec,initial,20,0.3723888888888889,0.006426219440409456,0.6165626096277971,0.010476286799530499,0.0,0.0
k4_hierarchical,1800,96.0,km_spec_degree,decoded,20,0.36869444444444444,0.0056749595321912,0.6264596165618961,0.011101114800476352,0.0,0.0
k4_hierarchical,1800,96.0,km_spec_degree,initial,20,0.37044444444444447,0.006760066976226403,0.6210802248254605,0.010647042300115572,0.0,0.0
k4_hierarchical,1800,96.0,poisson_gaussian,decoded,20,0.5638888888888889,0.18465551932913743,0.14142489669884026,0.15757642964963453,0.0,0.0
k4_hierarchical,1800,96.0,poisson_gaussian,initial,20,0.021972222222222226,0.004040386596187766,0.943697113002063,0.1570968232499581,0.0,0.0
k4_hierarchical,1800,96.0,raw_bernoulli_vem,initial,20,0.009166666666666662,0.0026704407990214923,0.9759458829803718,0.22823857064904587,0.0,0.0
k4_hierarchical,1800,96.0,spectral_bernoulli_surrogate,decoded,20,0.5671111111111111,0.18044910042101908,0.14266939411373275,0.11331725914933485,0.0,0.0
k4_hierarchical,1800,96.0,spectral_bernoulli_surrogate,initial,20,0.054888888888888876,0.006589711791457718,0.8693049924496652,0.11284040354985336,0.0,0.0
