graph,model,n,k,ch,seed,restart,objective,n_iter,converged,errors,error_rate,exact
disassortative3_n1000_ch0.8_s20000,disassortative3,1000,3,0.8,20000,0,-97721.7801080803,4,True,3,0.003,0
disassortative3_n1000_ch0.8_s20000,disassortative3,1000,3,0.8,20000,1,-97721.78030975949,4,True,3,0.003,0
disassortative3_n1000_ch0.8_s20000,disassortative3,1000,3,0.8,20000,2,-97721.77994832103,3,True,3,0.003,0
disassortative3_n1000_ch0.8_s20000,disassortative3,1000,3,0.8,20000,3,-97721.78070911235,4,True,3,0.003,0
disassortative3_n1000_ch0.8_s20000,disassortative3,1000,3,0.8,20000,4,-97721.77992485673,4,True,3,0.003,0
disassortative3_n1000_ch0.8_s20000,disassortative3,1000,3,0.8,20000,5,-97721.78001506854,4,True,3,0.003,0
disassortative3_n1000_ch0.8_s20000,disassortative3,1000,3,0.8,20000,6,-97721.78032875175,6,True,3,0.003,0
disassortative3_n1000_ch0.8_s20000,disassortative3,1000,3,0.8,20000,7,-97721.77995321117,4,True,3,0.003,0
disassortative3_n1000_ch0.8_s20000,disassortative3,1000,3,0.8,20000,8,-97721.78002316259,5,True,3,0.003,0
disassortative3_n1000_ch0.8_s20000,disassortative3,1000,3,0.8,20000,9,-97721.77999806468,4,True,3,0.003,0
disassortative3_n1000_ch0.8_s20001,disassortative3,1000,3,0.8,20001,0,-96272.69596054009,5,True,6,0.006,0
disassortative3_n1000_ch0.8_s20001,disassortative3,1000,3,0.8,20001,1,-96272.69616452971,5,True,6,0.006,0
disassortative3_n1000_ch0.8_s20001,disassortative3,1000,3,0.8,20001,2,-96272.69613237274,4,True,6,0.006,0
disassortative3_n1000_ch0.8_s20001,disassortative3,1000,3,0.8,20001,3,-96272.69598412623,4,True,6,0.006,0
disassortative3_n1000_ch0.8_s20001,disassortative3,1000,3,0.8,20001,4,-96272.69603250713,6,True,6,0.006,0
disassortative3_n1000_ch0.8_s20001,disassortative3,1000,3,0.8,20001,5,-96272.69598593266,4,True,6,0.006,0
disassortative3_n1000_ch0.8_s20001,disassortative3,1000,3,0.8,20001,6,-96272.69595799549,5,True,6,0.006,0
disassortative3_n1000_ch0.8_s20001,disassortative3,1000,3,0.8,20001,7,-96272.69596125087,5,True,6,0.006,0
disassortative3_n1000_ch0.8_s20001,disassortative3,1000,3,0.8,20001,8,-96272.695985593,6,True,6,0.006,0
disassortative3_n1000_ch0.8_s20001,disassortative3,1000,3,0.8,20001,9,-96272.69608936938,5,True,6,0.006,0
disassortative3_n1000_ch0.8_s20002,disassortative3,1000,3,0.8,20002,0,-95988.74569500446,4,True,8,0.008,0
disassortative3_n1000_ch0.8_s20002,disassortative3,1000,3,0.8,20002,1,-95988.7453606112,7,True,8,0.008,0
disassortative3_n1000_ch0.8_s20002,disassortative3,1000,3,0.8,20002,2,-95988.74554994388,24,True,8,0.008,0
disassortative3_n1000_ch0.8_s20002,disassortative3,1000,3,0.8,20002,3,-95988.74551843239,3,True,8,0.008,0
disassortative3_n1000_ch0.8_s20002,disassortative3,1000,3,0.8,20002,4,-95988.74558086874,4,True,8,0.008,0
disassortative3_n1000_ch0.8_s20002,disassortative3,1000,3,0.8,20002,5,-95988.74584369968,3,True,8,0.008,0
disassortative3_n1000_ch0.8_s20002,disassortative3,1000,3,0.8,20002,6,-95988.74535684835,5,True,8,0.008,0
disassortative3_n1000_ch0.8_s20002,disassortative3,1000,3,0.8,20002,7,-95988.74593100851,4,True,8,0.008,0
disassortative3_n1000_ch0.8_s20002,disassortative3,1000,3,0.8,20002,8,-95988.74536559715,4,True,8,0.008,0
disassortative3_n1000_ch0.8_s20002,disassortative3,1000,3,0.8,20002,9,-95988.74536082824,5,True,8,0.008,0
disassortative3_n1000_ch0.8_s20003,disassortative3,1000,3,0.8,20003,0,-96242.51323972116,4,True,7,0.007,0
disassortative3_n1000_ch0.8_s20003,disassortative3,1000,3,0.8,20003,1,-96242.51316961151,3,True,7,0.007,0
disassortative3_n1000_ch0.8_s20003,disassortative3,1000,3,0.8,20003,2,-96242.51314790988,33,True,7,0.007,0
disassortative3_n1000_ch0.8_s20003,disassortative3,1000,3,0.8,20003,3,-96242.51317900952,4,True,7,0.007,0
disassortative3_n1000_ch0.8_s20003,disassortative3,1000,3,0.8,20003,4,-96242.51315189942,5,True,7,0.007,0
disassortative3_n1000_ch0.8_s20003,disassortative3,1000,3,0.8,20003,5,-96242.51315789169,4,True,7,0.007,0
disassortative3_n1000_ch0.8_s20003,disassortative3,1000,3,0.8,20003,6,-96242.5131506113,4,True,7,0.007,0
disassortative3_n1000_ch0.8_s20003,disassortative3,1000,3,0.8,20003,7,-96242.5132725773,4,True,7,0.007,0
disassortative3_n1000_ch0.8_s20003,disassortative3,1000,3,0.8,20003,8,-96242.51314937258,4,True,7,0.007,0
disassortative3_n1000_ch0.8_s20003,disassortative3,1000,3,0.8,20003,9,-96242.51326462853,4,True,7,0.007,0
disassortative3_n1000_ch0.8_s20004,disassortative3,1000,3,0.8,20004,0,-95693.05915079288,13,True,6,0.006,0
disassortative3_n1000_ch0.8_s20004,disassortative3,1000,3,0.8,20004,1,-95693.05914889702,5,True,6,0.006,0
disassortative3_n1000_ch0.8_s20004,disassortative3,1000,3,0.8,20004,2,-95693.05959700275,4,True,6,0.006,0
disassortative3_n1000_ch0.8_s20004,disassortative3,1000,3,0.8,20004,3,-95693.05968116353,5,True,6,0.006,0
disassortative3_n1000_ch0.8_s20004,disassortative3,1000,3,0.8,20004,4,-95693.05919629495,4,True,6,0.006,0
disassortative3_n1000_ch0.8_s20004,disassortative3,1000,3,0.8,20004,5,-95693.05925497334,4,True,6,0.006,0
disassortative3_n1000_ch0.8_s20004,disassortative3,1000,3,0.8,20004,6,-95693.05916219126,5,True,6,0.006,0
disassortative3_n1000_ch0.8_s20004,disassortative3,1000,3,0.8,20004,7,-95693.06011002036,4,True,6,0.006,0
disassortative3_n1000_ch0.8_s20004,disassortative3,1000,3,0.8,20004,8,-95693.05918944419,4,True,6,0.006,0
disassortative3_n1000_ch0.8_s20004,disassortative3,1000,3,0.8,20004,9,-95693.05917747974,5,True,6,0.006,0
disassortative3_n1000_ch1.4_s20000,disassortative3,1000,3,1.4,20000,0,-147382.90968004285,3,True,0,0.0,1
disassortative3_n1000_ch1.4_s20000,disassortative3,1000,3,1.4,20000,1,-147382.90968004288,3,True,0,0.0,1
disassortative3_n1000_ch1.4_s20000,disassortative3,1000,3,1.4,20000,2,-147382.90968004285,3,True,0,0.0,1
disassortative3_n1000_ch1.4_s20000,disassortative3,1000,3,1.4,20000,3,-147382.90968004285,3,True,0,0.0,1
disassortative3_n1000_ch1.4_s20000,disassortative3,1000,3,1.4,20000,4,-147382.90968005086,3,True,0,0.0,1
disassortative3_n1000_ch1.4_s20000,disassortative3,1000,3,1.4,20000,5,-147382.90968004285,3,True,0,0.0,1
disassortative3_n1000_ch1.4_s20000,disassortative3,1000,3,1.4,20000,6,-147382.90968004713,2,True,0,0.0,1
disassortative3_n1000_ch1.4_s20000,disassortative3,1000,3,1.4,20000,7,-147382.909680043,2,True,0,0.0,1
disassortative3_n1000_ch1.4_s20000,disassortative3,1000,3,1.4,20000,8,-147382.9096800487,3,True,0,0.0,1
disassortative3_n1000_ch1.4_s20000,disassortative3,1000,3,1.4,20000,9,-147382.9096800429,3,True,0,0.0,1
disassortative3_n1000_ch1.4_s20001,disassortative3,1000,3,1.4,20001,0,-145863.67661950027,3,True,0,0.0,1
disassortative3_n1000_ch1.4_s20001,disassortative3,1000,3,1.4,20001,1,-145863.67661950024,3,True,0,0.0,1
disassortative3_n1000_ch1.4_s20001,disassortative3,1000,3,1.4,20001,2,-145863.67661950024,3,True,0,0.0,1
disassortative3_n1000_ch1.4_s20001,disassortative3,1000,3,1.4,20001,3,-145863.67661950024,3,True,0,0.0,1
disassortative3_n1000_ch1.4_s20001,disassortative3,1000,3,1.4,20001,4,-145863.67661950027,3,True,0,0.0,1
disassortative3_n1000_ch1.4_s20001,disassortative3,1000,3,1.4,20001,5,-145863.67661950027,3,True,0,0.0,1
disassortative3_n1000_ch1.4_s20001,disassortative3,1000,3,1.4,20001,6,-145863.67661950027,3,True,0,0.0,1
disassortative3_n1000_ch1.4_s20001,disassortative3,1000,3,1.4,20001,7,-145863.67661950033,2,True,0,0.0,1
disassortative3_n1000_ch1.4_s20001,disassortative3,1000,3,1.4,20001,8,-145863.67661950033,2,True,0,0.0,1
disassortative3_n1000_ch1.4_s20001,disassortative3,1000,3,1.4,20001,9,-145863.67661950027,3,True,0,0.0,1
disassortative3_n1000_ch1.4_s20002,disassortative3,1000,3,1.4,20002,0,-145429.20253497263,3,True,0,0.0,1
disassortative3_n1000_ch1.4_s20002,disassortative3,1000,3,1.4,20002,1,-145429.20253497263,3,True,0,0.0,1
disassortative3_n1000_ch1.4_s20002,disassortative3,1000,3,1.4,20002,2,-145429.20253497263,3,True,0,0.0,1
disassortative3_n1000_ch1.4_s20002,disassortative3,1000,3,1.4,20002,3,-145429.20253497263,3,True,0,0.0,1
disassortative3_n1000_ch1.4_s20002,disassortative3,1000,3,1.4,20002,4,-145429.20253497263,3,True,0,0.0,1
disassortative3_n1000_ch1.4_s20002,disassortative3,1000,3,1.4,20002,5,-145429.20253497263,3,True,0,0.0,1
disassortative3_n1000_ch1.4_s20002,disassortative3,1000,3,1.4,20002,6,-145429.20253497263,3,True,0,0.0,1
disassortative3_n1000_ch1.4_s20002,disassortative3,1000,3,1.4,20002,7,-145429.20253497263,2,True,0,0.0,1
disassortative3_n1000_ch1.4_s20002,disassortative3,1000,3,1.4,20002,8,-145429.20253497263,2,True,0,0.0,1
disassortative3_n1000_ch1.4_s20002,disassortative3,1000,3,1.4,20002,9,-145429.20253497275,2,True,0,0.0,1
disassortative3_n1000_ch1.4_s20003,disassortative3,1000,3,1.4,20003,0,-145597.23273789667,2,True,0,0.0,1
disassortative3_n1000_ch1.4_s20003,disassortative3,1000,3,1.4,20003,1,-145597.2327378967,3,True,0,0.0,1
disassortative3_n1000_ch1.4_s20003,disassortative3,1000,3,1.4,20003,2,-145597.23273789667,3,True,0,0.0,1
disassortative3_n1000_ch1.4_s20003,disassortative3,1000,3,1.4,20003,3,-145597.23273789667,3,True,0,0.0,1
disassortative3_n1000_ch1.4_s20003,disassortative3,1000,3,1.4,20003,4,-145597.23273789667,3,True,0,0.0,1
disassortative3_n1000_ch1.4_s20003,disassortative3,1000,3,1.4,20003,5,-145597.23273789667,3,True,0,0.0,1
disassortative3_n1000_ch1.4_s20003,disassortative3,1000,3,1.4,20003,6,-145597.23273789667,3,True,0,0.0,1
disassortative3_n1000_ch1.4_s20003,disassortative3,1000,3,1.4,20003,7,-145597.23273789667,3,True,0,0.0,1
disassortative3_n1000_ch1.4_s20003,disassortative3,1000,3,1.4,20003,8,-145597.2327378967,3,True,0,0.0,1
disassortative3_n1000_ch1.4_s20003,disassortative3,1000,3,1.4,20003,9,-145597.23273789667,3,True,0,0.0,1
disassortative3_n1000_ch1.4_s20004,disassortative3,1000,3,1.4,20004,0,-145504.9224776569,3,True,0,0.0,1
disassortative3_n1000_ch1.4_s20004,disassortative3,1000,3,1.4,20004,1,-145504.92247765517,3,True,0,0.0,1
disassortative3_n1000_ch1.4_s20004,disassortative3,1000,3,1.4,20004,2,-145504.92247765313,3,True,0,0.0,1
disassortative3_n1000_ch1.4_s20004,disassortative3,1000,3,1.4,20004,3,-145504.922477653,4,True,0,0.0,1
disassortative3_n1000_ch1.4_s20004,disassortative3,1000,3,1.4,20004,4,-145504.92247828504,2,True,0,0.0,1
disassortative3_n1000_ch1.4_s20004,disassortative3,1000,3,1.4,20004,5,-145504.92247779347,3,True,0,0.0,1
disassortative3_n1000_ch1.4_s20004,disassortative3,1000,3,1.4,20004,6,-145504.92247765296,3,True,0,0.0,1
disassortative3_n1000_ch1.4_s20004,disassortative3,1000,3,1.4,20004,7,-145504.92247765383,2,True,0,0.0,1
disassortative3_n1000_ch1.4_s20004,disassortative3,1000,3,1.4,20004,8,-145504.9224776532,3,True,0,0.0,1
disassortative3_n1000_ch1.4_s20004,disassortative3,1000,3,1.4,20004,9,-145504.922477653,3,True,0,0.0,1
disassortative3_n2000_ch0.8_s20000,disassortative3,2000,3,0.8,20000,0,-241719.64120984665,5,True,12,0.006,0
disassortative3_n2000_ch0.8_s20000,disassortative3,2000,3,0.8,20000,1,-241719.6414150156,4,True,12,0.006,0
disassortative3_n2000_ch0.8_s20000,disassortative3,2000,3,0.8,20000,2,-241719.64122569805,6,True,12,0.006,0
disassortative3_n2000_ch0.8_s20000,disassortative3,2000,3,0.8,20000,3,-241719.64147171623,3,True,12,0.006,0
disassortative3_n2000_ch0.8_s20000,disassortative3,2000,3,0.8,20000,4,-241719.6412319287,3,True,12,0.006,0
disassortative3_n2000_ch0.8_s20000,disassortative3,2000,3,0.8,20000,5,-241719.64125676831,4,True,12,0.006,0
disassortative3_n2000_ch0.8_s20000,disassortative3,2000,3,0.8,20000,6,-241719.64137015326,3,True,12,0.006,0
disassortative3_n2000_ch0.8_s20000,disassortative3,2000,3,0.8,20000,7,-241719.6412503037,3,True,12,0.006,0
disassortative3_n2000_ch0.8_s20000,disassortative3,2000,3,0.8,20000,8,-241719.64122556124,5,True,12,0.006,0
disassortative3_n2000_ch0.8_s20000,disassortative3,2000,3,0.8,20000,9,-241719.64143592998,3,True,12,0.006,0
disassortative3_n2000_ch0.8_s20001,disassortative3,2000,3,0.8,20001,0,-235550.18259835482,4,True,15,0.0075,0
disassortative3_n2000_ch0.8_s20001,disassortative3,2000,3,0.8,20001,1,-235550.18231802684,5,True,15,0.0075,0
disassortative3_n2000_ch0.8_s20001,disassortative3,2000,3,0.8,20001,2,-235550.18242972437,3,True,15,0.0075,0
disassortative3_n2000_ch0.8_s20001,disassortative3,2000,3,0.8,20001,3,-235550.1823046027,5,True,15,0.0075,0
disassortative3_n2000_ch0.8_s20001,disassortative3,2000,3,0.8,20001,4,-235550.18231490522,5,True,15,0.0075,0
disassortative3_n2000_ch0.8_s20001,disassortative3,2000,3,0.8,20001,5,-235550.18249007917,4,True,15,0.0075,0
disassortative3_n2000_ch0.8_s20001,disassortative3,2000,3,0.8,20001,6,-235550.18273838115,4,True,15,0.0075,0
disassortative3_n2000_ch0.8_s20001,disassortative3,2000,3,0.8,20001,7,-235550.18230982497,5,True,15,0.0075,0
disassortative3_n2000_ch0.8_s20001,disassortative3,2000,3,0.8,20001,8,-235550.1826472415,4,True,15,0.0075,0
disassortative3_n2000_ch0.8_s20001,disassortative3,2000,3,0.8,20001,9,-235550.1823481429,4,True,15,0.0075,0
disassortative3_n2000_ch0.8_s20002,disassortative3,2000,3,0.8,20002,0,-236361.97107334656,4,True,6,0.003,0
disassortative3_n2000_ch0.8_s20002,disassortative3,2000,3,0.8,20002,1,-236361.97101081302,4,True,6,0.003,0
disassortative3_n2000_ch0.8_s20002,disassortative3,2000,3,0.8,20002,2,-236361.97101237712,3,True,6,0.003,0
disassortative3_n2000_ch0.8_s20002,disassortative3,2000,3,0.8,20002,3,-236361.97101227858,4,True,6,0.003,0
disassortative3_n2000_ch0.8_s20002,disassortative3,2000,3,0.8,20002,4,-236361.97095457243,5,True,6,0.003,0
disassortative3_n2000_ch0.8_s20002,disassortative3,2000,3,0.8,20002,5,-236361.9709487191,5,True,6,0.003,0
disassortative3_n2000_ch0.8_s20002,disassortative3,2000,3,0.8,20002,6,-236361.97097429523,4,True,6,0.003,0
disassortative3_n2000_ch0.8_s20002,disassortative3,2000,3,0.8,20002,7,-236361.97101077263,4,True,6,0.003,0
disassortative3_n2000_ch0.8_s20002,disassortative3,2000,3,0.8,20002,8,-236361.97100386827,4,True,6,0.003,0
disassortative3_n2000_ch0.8_s20002,disassortative3,2000,3,0.8,20002,9,-236361.97094843423,5,True,6,0.003,0
disassortative3_n2000_ch0.8_s20003,disassortative3,2000,3,0.8,20003,0,-239392.59827856557,5,True,11,0.0055,0
disassortative3_n2000_ch0.8_s20003,disassortative3,2000,3,0.8,20003,1,-239392.59852322988,3,True,11,0.0055,0
disassortative3_n2000_ch0.8_s20003,disassortative3,2000,3,0.8,20003,2,-239392.59926365217,4,True,11,0.0055,0
disassortative3_n2000_ch0.8_s20003,disassortative3,2000,3,0.8,20003,3,-239392.59859698205,5,True,11,0.0055,0
disassortative3_n2000_ch0.8_s20003,disassortative3,2000,3,0.8,20003,4,-239392.59835794184,5,True,11,0.0055,0
disassortative3_n2000_ch0.8_s20003,disassortative3,2000,3,0.8,20003,5,-239392.59828545805,4,True,11,0.0055,0
disassortative3_n2000_ch0.8_s20003,disassortative3,2000,3,0.8,20003,6,-239392.59837086295,4,True,11,0.0055,0
disassortative3_n2000_ch0.8_s20003,disassortative3,2000,3,0.8,20003,7,-239392.59857939347,5,True,11,0.0055,0
disassortative3_n2000_ch0.8_s20003,disassortative3,2000,3,0.8,20003,8,-239392.59842275162,7,True,11,0.0055,0
disassortative3_n2000_ch0.8_s20003,disassortative3,2000,3,0.8,20003,9,-239392.5985425776,4,True,11,0.0055,0
disassortative3_n2000_ch0.8_s20004,disassortative3,2000,3,0.8,20004,0,-239333.53081974667,4,True,13,0.0065,0
disassortative3_n2000_ch0.8_s20004,disassortative3,2000,3,0.8,20004,1,-239333.53117410972,3,True,13,0.0065,0
disassortative3_n2000_ch0.8_s20004,disassortative3,2000,3,0.8,20004,2,-239333.53080513948,4,True,13,0.0065,0
disassortative3_n2000_ch0.8_s20004,disassortative3,2000,3,0.8,20004,3,-239333.53083172487,4,True,13,0.0065,0
disassortative3_n2000_ch0.8_s20004,disassortative3,2000,3,0.8,20004,4,-239333.5308169126,4,True,13,0.0065,0
disassortative3_n2000_ch0.8_s20004,disassortative3,2000,3,0.8,20004,5,-239333.53091661408,4,True,13,0.0065,0
disassortative3_n2000_ch0.8_s20004,disassortative3,2000,3,0.8,20004,6,-239333.53081790562,4,True,13,0.0065,0
disassortative3_n2000_ch0.8_s20004,disassortative3,2000,3,0.8,20004,7,-239333.53094486234,4,True,13,0.0065,0
disassortative3_n2000_ch0.8_s20004,disassortative3,2000,3,0.8,20004,8,-239333.53082068663,5,True,13,0.0065,0
disassortative3_n2000_ch0.8_s20004,disassortative3,2000,3,0.8,20004,9,-239333.53082608723,4,True,13,0.0065,0
disassortative3_n2000_ch1.4_s20000,disassortative3,2000,3,1.4,20000,0,-370862.5198597661,3,True,0,0.0,1
disassortative3_n2000_ch1.4_s20000,disassortative3,2000,3,1.4,20000,1,-370862.5198597661,3,True,0,0.0,1
disassortative3_n2000_ch1.4_s20000,disassortative3,2000,3,1.4,20000,2,-370862.5198597661,3,True,0,0.0,1
disassortative3_n2000_ch1.4_s20000,disassortative3,2000,3,1.4,20000,3,-370862.5198597661,3,True,0,0.0,1
disassortative3_n2000_ch1.4_s20000,disassortative3,2000,3,1.4,20000,4,-370862.51985976624,2,True,0,0.0,1
disassortative3_n2000_ch1.4_s20000,disassortative3,2000,3,1.4,20000,5,-370862.5198597661,3,True,0,0.0,1
disassortative3_n2000_ch1.4_s20000,disassortative3,2000,3,1.4,20000,6,-370862.5198597663,2,True,0,0.0,1
disassortative3_n2000_ch1.4_s20000,disassortative3,2000,3,1.4,20000,7,-370862.51985976635,2,True,0,0.0,1
disassortative3_n2000_ch1.4_s20000,disassortative3,2000,3,1.4,20000,8,-370862.5198597661,3,True,0,0.0,1
disassortative3_n2000_ch1.4_s20000,disassortative3,2000,3,1.4,20000,9,-370862.5198597661,3,True,0,0.0,1
disassortative3_n2000_ch1.4_s20001,disassortative3,2000,3,1.4,20001,0,-366797.20505284367,3,True,0,0.0,1
disassortative3_n2000_ch1.4_s20001,disassortative3,2000,3,1.4,20001,1,-366797.2050528431,3,True,0,0.0,1
disassortative3_n2000_ch1.4_s20001,disassortative3,2000,3,1.4,20001,2,-366797.2050528431,3,True,0,0.0,1
disassortative3_n2000_ch1.4_s20001,disassortative3,2000,3,1.4,20001,3,-366797.2050529482,2,True,0,0.0,1
disassortative3_n2000_ch1.4_s20001,disassortative3,2000,3,1.4,20001,4,-366797.2050529703,2,True,0,0.0,1
disassortative3_n2000_ch1.4_s20001,disassortative3,2000,3,1.4,20001,5,-366797.2050528431,3,True,0,0.0,1
disassortative3_n2000_ch1.4_s20001,disassortative3,2000,3,1.4,20001,6,-366797.2050528431,3,True,0,0.0,1
disassortative3_n2000_ch1.4_s20001,disassortative3,2000,3,1.4,20001,7,-366797.20505289634,2,True,0,0.0,1
disassortative3_n2000_ch1.4_s20001,disassortative3,2000,3,1.4,20001,8,-366797.20505284384,3,True,0,0.0,1
disassortative3_n2000_ch1.4_s20001,disassortative3,2000,3,1.4,20001,9,-366797.2050528445,3,True,0,0.0,1
disassortative3_n2000_ch1.4_s20002,disassortative3,2000,3,1.4,20002,0,-366534.28473139636,2,True,0,0.0,1
disassortative3_n2000_ch1.4_s20002,disassortative3,2000,3,1.4,20002,1,-366534.28473139636,2,True,0,0.0,1
disassortative3_n2000_ch1.4_s20002,disassortative3,2000,3,1.4,20002,2,-366534.2847313964,2,True,0,0.0,1
disassortative3_n2000_ch1.4_s20002,disassortative3,2000,3,1.4,20002,3,-366534.28473139636,3,True,0,0.0,1
disassortative3_n2000_ch1.4_s20002,disassortative3,2000,3,1.4,20002,4,-366534.28473139636,3,True,0,0.0,1
disassortative3_n2000_ch1.4_s20002,disassortative3,2000,3,1.4,20002,5,-366534.2847313964,3,True,0,0.0,1
disassortative3_n2000_ch1.4_s20002,disassortative3,2000,3,1.4,20002,6,-366534.28473139636,3,True,0,0.0,1
disassortative3_n2000_ch1.4_s20002,disassortative3,2000,3,1.4,20002,7,-366534.28473139636,3,True,0,0.0,1
disassortative3_n2000_ch1.4_s20002,disassortative3,2000,3,1.4,20002,8,-366534.28473139636,3,True,0,0.0,1
disassortative3_n2000_ch1.4_s20002,disassortative3,2000,3,1.4,20002,9,-366534.28473139636,3,True,0,0.0,1
disassortative3_n2000_ch1.4_s20003,disassortative3,2000,3,1.4,20003,0,-369249.8319347089,2,True,0,0.0,1
disassortative3_n2000_ch1.4_s20003,disassortative3,2000,3,1.4,20003,1,-369249.8319347089,3,True,0,0.0,1
disassortative3_n2000_ch1.4_s20003,disassortative3,2000,3,1.4,20003,2,-369249.83193470887,3,True,0,0.0,1
disassortative3_n2000_ch1.4_s20003,disassortative3,2000,3,1.4,20003,3,-369249.8319347089,2,True,0,0.0,1
disassortative3_n2000_ch1.4_s20003,disassortative3,2000,3,1.4,20003,4,-369249.83193470887,3,True,0,0.0,1
disassortative3_n2000_ch1.4_s20003,disassortative3,2000,3,1.4,20003,5,-369249.83193470887,3,True,0,0.0,1
disassortative3_n2000_ch1.4_s20003,disassortative3,2000,3,1.4,20003,6,-369249.8319347089,3,True,0,0.0,1
disassortative3_n2000_ch1.4_s20003,disassortative3,2000,3,1.4,20003,7,-369249.831934709,3,True,0,0.0,1
disassortative3_n2000_ch1.4_s20003,disassortative3,2000,3,1.4,20003,8,-369249.8319347095,2,True,0,0.0,1
disassortative3_n2000_ch1.4_s20003,disassortative3,2000,3,1.4,20003,9,-369249.8319347089,3,True,0,0.0,1
disassortative3_n2000_ch1.4_s20004,disassortative3,2000,3,1.4,20004,0,-368771.7107162924,3,True,0,0.0,1
disassortative3_n2000_ch1.4_s20004,disassortative3,2000,3,1.4,20004,1,-368771.7107162945,2,True,0,0.0,1
disassortative3_n2000_ch1.4_s20004,disassortative3,2000,3,1.4,20004,2,-368771.71071629226,3,True,0,0.0,1
disassortative3_n2000_ch1.4_s20004,disassortative3,2000,3,1.4,20004,3,-368771.7107162925,3,True,0,0.0,1
disassortative3_n2000_ch1.4_s20004,disassortative3,2000,3,1.4,20004,4,-368771.71071629226,3,True,0,0.0,1
disassortative3_n2000_ch1.4_s20004,disassortative3,2000,3,1.4,20004,5,-368771.7107162932,3,True,0,0.0,1
disassortative3_n2000_ch1.4_s20004,disassortative3,2000,3,1.4,20004,6,-368771.7107164055,2,True,0,0.0,1
disassortative3_n2000_ch1.4_s20004,disassortative3,2000,3,1.4,20004,7,-368771.71071629226,3,True,0,0.0,1
disassortative3_n2000_ch1.4_s20004,disassortative3,2000,3,1.4,20004,8,-368771.71071629255,4,True,0,0.0,1
disassortative3_n2000_ch1.4_s20004,disassortative3,2000,3,1.4,20004,9,-368771.71071636095,2,True,0,0.0,1
equal3_n1000_ch0.8_s20000,equal3,1000,3,0.8,20000,0,-102694.05365354553,3,True,1,0.001,0
equal3_n1000_ch0.8_s20000,equal3,1000,3,0.8,20000,1,-102694.05365833419,2,True,1,0.001,0
equal3_n1000_ch0.8_s20000,equal3,1000,3,0.8,20000,2,-102694.05363355481,3,True,1,0.001,0
equal3_n1000_ch0.8_s20000,equal3,1000,3,0.8,20000,3,-102694.05364946702,3,True,1,0.001,0
equal3_n1000_ch0.8_s20000,equal3,1000,3,0.8,20000,4,-102694.05362971616,4,True,1,0.001,0
equal3_n1000_ch0.8_s20000,equal3,1000,3,0.8,20000,5,-102694.05363062845,3,True,1,0.001,0
equal3_n1000_ch0.8_s20000,equal3,1000,3,0.8,20000,6,-102694.05364510365,3,True,1,0.001,0
equal3_n1000_ch0.8_s20000,equal3,1000,3,0.8,20000,7,-102694.05362992531,4,True,1,0.001,0
equal3_n1000_ch0.8_s20000,equal3,1000,3,0.8,20000,8,-102694.05364658534,3,True,1,0.001,0
equal3_n1000_ch0.8_s20000,equal3,1000,3,0.8,20000,9,-102694.05363078632,3,True,1,0.001,0
equal3_n1000_ch0.8_s20001,equal3,1000,3,0.8,20001,0,-99411.97979762612,4,True,0,0.0,1
equal3_n1000_ch0.8_s20001,equal3,1000,3,0.8,20001,1,-99411.97979315472,4,True,0,0.0,1
equal3_n1000_ch0.8_s20001,equal3,1000,3,0.8,20001,2,-99411.97980302048,4,True,0,0.0,1
equal3_n1000_ch0.8_s20001,equal3,1000,3,0.8,20001,3,-99411.97979792661,4,True,0,0.0,1
equal3_n1000_ch0.8_s20001,equal3,1000,3,0.8,20001,4,-99411.9797930646,4,True,0,0.0,1
equal3_n1000_ch0.8_s20001,equal3,1000,3,0.8,20001,5,-99411.97985979028,4,True,0,0.0,1
equal3_n1000_ch0.8_s20001,equal3,1000,3,0.8,20001,6,-99411.97979293103,3,True,0,0.0,1
equal3_n1000_ch0.8_s20001,equal3,1000,3,0.8,20001,7,-99411.97979307137,4,True,0,0.0,1
equal3_n1000_ch0.8_s20001,equal3,1000,3,0.8,20001,8,-99411.9797933435,4,True,0,0.0,1
equal3_n1000_ch0.8_s20001,equal3,1000,3,0.8,20001,9,-99411.97979380205,4,True,0,0.0,1
equal3_n1000_ch0.8_s20002,equal3,1000,3,0.8,20002,0,-100442.15166531198,3,True,0,0.0,1
equal3_n1000_ch0.8_s20002,equal3,1000,3,0.8,20002,1,-100442.15160884205,3,True,0,0.0,1
equal3_n1000_ch0.8_s20002,equal3,1000,3,0.8,20002,2,-100442.15160706751,3,True,0,0.0,1
equal3_n1000_ch0.8_s20002,equal3,1000,3,0.8,20002,3,-100442.15162165217,3,True,0,0.0,1
equal3_n1000_ch0.8_s20002,equal3,1000,3,0.8,20002,4,-100442.15161634707,3,True,0,0.0,1
equal3_n1000_ch0.8_s20002,equal3,1000,3,0.8,20002,5,-100442.15160771964,4,True,0,0.0,1
equal3_n1000_ch0.8_s20002,equal3,1000,3,0.8,20002,6,-100442.15166043756,3,True,0,0.0,1
equal3_n1000_ch0.8_s20002,equal3,1000,3,0.8,20002,7,-100442.15163338208,3,True,0,0.0,1
equal3_n1000_ch0.8_s20002,equal3,1000,3,0.8,20002,8,-100442.15161605766,3,True,0,0.0,1
equal3_n1000_ch0.8_s20002,equal3,1000,3,0.8,20002,9,-100442.15166772265,3,True,0,0.0,1
equal3_n1000_ch0.8_s20003,equal3,1000,3,0.8,20003,0,-101861.15691603205,3,True,0,0.0,1
equal3_n1000_ch0.8_s20003,equal3,1000,3,0.8,20003,1,-101861.15689139639,3,True,0,0.0,1
equal3_n1000_ch0.8_s20003,equal3,1000,3,0.8,20003,2,-101861.15702076296,3,True,0,0.0,1
equal3_n1000_ch0.8_s20003,equal3,1000,3,0.8,20003,3,-101861.15689745569,3,True,0,0.0,1
equal3_n1000_ch0.8_s20003,equal3,1000,3,0.8,20003,4,-101861.15688472366,4,True,0,0.0,1
equal3_n1000_ch0.8_s20003,equal3,1000,3,0.8,20003,5,-101861.15688703948,3,True,0,0.0,1
equal3_n1000_ch0.8_s20003,equal3,1000,3,0.8,20003,6,-101861.1569849211,3,True,0,0.0,1
equal3_n1000_ch0.8_s20003,equal3,1000,3,0.8,20003,7,-101861.15688346134,3,True,0,0.0,1
equal3_n1000_ch0.8_s20003,equal3,1000,3,0.8,20003,8,-101861.15688293808,3,True,0,0.0,1
equal3_n1000_ch0.8_s20003,equal3,1000,3,0.8,20003,9,-101861.15688251182,3,True,0,0.0,1
equal3_n1000_ch0.8_s20004,equal3,1000,3,0.8,20004,0,-100998.46032331328,3,True,1,0.001,0
equal3_n1000_ch0.8_s20004,equal3,1000,3,0.8,20004,1,-100998.46032479868,3,True,1,0.001,0
equal3_n1000_ch0.8_s20004,equal3,1000,3,0.8,20004,2,-100998.46032335897,4,True,1,0.001,0
equal3_n1000_ch0.8_s20004,equal3,1000,3,0.8,20004,3,-100998.46032329311,4,True,1,0.001,0
equal3_n1000_ch0.8_s20004,equal3,1000,3,0.8,20004,4,-100998.46032383059,3,True,1,0.001,0
equal3_n1000_ch0.8_s20004,equal3,1000,3,0.8,20004,5,-100998.46032329572,4,True,1,0.001,0
equal3_n1000_ch0.8_s20004,equal3,1000,3,0.8,20004,6,-100998.46032350203,3,True,1,0.001,0
equal3_n1000_ch0.8_s20004,equal3,1000,3,0.8,20004,7,-100998.46032374425,3,True,1,0.001,0
equal3_n1000_ch0.8_s20004,equal3,1000,3,0.8,20004,8,-100998.46032515279,3,True,1,0.001,0
equal3_n1000_ch0.8_s20004,equal3,1000,3,0.8,20004,9,-100998.46032337738,4,True,1,0.001,0
equal3_n1000_ch1.4_s20000,equal3,1000,3,1.4,20000,0,-153771.79175428321,2,True,0,0.0,1
equal3_n1000_ch1.4_s20000,equal3,1000,3,1.4,20000,1,-153771.79175428324,4,True,0,0.0,1
equal3_n1000_ch1.4_s20000,equal3,1000,3,1.4,20000,2,-153771.79175428324,3,True,0,0.0,1
equal3_n1000_ch1.4_s20000,equal3,1000,3,1.4,20000,3,-153771.79175428324,3,True,0,0.0,1
equal3_n1000_ch1.4_s20000,equal3,1000,3,1.4,20000,4,-153771.79175428324,2,True,0,0.0,1
equal3_n1000_ch1.4_s20000,equal3,1000,3,1.4,20000,5,-153771.79175428324,2,True,0,0.0,1
equal3_n1000_ch1.4_s20000,equal3,1000,3,1.4,20000,6,-153771.79175428324,2,True,0,0.0,1
equal3_n1000_ch1.4_s20000,equal3,1000,3,1.4,20000,7,-153771.79175428321,2,True,0,0.0,1
equal3_n1000_ch1.4_s20000,equal3,1000,3,1.4,20000,8,-153771.79175428324,2,True,0,0.0,1
equal3_n1000_ch1.4_s20000,equal3,1000,3,1.4,20000,9,-153771.79175428324,2,True,0,0.0,1
equal3_n1000_ch1.4_s20001,equal3,1000,3,1.4,20001,0,-151506.51969021795,3,True,0,0.0,1
equal3_n1000_ch1.4_s20001,equal3,1000,3,1.4,20001,1,-151506.51969021795,2,True,0,0.0,1
equal3_n1000_ch1.4_s20001,equal3,1000,3,1.4,20001,2,-151506.51969021795,2,True,0,0.0,1
equal3_n1000_ch1.4_s20001,equal3,1000,3,1.4,20001,3,-151506.51969021795,2,True,0,0.0,1
equal3_n1000_ch1.4_s20001,equal3,1000,3,1.4,20001,4,-151506.51969021795,3,True,0,0.0,1
equal3_n1000_ch1.4_s20001,equal3,1000,3,1.4,20001,5,-151506.51969021792,2,True,0,0.0,1
equal3_n1000_ch1.4_s20001,equal3,1000,3,1.4,20001,6,-151506.51969021795,2,True,0,0.0,1
equal3_n1000_ch1.4_s20001,equal3,1000,3,1.4,20001,7,-151506.51969021795,3,True,0,0.0,1
equal3_n1000_ch1.4_s20001,equal3,1000,3,1.4,20001,8,-151506.51969021795,3,True,0,0.0,1
equal3_n1000_ch1.4_s20001,equal3,1000,3,1.4,20001,9,-151506.51969021792,2,True,0,0.0,1
equal3_n1000_ch1.4_s20002,equal3,1000,3,1.4,20002,0,-153115.8081718516,2,True,0,0.0,1
equal3_n1000_ch1.4_s20002,equal3,1000,3,1.4,20002,1,-153115.80817185162,3,True,0,0.0,1
equal3_n1000_ch1.4_s20002,equal3,1000,3,1.4,20002,2,-153115.80817185162,2,True,0,0.0,1
equal3_n1000_ch1.4_s20002,equal3,1000,3,1.4,20002,3,-153115.80817185162,2,True,0,0.0,1
equal3_n1000_ch1.4_s20002,equal3,1000,3,1.4,20002,4,-153115.8081718516,2,True,0,0.0,1
equal3_n1000_ch1.4_s20002,equal3,1000,3,1.4,20002,5,-153115.8081718516,2,True,0,0.0,1
equal3_n1000_ch1.4_s20002,equal3,1000,3,1.4,20002,6,-153115.8081718516,2,True,0,0.0,1
equal3_n1000_ch1.4_s20002,equal3,1000,3,1.4,20002,7,-153115.8081718516,3,True,0,0.0,1
equal3_n1000_ch1.4_s20002,equal3,1000,3,1.4,20002,8,-153115.80817185162,3,True,0,0.0,1
equal3_n1000_ch1.4_s20002,equal3,1000,3,1.4,20002,9,-153115.80817185162,2,True,0,0.0,1
equal3_n1000_ch1.4_s20003,equal3,1000,3,1.4,20003,0,-154259.10668809907,2,True,0,0.0,1
equal3_n1000_ch1.4_s20003,equal3,1000,3,1.4,20003,1,-154259.10668809907,2,True,0,0.0,1
equal3_n1000_ch1.4_s20003,equal3,1000,3,1.4,20003,2,-154259.10668809907,2,True,0,0.0,1
equal3_n1000_ch1.4_s20003,equal3,1000,3,1.4,20003,3,-154259.10668809904,2,True,0,0.0,1
equal3_n1000_ch1.4_s20003,equal3,1000,3,1.4,20003,4,-154259.10668809904,2,True,0,0.0,1
equal3_n1000_ch1.4_s20003,equal3,1000,3,1.4,20003,5,-154259.1066881003,2,True,0,0.0,1
equal3_n1000_ch1.4_s20003,equal3,1000,3,1.4,20003,6,-154259.1066880991,2,True,0,0.0,1
equal3_n1000_ch1.4_s20003,equal3,1000,3,1.4,20003,7,-154259.10668810148,2,True,0,0.0,1
equal3_n1000_ch1.4_s20003,equal3,1000,3,1.4,20003,8,-154259.10668809907,2,True,0,0.0,1
equal3_n1000_ch1.4_s20003,equal3,1000,3,1.4,20003,9,-154259.10668809907,2,True,0,0.0,1
equal3_n1000_ch1.4_s20004,equal3,1000,3,1.4,20004,0,-153526.6822144356,2,True,0,0.0,1
equal3_n1000_ch1.4_s20004,equal3,1000,3,1.4,20004,1,-153526.68221443557,2,True,0,0.0,1
equal3_n1000_ch1.4_s20004,equal3,1000,3,1.4,20004,2,-153526.6822144356,3,True,0,0.0,1
equal3_n1000_ch1.4_s20004,equal3,1000,3,1.4,20004,3,-153526.6822144356,3,True,0,0.0,1
equal3_n1000_ch1.4_s20004,equal3,1000,3,1.4,20004,4,-153526.68221443566,2,True,0,0.0,1
equal3_n1000_ch1.4_s20004,equal3,1000,3,1.4,20004,5,-153526.68221443557,2,True,0,0.0,1
equal3_n1000_ch1.4_s20004,equal3,1000,3,1.4,20004,6,-153526.68221443557,3,True,0,0.0,1
equal3_n1000_ch1.4_s20004,equal3,1000,3,1.4,20004,7,-153526.6822144356,3,True,0,0.0,1
equal3_n1000_ch1.4_s20004,equal3,1000,3,1.4,20004,8,-153526.6822144356,2,True,0,0.0,1
equal3_n1000_ch1.4_s20004,equal3,1000,3,1.4,20004,9,-153526.6822144356,3,True,0,0.0,1
equal3_n2000_ch0.8_s20000,equal3,2000,3,0.8,20000,0,-257106.85697840166,3,True,0,0.0,1
equal3_n2000_ch0.8_s20000,equal3,2000,3,0.8,20000,1,-257106.85697742278,3,True,0,0.0,1
equal3_n2000_ch0.8_s20000,equal3,2000,3,0.8,20000,2,-257106.85697674612,3,True,0,0.0,1
equal3_n2000_ch0.8_s20000,equal3,2000,3,0.8,20000,3,-257106.85697720794,3,True,0,0.0,1
equal3_n2000_ch0.8_s20000,equal3,2000,3,0.8,20000,4,-257106.85697683308,4,True,0,0.0,1
equal3_n2000_ch0.8_s20000,equal3,2000,3,0.8,20000,5,-257106.85697664105,3,True,0,0.0,1
equal3_n2000_ch0.8_s20000,equal3,2000,3,0.8,20000,6,-257106.85697715572,3,True,0,0.0,1
equal3_n2000_ch0.8_s20000,equal3,2000,3,0.8,20000,7,-257106.85697719926,3,True,0,0.0,1
equal3_n2000_ch0.8_s20000,equal3,2000,3,0.8,20000,8,-257106.856989064,3,True,0,0.0,1
equal3_n2000_ch0.8_s20000,equal3,2000,3,0.8,20000,9,-257106.85705863952,2,True,0,0.0,1
equal3_n2000_ch0.8_s20001,equal3,2000,3,0.8,20001,0,-253411.44579270872,4,True,0,0.0,1
equal3_n2000_ch0.8_s20001,equal3,2000,3,0.8,20001,1,-253411.44579270875,4,True,0,0.0,1
equal3_n2000_ch0.8_s20001,equal3,2000,3,0.8,20001,2,-253411.4457927106,3,True,0,0.0,1
equal3_n2000_ch0.8_s20001,equal3,2000,3,0.8,20001,3,-253411.44579276862,3,True,0,0.0,1
equal3_n2000_ch0.8_s20001,equal3,2000,3,0.8,20001,4,-253411.44579270878,3,True,0,0.0,1
equal3_n2000_ch0.8_s20001,equal3,2000,3,0.8,20001,5,-253411.44579270977,3,True,0,0.0,1
equal3_n2000_ch0.8_s20001,equal3,2000,3,0.8,20001,6,-253411.44579270884,3,True,0,0.0,1
equal3_n2000_ch0.8_s20001,equal3,2000,3,0.8,20001,7,-253411.4457927087,3,True,0,0.0,1
equal3_n2000_ch0.8_s20001,equal3,2000,3,0.8,20001,8,-253411.4457927495,3,True,0,0.0,1
equal3_n2000_ch0.8_s20001,equal3,2000,3,0.8,20001,9,-253411.44579283588,3,True,0,0.0,1
equal3_n2000_ch0.8_s20002,equal3,2000,3,0.8,20002,0,-253431.42765481595,3,True,0,0.0,1
equal3_n2000_ch0.8_s20002,equal3,2000,3,0.8,20002,1,-253431.42765389083,3,True,0,0.0,1
equal3_n2000_ch0.8_s20002,equal3,2000,3,0.8,20002,2,-253431.4276994032,2,True,0,0.0,1
equal3_n2000_ch0.8_s20002,equal3,2000,3,0.8,20002,3,-253431.42765386298,3,True,0,0.0,1
equal3_n2000_ch0.8_s20002,equal3,2000,3,0.8,20002,4,-253431.42766149982,3,True,0,0.0,1
equal3_n2000_ch0.8_s20002,equal3,2000,3,0.8,20002,5,-253431.42765439328,3,True,0,0.0,1
equal3_n2000_ch0.8_s20002,equal3,2000,3,0.8,20002,6,-253431.4276559755,3,True,0,0.0,1
equal3_n2000_ch0.8_s20002,equal3,2000,3,0.8,20002,7,-253431.42766019137,2,True,0,0.0,1
equal3_n2000_ch0.8_s20002,equal3,2000,3,0.8,20002,8,-253431.42766803707,3,True,0,0.0,1
equal3_n2000_ch0.8_s20002,equal3,2000,3,0.8,20002,9,-253431.42765389133,4,True,0,0.0,1
equal3_n2000_ch0.8_s20003,equal3,2000,3,0.8,20003,0,-255696.08304601797,3,True,0,0.0,1
equal3_n2000_ch0.8_s20003,equal3,2000,3,0.8,20003,1,-255696.0830460186,3,True,0,0.0,1
equal3_n2000_ch0.8_s20003,equal3,2000,3,0.8,20003,2,-255696.08304601852,4,True,0,0.0,1
equal3_n2000_ch0.8_s20003,equal3,2000,3,0.8,20003,3,-255696.0830460192,4,True,0,0.0,1
equal3_n2000_ch0.8_s20003,equal3,2000,3,0.8,20003,4,-255696.08304624518,2,True,0,0.0,1
equal3_n2000_ch0.8_s20003,equal3,2000,3,0.8,20003,5,-255696.08304603363,3,True,0,0.0,1
equal3_n2000_ch0.8_s20003,equal3,2000,3,0.8,20003,6,-255696.08304889867,3,True,0,0.0,1
equal3_n2000_ch0.8_s20003,equal3,2000,3,0.8,20003,7,-255696.08304601818,3,True,0,0.0,1
equal3_n2000_ch0.8_s20003,equal3,2000,3,0.8,20003,8,-255696.08304736635,2,True,0,0.0,1
equal3_n2000_ch0.8_s20003,equal3,2000,3,0.8,20003,9,-255696.08304601943,3,True,0,0.0,1
equal3_n2000_ch0.8_s20004,equal3,2000,3,0.8,20004,0,-255120.0037375629,3,True,1,0.0005,0
equal3_n2000_ch0.8_s20004,equal3,2000,3,0.8,20004,1,-255120.00373769435,4,True,1,0.0005,0
equal3_n2000_ch0.8_s20004,equal3,2000,3,0.8,20004,2,-255120.00373748745,3,True,1,0.0005,0
equal3_n2000_ch0.8_s20004,equal3,2000,3,0.8,20004,3,-255120.00373748568,3,True,1,0.0005,0
equal3_n2000_ch0.8_s20004,equal3,2000,3,0.8,20004,4,-255120.00374904677,3,True,1,0.0005,0
equal3_n2000_ch0.8_s20004,equal3,2000,3,0.8,20004,5,-255120.00377138282,3,True,1,0.0005,0
equal3_n2000_ch0.8_s20004,equal3,2000,3,0.8,20004,6,-255120.00373768504,3,True,1,0.0005,0
equal3_n2000_ch0.8_s20004,equal3,2000,3,0.8,20004,7,-255120.00373748434,4,True,1,0.0005,0
equal3_n2000_ch0.8_s20004,equal3,2000,3,0.8,20004,8,-255120.00374328002,3,True,1,0.0005,0
equal3_n2000_ch0.8_s20004,equal3,2000,3,0.8,20004,9,-255120.0037376131,4,True,1,0.0005,0
equal3_n2000_ch1.4_s20000,equal3,2000,3,1.4,20000,0,-394296.16370804154,2,True,0,0.0,1
equal3_n2000_ch1.4_s20000,equal3,2000,3,1.4,20000,1,-394296.16370804154,2,True,0,0.0,1
equal3_n2000_ch1.4_s20000,equal3,2000,3,1.4,20000,2,-394296.1637080415,2,True,0,0.0,1
equal3_n2000_ch1.4_s20000,equal3,2000,3,1.4,20000,3,-394296.16370804154,2,True,0,0.0,1
equal3_n2000_ch1.4_s20000,equal3,2000,3,1.4,20000,4,-394296.1637080415,2,True,0,0.0,1
equal3_n2000_ch1.4_s20000,equal3,2000,3,1.4,20000,5,-394296.16370804154,2,True,0,0.0,1
equal3_n2000_ch1.4_s20000,equal3,2000,3,1.4,20000,6,-394296.16370804154,3,True,0,0.0,1
equal3_n2000_ch1.4_s20000,equal3,2000,3,1.4,20000,7,-394296.1637080415,2,True,0,0.0,1
equal3_n2000_ch1.4_s20000,equal3,2000,3,1.4,20000,8,-394296.16370804154,2,True,0,0.0,1
equal3_n2000_ch1.4_s20000,equal3,2000,3,1.4,20000,9,-394296.16370804154,2,True,0,0.0,1
equal3_n2000_ch1.4_s20001,equal3,2000,3,1.4,20001,0,-390430.53351216717,2,True,0,0.0,1
equal3_n2000_ch1.4_s20001,equal3,2000,3,1.4,20001,1,-390430.53351216717,2,True,0,0.0,1
equal3_n2000_ch1.4_s20001,equal3,2000,3,1.4,20001,2,-390430.53351216717,2,True,0,0.0,1
equal3_n2000_ch1.4_s20001,equal3,2000,3,1.4,20001,3,-390430.53351216717,3,True,0,0.0,1
equal3_n2000_ch1.4_s20001,equal3,2000,3,1.4,20001,4,-390430.53351216717,2,True,0,0.0,1
equal3_n2000_ch1.4_s20001,equal3,2000,3,1.4,20001,5,-390430.53351216717,2,True,0,0.0,1
equal3_n2000_ch1.4_s20001,equal3,2000,3,1.4,20001,6,-390430.53351216717,3,True,0,0.0,1
equal3_n2000_ch1.4_s20001,equal3,2000,3,1.4,20001,7,-390430.53351216717,2,True,0,0.0,1
equal3_n2000_ch1.4_s20001,equal3,2000,3,1.4,20001,8,-390430.53351216717,2,True,0,0.0,1
equal3_n2000_ch1.4_s20001,equal3,2000,3,1.4,20001,9,-390430.53351216717,2,True,0,0.0,1
equal3_n2000_ch1.4_s20002,equal3,2000,3,1.4,20002,0,-390188.57183220657,2,True,0,0.0,1
equal3_n2000_ch1.4_s20002,equal3,2000,3,1.4,20002,1,-390188.57183220657,2,True,0,0.0,1
equal3_n2000_ch1.4_s20002,equal3,2000,3,1.4,20002,2,-390188.57183220657,3,True,0,0.0,1
equal3_n2000_ch1.4_s20002,equal3,2000,3,1.4,20002,3,-390188.57183220657,2,True,0,0.0,1
equal3_n2000_ch1.4_s20002,equal3,2000,3,1.4,20002,4,-390188.57183220657,2,True,0,0.0,1
equal3_n2000_ch1.4_s20002,equal3,2000,3,1.4,20002,5,-390188.57183220657,2,True,0,0.0,1
equal3_n2000_ch1.4_s20002,equal3,2000,3,1.4,20002,6,-390188.57183220657,2,True,0,0.0,1
equal3_n2000_ch1.4_s20002,equal3,2000,3,1.4,20002,7,-390188.57183220657,2,True,0,0.0,1
equal3_n2000_ch1.4_s20002,equal3,2000,3,1.4,20002,8,-390188.5718322065,2,True,0,0.0,1
equal3_n2000_ch1.4_s20002,equal3,2000,3,1.4,20002,9,-390188.57183220657,2,True,0,0.0,1
equal3_n2000_ch1.4_s20003,equal3,2000,3,1.4,20003,0,-391805.9283299097,2,True,0,0.0,1
equal3_n2000_ch1.4_s20003,equal3,2000,3,1.4,20003,1,-391805.9283299097,2,True,0,0.0,1
equal3_n2000_ch1.4_s20003,equal3,2000,3,1.4,20003,2,-391805.9283299097,2,True,0,0.0,1
equal3_n2000_ch1.4_s20003,equal3,2000,3,1.4,20003,3,-391805.92832990974,2,True,0,0.0,1
equal3_n2000_ch1.4_s20003,equal3,2000,3,1.4,20003,4,-391805.9283299097,2,True,0,0.0,1
equal3_n2000_ch1.4_s20003,equal3,2000,3,1.4,20003,5,-391805.92832990974,2,True,0,0.0,1
equal3_n2000_ch1.4_s20003,equal3,2000,3,1.4,20003,6,-391805.9283299097,2,True,0,0.0,1
equal3_n2000_ch1.4_s20003,equal3,2000,3,1.4,20003,7,-391805.92832990974,2,True,0,0.0,1
equal3_n2000_ch1.4_s20003,equal3,2000,3,1.4,20003,8,-391805.9283299097,3,True,0,0.0,1
equal3_n2000_ch1.4_s20003,equal3,2000,3,1.4,20003,9,-391805.9283299097,4,True,0,0.0,1
equal3_n2000_ch1.4_s20004,equal3,2000,3,1.4,20004,0,-393081.9722954314,2,True,0,0.0,1
equal3_n2000_ch1.4_s20004,equal3,2000,3,1.4,20004,1,-393081.9722954314,2,True,0,0.0,1
equal3_n2000_ch1.4_s20004,equal3,2000,3,1.4,20004,2,-393081.9722954314,2,True,0,0.0,1
equal3_n2000_ch1.4_s20004,equal3,2000,3,1.4,20004,3,-393081.9722954314,2,True,0,0.0,1
equal3_n2000_ch1.4_s20004,equal3,2000,3,1.4,20004,4,-393081.9722954315,2,True,0,0.0,1
equal3_n2000_ch1.4_s20004,equal3,2000,3,1.4,20004,5,-393081.9722954315,2,True,0,0.0,1
equal3_n2000_ch1.4_s20004,equal3,2000,3,1.4,20004,6,-393081.9722954314,2,True,0,0.0,1
equal3_n2000_ch1.4_s20004,equal3,2000,3,1.4,20004,7,-393081.9722954314,2,True,0,0.0,1
equal3_n2000_ch1.4_s20004,equal3,2000,3,1.4,20004,8,-393081.9722954315,2,True,0,0.0,1
equal3_n2000_ch1.4_s20004,equal3,2000,3,1.4,20004,9,-393081.9722954314,2,True,0,0.0,1
heterogeneous3_n1000_ch0.8_s20000,heterogeneous3,1000,3,0.8,20000,0,-59043.26586991815,5,True,5,0.005,0
heterogeneous3_n1000_ch0.8_s20000,heterogeneous3,1000,3,0.8,20000,1,-60470.22076344796,20,True,488,0.488,0
heterogeneous3_n1000_ch0.8_s20000,heterogeneous3,1000,3,0.8,20000,2,-59043.2658756122,3,True,5,0.005,0
heterogeneous3_n1000_ch0.8_s20000,heterogeneous3,1000,3,0.8,20000,3,-59043.26595677303,3,True,5,0.005,0
heterogeneous3_n1000_ch0.8_s20000,heterogeneous3,1000,3,0.8,20000,4,-59043.26587106926,4,True,5,0.005,0
heterogeneous3_n1000_ch0.8_s20000,heterogeneous3,1000,3,0.8,20000,5,-59043.26598276522,4,True,5,0.005,0
heterogeneous3_n1000_ch0.8_s20000,heterogeneous3,1000,3,0.8,20000,6,-59043.265870091316,4,True,5,0.005,0
heterogeneous3_n1000_ch0.8_s20000,heterogeneous3,1000,3,0.8,20000,7,-59043.266080163565,3,True,5,0.005,0
heterogeneous3_n1000_ch0.8_s20000,heterogeneous3,1000,3,0.8,20000,8,-59043.26593106496,3,True,5,0.005,0
heterogeneous3_n1000_ch0.8_s20000,heterogeneous3,1000,3,0.8,20000,9,-59043.26586657156,3,True,5,0.005,0
heterogeneous3_n1000_ch0.8_s20001,heterogeneous3,1000,3,0.8,20001,0,-59185.97472369906,7,True,468,0.468,0
heterogeneous3_n1000_ch0.8_s20001,heterogeneous3,1000,3,0.8,20001,1,-57753.954380293726,3,True,5,0.005,0
heterogeneous3_n1000_ch0.8_s20001,heterogeneous3,1000,3,0.8,20001,2,-57753.954197857194,4,True,5,0.005,0
heterogeneous3_n1000_ch0.8_s20001,heterogeneous3,1000,3,0.8,20001,3,-57753.95421240752,3,True,5,0.005,0
heterogeneous3_n1000_ch0.8_s20001,heterogeneous3,1000,3,0.8,20001,4,-57753.954134033585,3,True,5,0.005,0
heterogeneous3_n1000_ch0.8_s20001,heterogeneous3,1000,3,0.8,20001,5,-57753.95439950908,3,True,5,0.005,0
heterogeneous3_n1000_ch0.8_s20001,heterogeneous3,1000,3,0.8,20001,6,-57753.95413950419,3,True,5,0.005,0
heterogeneous3_n1000_ch0.8_s20001,heterogeneous3,1000,3,0.8,20001,7,-57753.95444892481,3,True,5,0.005,0
heterogeneous3_n1000_ch0.8_s20001,heterogeneous3,1000,3,0.8,20001,8,-57753.95416443165,4,True,5,0.005,0
heterogeneous3_n1000_ch0.8_s20001,heterogeneous3,1000,3,0.8,20001,9,-57753.954138791494,4,True,5,0.005,0
heterogeneous3_n1000_ch0.8_s20002,heterogeneous3,1000,3,0.8,20002,0,-58270.73753066393,3,True,2,0.002,0
heterogeneous3_n1000_ch0.8_s20002,heterogeneous3,1000,3,0.8,20002,1,-58270.73757931999,3,True,2,0.002,0
heterogeneous3_n1000_ch0.8_s20002,heterogeneous3,1000,3,0.8,20002,2,-58270.73745871938,4,True,2,0.002,0
heterogeneous3_n1000_ch0.8_s20002,heterogeneous3,1000,3,0.8,20002,3,-59644.9477118152,13,True,495,0.495,0
heterogeneous3_n1000_ch0.8_s20002,heterogeneous3,1000,3,0.8,20002,4,-58270.73739482397,4,True,2,0.002,0
heterogeneous3_n1000_ch0.8_s20002,heterogeneous3,1000,3,0.8,20002,5,-58270.73810836066,3,True,2,0.002,0
heterogeneous3_n1000_ch0.8_s20002,heterogeneous3,1000,3,0.8,20002,6,-58270.737697050616,3,True,2,0.002,0
heterogeneous3_n1000_ch0.8_s20002,heterogeneous3,1000,3,0.8,20002,7,-58270.73739459674,5,True,2,0.002,0
heterogeneous3_n1000_ch0.8_s20002,heterogeneous3,1000,3,0.8,20002,8,-58270.737468205305,5,True,2,0.002,0
heterogeneous3_n1000_ch0.8_s20002,heterogeneous3,1000,3,0.8,20002,9,-59644.94432279552,19,True,495,0.495,0
heterogeneous3_n1000_ch0.8_s20003,heterogeneous3,1000,3,0.8,20003,0,-58468.36227787293,4,True,3,0.003,0
heterogeneous3_n1000_ch0.8_s20003,heterogeneous3,1000,3,0.8,20003,1,-58468.36246782927,3,True,3,0.003,0
heterogeneous3_n1000_ch0.8_s20003,heterogeneous3,1000,3,0.8,20003,2,-59932.611037484385,11,True,472,0.472,0
heterogeneous3_n1000_ch0.8_s20003,heterogeneous3,1000,3,0.8,20003,3,-58468.36207787375,4,True,3,0.003,0
heterogeneous3_n1000_ch0.8_s20003,heterogeneous3,1000,3,0.8,20003,4,-58468.36211967929,3,True,3,0.003,0
heterogeneous3_n1000_ch0.8_s20003,heterogeneous3,1000,3,0.8,20003,5,-58468.362043972724,3,True,3,0.003,0
heterogeneous3_n1000_ch0.8_s20003,heterogeneous3,1000,3,0.8,20003,6,-58468.362052614306,3,True,3,0.003,0
heterogeneous3_n1000_ch0.8_s20003,heterogeneous3,1000,3,0.8,20003,7,-58468.362473527945,3,True,3,0.003,0
heterogeneous3_n1000_ch0.8_s20003,heterogeneous3,1000,3,0.8,20003,8,-58468.3623183608,4,True,3,0.003,0
heterogeneous3_n1000_ch0.8_s20003,heterogeneous3,1000,3,0.8,20003,9,-58468.362206863196,4,True,3,0.003,0
heterogeneous3_n1000_ch0.8_s20004,heterogeneous3,1000,3,0.8,20004,0,-60196.20566895518,21,True,478,0.478,0
heterogeneous3_n1000_ch0.8_s20004,heterogeneous3,1000,3,0.8,20004,1,-58855.975321711245,4,True,5,0.005,0
heterogeneous3_n1000_ch0.8_s20004,heterogeneous3,1000,3,0.8,20004,2,-58855.97508382655,3,True,5,0.005,0
heterogeneous3_n1000_ch0.8_s20004,heterogeneous3,1000,3,0.8,20004,3,-58855.97501091917,3,True,5,0.005,0
heterogeneous3_n1000_ch0.8_s20004,heterogeneous3,1000,3,0.8,20004,4,-58855.975049801855,4,True,5,0.005,0
heterogeneous3_n1000_ch0.8_s20004,heterogeneous3,1000,3,0.8,20004,5,-58855.9752825173,3,True,5,0.005,0
heterogeneous3_n1000_ch0.8_s20004,heterogeneous3,1000,3,0.8,20004,6,-58855.97570225048,3,True,5,0.005,0
heterogeneous3_n1000_ch0.8_s20004,heterogeneous3,1000,3,0.8,20004,7,-60196.17122888139,18,True,479,0.479,0
heterogeneous3_n1000_ch0.8_s20004,heterogeneous3,1000,3,0.8,20004,8,-58855.97504169996,5,True,5,0.005,0
heterogeneous3_n1000_ch0.8_s20004,heterogeneous3,1000,3,0.8,20004,9,-58855.97504461893,4,True,5,0.005,0
heterogeneous3_n1000_ch1.4_s20000,heterogeneous3,1000,3,1.4,20000,0,-88442.50130206489,3,True,0,0.0,1
heterogeneous3_n1000_ch1.4_s20000,heterogeneous3,1000,3,1.4,20000,1,-88442.50130206933,3,True,0,0.0,1
heterogeneous3_n1000_ch1.4_s20000,heterogeneous3,1000,3,1.4,20000,2,-88442.5013020615,3,True,0,0.0,1
heterogeneous3_n1000_ch1.4_s20000,heterogeneous3,1000,3,1.4,20000,3,-88442.50130205974,3,True,0,0.0,1
heterogeneous3_n1000_ch1.4_s20000,heterogeneous3,1000,3,1.4,20000,4,-88442.50130206555,3,True,0,0.0,1
heterogeneous3_n1000_ch1.4_s20000,heterogeneous3,1000,3,1.4,20000,5,-88442.50130756985,2,True,0,0.0,1
heterogeneous3_n1000_ch1.4_s20000,heterogeneous3,1000,3,1.4,20000,6,-88442.50130212048,2,True,0,0.0,1
heterogeneous3_n1000_ch1.4_s20000,heterogeneous3,1000,3,1.4,20000,7,-88442.50130688911,2,True,0,0.0,1
heterogeneous3_n1000_ch1.4_s20000,heterogeneous3,1000,3,1.4,20000,8,-88442.50130207391,3,True,0,0.0,1
heterogeneous3_n1000_ch1.4_s20000,heterogeneous3,1000,3,1.4,20000,9,-88442.50131168705,2,True,0,0.0,1
heterogeneous3_n1000_ch1.4_s20001,heterogeneous3,1000,3,1.4,20001,0,-87142.7583812943,3,True,0,0.0,1
heterogeneous3_n1000_ch1.4_s20001,heterogeneous3,1000,3,1.4,20001,1,-87142.7583812943,3,True,0,0.0,1
heterogeneous3_n1000_ch1.4_s20001,heterogeneous3,1000,3,1.4,20001,2,-87142.75838129429,3,True,0,0.0,1
heterogeneous3_n1000_ch1.4_s20001,heterogeneous3,1000,3,1.4,20001,3,-87142.75838129429,3,True,0,0.0,1
heterogeneous3_n1000_ch1.4_s20001,heterogeneous3,1000,3,1.4,20001,4,-87142.75838129432,2,True,0,0.0,1
heterogeneous3_n1000_ch1.4_s20001,heterogeneous3,1000,3,1.4,20001,5,-87142.75838129534,2,True,0,0.0,1
heterogeneous3_n1000_ch1.4_s20001,heterogeneous3,1000,3,1.4,20001,6,-87142.75838129429,3,True,0,0.0,1
heterogeneous3_n1000_ch1.4_s20001,heterogeneous3,1000,3,1.4,20001,7,-87142.75838130241,2,True,0,0.0,1
heterogeneous3_n1000_ch1.4_s20001,heterogeneous3,1000,3,1.4,20001,8,-87142.7583812943,3,True,0,0.0,1
heterogeneous3_n1000_ch1.4_s20001,heterogeneous3,1000,3,1.4,20001,9,-87142.75838130174,2,True,0,0.0,1
heterogeneous3_n1000_ch1.4_s20002,heterogeneous3,1000,3,1.4,20002,0,-88359.96734267822,2,True,0,0.0,1
heterogeneous3_n1000_ch1.4_s20002,heterogeneous3,1000,3,1.4,20002,1,-88359.96734267814,2,True,0,0.0,1
heterogeneous3_n1000_ch1.4_s20002,heterogeneous3,1000,3,1.4,20002,2,-88359.96734267802,2,True,0,0.0,1
heterogeneous3_n1000_ch1.4_s20002,heterogeneous3,1000,3,1.4,20002,3,-88359.9673426785,3,True,0,0.0,1
heterogeneous3_n1000_ch1.4_s20002,heterogeneous3,1000,3,1.4,20002,4,-88359.96734267831,2,True,0,0.0,1
heterogeneous3_n1000_ch1.4_s20002,heterogeneous3,1000,3,1.4,20002,5,-88359.96734267799,3,True,0,0.0,1
heterogeneous3_n1000_ch1.4_s20002,heterogeneous3,1000,3,1.4,20002,6,-88359.96734267799,3,True,0,0.0,1
heterogeneous3_n1000_ch1.4_s20002,heterogeneous3,1000,3,1.4,20002,7,-88359.96734267799,3,True,0,0.0,1
heterogeneous3_n1000_ch1.4_s20002,heterogeneous3,1000,3,1.4,20002,8,-88359.967342678,3,True,0,0.0,1
heterogeneous3_n1000_ch1.4_s20002,heterogeneous3,1000,3,1.4,20002,9,-91258.45405795152,20,True,468,0.468,0
heterogeneous3_n1000_ch1.4_s20003,heterogeneous3,1000,3,1.4,20003,0,-88685.33861362572,2,True,0,0.0,1
heterogeneous3_n1000_ch1.4_s20003,heterogeneous3,1000,3,1.4,20003,1,-88685.33861356095,3,True,0,0.0,1
heterogeneous3_n1000_ch1.4_s20003,heterogeneous3,1000,3,1.4,20003,2,-91557.84453777992,17,True,498,0.498,0
heterogeneous3_n1000_ch1.4_s20003,heterogeneous3,1000,3,1.4,20003,3,-88685.33861355844,3,True,0,0.0,1
heterogeneous3_n1000_ch1.4_s20003,heterogeneous3,1000,3,1.4,20003,4,-88685.33861356287,3,True,0,0.0,1
heterogeneous3_n1000_ch1.4_s20003,heterogeneous3,1000,3,1.4,20003,5,-88685.33861355817,3,True,0,0.0,1
heterogeneous3_n1000_ch1.4_s20003,heterogeneous3,1000,3,1.4,20003,6,-88685.33861355789,3,True,0,0.0,1
heterogeneous3_n1000_ch1.4_s20003,heterogeneous3,1000,3,1.4,20003,7,-88685.33861356313,3,True,0,0.0,1
heterogeneous3_n1000_ch1.4_s20003,heterogeneous3,1000,3,1.4,20003,8,-88685.33861357963,2,True,0,0.0,1
heterogeneous3_n1000_ch1.4_s20003,heterogeneous3,1000,3,1.4,20003,9,-88685.33861376313,2,True,0,0.0,1
heterogeneous3_n1000_ch1.4_s20004,heterogeneous3,1000,3,1.4,20004,0,-88229.81444017228,2,True,0,0.0,1
heterogeneous3_n1000_ch1.4_s20004,heterogeneous3,1000,3,1.4,20004,1,-88229.81444017228,2,True,0,0.0,1
heterogeneous3_n1000_ch1.4_s20004,heterogeneous3,1000,3,1.4,20004,2,-88229.81444017228,2,True,0,0.0,1
heterogeneous3_n1000_ch1.4_s20004,heterogeneous3,1000,3,1.4,20004,3,-88229.81444017228,2,True,0,0.0,1
heterogeneous3_n1000_ch1.4_s20004,heterogeneous3,1000,3,1.4,20004,4,-88229.81444017228,3,True,0,0.0,1
heterogeneous3_n1000_ch1.4_s20004,heterogeneous3,1000,3,1.4,20004,5,-88229.81444017228,2,True,0,0.0,1
heterogeneous3_n1000_ch1.4_s20004,heterogeneous3,1000,3,1.4,20004,6,-88229.81444017228,3,True,0,0.0,1
heterogeneous3_n1000_ch1.4_s20004,heterogeneous3,1000,3,1.4,20004,7,-88229.8144401723,2,True,0,0.0,1
heterogeneous3_n1000_ch1.4_s20004,heterogeneous3,1000,3,1.4,20004,8,-88229.81444017228,3,True,0,0.0,1
heterogeneous3_n1000_ch1.4_s20004,heterogeneous3,1000,3,1.4,20004,9,-88229.81444017228,3,True,0,0.0,1
heterogeneous3_n2000_ch0.8_s20000,heterogeneous3,2000,3,0.8,20000,0,-148365.2073674327,4,True,8,0.004,0
heterogeneous3_n2000_ch0.8_s20000,heterogeneous3,2000,3,0.8,20000,1,-148365.20747463044,3,True,8,0.004,0
heterogeneous3_n2000_ch0.8_s20000,heterogeneous3,2000,3,0.8,20000,2,-148365.20748666406,6,True,8,0.004,0
heterogeneous3_n2000_ch0.8_s20000,heterogeneous3,2000,3,0.8,20000,3,-151258.53034437718,16,True,932,0.466,0
heterogeneous3_n2000_ch0.8_s20000,heterogeneous3,2000,3,0.8,20000,4,-148365.2073677984,5,True,8,0.004,0
heterogeneous3_n2000_ch0.8_s20000,heterogeneous3,2000,3,0.8,20000,5,-148365.20746405952,4,True,8,0.004,0
heterogeneous3_n2000_ch0.8_s20000,heterogeneous3,2000,3,0.8,20000,6,-148365.20790657296,4,True,8,0.004,0
heterogeneous3_n2000_ch0.8_s20000,heterogeneous3,2000,3,0.8,20000,7,-148365.20743270658,4,True,8,0.004,0
heterogeneous3_n2000_ch0.8_s20000,heterogeneous3,2000,3,0.8,20000,8,-148365.20740287713,4,True,8,0.004,0
heterogeneous3_n2000_ch0.8_s20000,heterogeneous3,2000,3,0.8,20000,9,-148365.20757700835,3,True,8,0.004,0
heterogeneous3_n2000_ch0.8_s20001,heterogeneous3,2000,3,0.8,20001,0,-148007.91214422183,3,True,6,0.003,0
heterogeneous3_n2000_ch0.8_s20001,heterogeneous3,2000,3,0.8,20001,1,-148007.9117037821,3,True,6,0.003,0
heterogeneous3_n2000_ch0.8_s20001,heterogeneous3,2000,3,0.8,20001,2,-148007.9121052507,3,True,6,0.003,0
heterogeneous3_n2000_ch0.8_s20001,heterogeneous3,2000,3,0.8,20001,3,-148007.9117334567,3,True,6,0.003,0
heterogeneous3_n2000_ch0.8_s20001,heterogeneous3,2000,3,0.8,20001,4,-148007.91187188105,3,True,6,0.003,0
heterogeneous3_n2000_ch0.8_s20001,heterogeneous3,2000,3,0.8,20001,5,-148007.9117063967,3,True,6,0.003,0
heterogeneous3_n2000_ch0.8_s20001,heterogeneous3,2000,3,0.8,20001,6,-148007.91168828774,3,True,6,0.003,0
heterogeneous3_n2000_ch0.8_s20001,heterogeneous3,2000,3,0.8,20001,7,-148007.91162640142,3,True,6,0.003,0
heterogeneous3_n2000_ch0.8_s20001,heterogeneous3,2000,3,0.8,20001,8,-148007.91164161148,5,True,6,0.003,0
heterogeneous3_n2000_ch0.8_s20001,heterogeneous3,2000,3,0.8,20001,9,-148007.91167903857,4,True,6,0.003,0
heterogeneous3_n2000_ch0.8_s20002,heterogeneous3,2000,3,0.8,20002,0,-146282.819996366,4,True,4,0.002,0
heterogeneous3_n2000_ch0.8_s20002,heterogeneous3,2000,3,0.8,20002,1,-146282.82002552404,3,True,4,0.002,0
heterogeneous3_n2000_ch0.8_s20002,heterogeneous3,2000,3,0.8,20002,2,-146282.82001000587,3,True,4,0.002,0
heterogeneous3_n2000_ch0.8_s20002,heterogeneous3,2000,3,0.8,20002,3,-146282.82051661063,3,True,4,0.002,0
heterogeneous3_n2000_ch0.8_s20002,heterogeneous3,2000,3,0.8,20002,4,-146282.82005869722,3,True,4,0.002,0
heterogeneous3_n2000_ch0.8_s20002,heterogeneous3,2000,3,0.8,20002,5,-146282.8205975099,3,True,4,0.002,0
heterogeneous3_n2000_ch0.8_s20002,heterogeneous3,2000,3,0.8,20002,6,-146282.82004304108,4,True,4,0.002,0
heterogeneous3_n2000_ch0.8_s20002,heterogeneous3,2000,3,0.8,20002,7,-146282.82007745828,3,True,4,0.002,0
heterogeneous3_n2000_ch0.8_s20002,heterogeneous3,2000,3,0.8,20002,8,-146282.8200940094,3,True,4,0.002,0
heterogeneous3_n2000_ch0.8_s20002,heterogeneous3,2000,3,0.8,20002,9,-146282.82086729625,3,True,4,0.002,0
heterogeneous3_n2000_ch0.8_s20003,heterogeneous3,2000,3,0.8,20003,0,-147461.24270281324,3,True,5,0.0025,0
heterogeneous3_n2000_ch0.8_s20003,heterogeneous3,2000,3,0.8,20003,1,-147461.2424891332,3,True,5,0.0025,0
heterogeneous3_n2000_ch0.8_s20003,heterogeneous3,2000,3,0.8,20003,2,-147461.24248457619,3,True,5,0.0025,0
heterogeneous3_n2000_ch0.8_s20003,heterogeneous3,2000,3,0.8,20003,3,-147461.24259506687,3,True,5,0.0025,0
heterogeneous3_n2000_ch0.8_s20003,heterogeneous3,2000,3,0.8,20003,4,-147461.24250122052,3,True,5,0.0025,0
heterogeneous3_n2000_ch0.8_s20003,heterogeneous3,2000,3,0.8,20003,5,-147461.2424735255,4,True,5,0.0025,0
heterogeneous3_n2000_ch0.8_s20003,heterogeneous3,2000,3,0.8,20003,6,-150669.646442194,17,True,993,0.4965,0
heterogeneous3_n2000_ch0.8_s20003,heterogeneous3,2000,3,0.8,20003,7,-147461.24270623943,3,True,5,0.0025,0
heterogeneous3_n2000_ch0.8_s20003,heterogeneous3,2000,3,0.8,20003,8,-147461.2424787744,3,True,5,0.0025,0
heterogeneous3_n2000_ch0.8_s20003,heterogeneous3,2000,3,0.8,20003,9,-147461.24265158718,3,True,5,0.0025,0
heterogeneous3_n2000_ch0.8_s20004,heterogeneous3,2000,3,0.8,20004,0,-147125.3073061285,3,True,9,0.0045,0
heterogeneous3_n2000_ch0.8_s20004,heterogeneous3,2000,3,0.8,20004,1,-147125.30641872608,4,True,9,0.0045,0
heterogeneous3_n2000_ch0.8_s20004,heterogeneous3,2000,3,0.8,20004,2,-147125.30660811858,4,True,9,0.0045,0
heterogeneous3_n2000_ch0.8_s20004,heterogeneous3,2000,3,0.8,20004,3,-150098.02881069,16,True,889,0.4445,0
heterogeneous3_n2000_ch0.8_s20004,heterogeneous3,2000,3,0.8,20004,4,-147125.30644644768,2,True,9,0.0045,0
heterogeneous3_n2000_ch0.8_s20004,heterogeneous3,2000,3,0.8,20004,5,-147125.3064320918,4,True,9,0.0045,0
heterogeneous3_n2000_ch0.8_s20004,heterogeneous3,2000,3,0.8,20004,6,-147125.3067611566,3,True,9,0.0045,0
heterogeneous3_n2000_ch0.8_s20004,heterogeneous3,2000,3,0.8,20004,7,-147125.30647312084,3,True,9,0.0045,0
heterogeneous3_n2000_ch0.8_s20004,heterogeneous3,2000,3,0.8,20004,8,-147125.3070524169,3,True,9,0.0045,0
heterogeneous3_n2000_ch0.8_s20004,heterogeneous3,2000,3,0.8,20004,9,-147125.30633458216,4,True,9,0.0045,0
heterogeneous3_n2000_ch1.4_s20000,heterogeneous3,2000,3,1.4,20000,0,-227442.80532596135,3,True,0,0.0,1
heterogeneous3_n2000_ch1.4_s20000,heterogeneous3,2000,3,1.4,20000,1,-227442.80532596138,2,True,0,0.0,1
heterogeneous3_n2000_ch1.4_s20000,heterogeneous3,2000,3,1.4,20000,2,-227442.80532596138,2,True,0,0.0,1
heterogeneous3_n2000_ch1.4_s20000,heterogeneous3,2000,3,1.4,20000,3,-233584.86345204012,17,True,969,0.4845,0
heterogeneous3_n2000_ch1.4_s20000,heterogeneous3,2000,3,1.4,20000,4,-227442.80532599002,2,True,0,0.0,1
heterogeneous3_n2000_ch1.4_s20000,heterogeneous3,2000,3,1.4,20000,5,-227442.80532596406,2,True,0,0.0,1
heterogeneous3_n2000_ch1.4_s20000,heterogeneous3,2000,3,1.4,20000,6,-227442.80532596135,3,True,0,0.0,1
heterogeneous3_n2000_ch1.4_s20000,heterogeneous3,2000,3,1.4,20000,7,-227442.80532596135,3,True,0,0.0,1
heterogeneous3_n2000_ch1.4_s20000,heterogeneous3,2000,3,1.4,20000,8,-227442.80532596356,2,True,0,0.0,1
heterogeneous3_n2000_ch1.4_s20000,heterogeneous3,2000,3,1.4,20000,9,-233584.87219511374,18,True,969,0.4845,0
heterogeneous3_n2000_ch1.4_s20001,heterogeneous3,2000,3,1.4,20001,0,-226195.38908555268,3,True,0,0.0,1
heterogeneous3_n2000_ch1.4_s20001,heterogeneous3,2000,3,1.4,20001,1,-226195.38908555268,2,True,0,0.0,1
heterogeneous3_n2000_ch1.4_s20001,heterogeneous3,2000,3,1.4,20001,2,-226195.3890855527,4,True,0,0.0,1
heterogeneous3_n2000_ch1.4_s20001,heterogeneous3,2000,3,1.4,20001,3,-226195.3890855527,3,True,0,0.0,1
heterogeneous3_n2000_ch1.4_s20001,heterogeneous3,2000,3,1.4,20001,4,-226195.38908555268,2,True,0,0.0,1
heterogeneous3_n2000_ch1.4_s20001,heterogeneous3,2000,3,1.4,20001,5,-226195.3890855536,2,True,0,0.0,1
heterogeneous3_n2000_ch1.4_s20001,heterogeneous3,2000,3,1.4,20001,6,-232443.71784714673,13,True,995,0.4975,0
heterogeneous3_n2000_ch1.4_s20001,heterogeneous3,2000,3,1.4,20001,7,-226195.38908555743,2,True,0,0.0,1
heterogeneous3_n2000_ch1.4_s20001,heterogeneous3,2000,3,1.4,20001,8,-226195.38908555266,3,True,0,0.0,1
heterogeneous3_n2000_ch1.4_s20001,heterogeneous3,2000,3,1.4,20001,9,-226195.38908556223,2,True,0,0.0,1
heterogeneous3_n2000_ch1.4_s20002,heterogeneous3,2000,3,1.4,20002,0,-225295.06791492563,2,True,0,0.0,1
heterogeneous3_n2000_ch1.4_s20002,heterogeneous3,2000,3,1.4,20002,1,-225295.067914439,3,True,0,0.0,1
heterogeneous3_n2000_ch1.4_s20002,heterogeneous3,2000,3,1.4,20002,2,-225295.06791444006,2,True,0,0.0,1
heterogeneous3_n2000_ch1.4_s20002,heterogeneous3,2000,3,1.4,20002,3,-225295.0679153957,2,True,0,0.0,1
heterogeneous3_n2000_ch1.4_s20002,heterogeneous3,2000,3,1.4,20002,4,-225295.06791444644,2,True,0,0.0,1
heterogeneous3_n2000_ch1.4_s20002,heterogeneous3,2000,3,1.4,20002,5,-225295.06791445098,2,True,0,0.0,1
heterogeneous3_n2000_ch1.4_s20002,heterogeneous3,2000,3,1.4,20002,6,-225295.06791443969,3,True,0,0.0,1
heterogeneous3_n2000_ch1.4_s20002,heterogeneous3,2000,3,1.4,20002,7,-225295.06791443966,2,True,0,0.0,1
heterogeneous3_n2000_ch1.4_s20002,heterogeneous3,2000,3,1.4,20002,8,-225295.0679153676,2,True,0,0.0,1
heterogeneous3_n2000_ch1.4_s20002,heterogeneous3,2000,3,1.4,20002,9,-225295.0679144821,2,True,0,0.0,1
heterogeneous3_n2000_ch1.4_s20003,heterogeneous3,2000,3,1.4,20003,0,-226577.63701726514,2,True,0,0.0,1
heterogeneous3_n2000_ch1.4_s20003,heterogeneous3,2000,3,1.4,20003,1,-226577.6370133097,3,True,0,0.0,1
heterogeneous3_n2000_ch1.4_s20003,heterogeneous3,2000,3,1.4,20003,2,-226577.63701470633,2,True,0,0.0,1
heterogeneous3_n2000_ch1.4_s20003,heterogeneous3,2000,3,1.4,20003,3,-226577.63701399788,3,True,0,0.0,1
heterogeneous3_n2000_ch1.4_s20003,heterogeneous3,2000,3,1.4,20003,4,-226577.637023629,2,True,0,0.0,1
heterogeneous3_n2000_ch1.4_s20003,heterogeneous3,2000,3,1.4,20003,5,-226577.63701372105,2,True,0,0.0,1
heterogeneous3_n2000_ch1.4_s20003,heterogeneous3,2000,3,1.4,20003,6,-226577.6370131871,3,True,0,0.0,1
heterogeneous3_n2000_ch1.4_s20003,heterogeneous3,2000,3,1.4,20003,7,-226577.6370131909,3,True,0,0.0,1
heterogeneous3_n2000_ch1.4_s20003,heterogeneous3,2000,3,1.4,20003,8,-226577.63701408188,2,True,0,0.0,1
heterogeneous3_n2000_ch1.4_s20003,heterogeneous3,2000,3,1.4,20003,9,-232883.32558813438,15,True,995,0.4975,0
heterogeneous3_n2000_ch1.4_s20004,heterogeneous3,2000,3,1.4,20004,0,-227048.53056478075,3,True,1,0.0005,0
heterogeneous3_n2000_ch1.4_s20004,heterogeneous3,2000,3,1.4,20004,1,-227048.53056523265,3,True,1,0.0005,0
heterogeneous3_n2000_ch1.4_s20004,heterogeneous3,2000,3,1.4,20004,2,-227048.53056475444,3,True,1,0.0005,0
heterogeneous3_n2000_ch1.4_s20004,heterogeneous3,2000,3,1.4,20004,3,-233198.94458027513,12,True,981,0.4905,0
heterogeneous3_n2000_ch1.4_s20004,heterogeneous3,2000,3,1.4,20004,4,-227048.53056472322,3,True,1,0.0005,0
heterogeneous3_n2000_ch1.4_s20004,heterogeneous3,2000,3,1.4,20004,5,-227048.53056615707,2,True,1,0.0005,0
heterogeneous3_n2000_ch1.4_s20004,heterogeneous3,2000,3,1.4,20004,6,-227048.5305647849,3,True,1,0.0005,0
heterogeneous3_n2000_ch1.4_s20004,heterogeneous3,2000,3,1.4,20004,7,-227048.53056984773,2,True,1,0.0005,0
heterogeneous3_n2000_ch1.4_s20004,heterogeneous3,2000,3,1.4,20004,8,-227048.53056472878,3,True,1,0.0005,0
heterogeneous3_n2000_ch1.4_s20004,heterogeneous3,2000,3,1.4,20004,9,-227048.53056473174,3,True,1,0.0005,0
hierarchical4_n1000_ch0.8_s20000,hierarchical4,1000,4,0.8,20000,0,-85560.45688281287,3,True,3,0.003,0
hierarchical4_n1000_ch0.8_s20000,hierarchical4,1000,4,0.8,20000,1,-85560.45688223706,4,True,3,0.003,0
hierarchical4_n1000_ch0.8_s20000,hierarchical4,1000,4,0.8,20000,2,-85560.45689278533,3,True,3,0.003,0
hierarchical4_n1000_ch0.8_s20000,hierarchical4,1000,4,0.8,20000,3,-85560.45689683704,3,True,3,0.003,0
hierarchical4_n1000_ch0.8_s20000,hierarchical4,1000,4,0.8,20000,4,-85560.45688525739,3,True,3,0.003,0
hierarchical4_n1000_ch0.8_s20000,hierarchical4,1000,4,0.8,20000,5,-85560.4568822184,3,True,3,0.003,0
hierarchical4_n1000_ch0.8_s20000,hierarchical4,1000,4,0.8,20000,6,-85560.45688292725,4,True,3,0.003,0
hierarchical4_n1000_ch0.8_s20000,hierarchical4,1000,4,0.8,20000,7,-85560.45688225015,3,True,3,0.003,0
hierarchical4_n1000_ch0.8_s20000,hierarchical4,1000,4,0.8,20000,8,-85560.45694854211,3,True,3,0.003,0
hierarchical4_n1000_ch0.8_s20000,hierarchical4,1000,4,0.8,20000,9,-85560.45688198942,4,True,3,0.003,0
hierarchical4_n1000_ch0.8_s20001,hierarchical4,1000,4,0.8,20001,0,-84038.16892331945,3,True,1,0.001,0
hierarchical4_n1000_ch0.8_s20001,hierarchical4,1000,4,0.8,20001,1,-84038.16898554395,3,True,1,0.001,0
hierarchical4_n1000_ch0.8_s20001,hierarchical4,1000,4,0.8,20001,2,-84038.16882630048,3,True,1,0.001,0
hierarchical4_n1000_ch0.8_s20001,hierarchical4,1000,4,0.8,20001,3,-84038.16882338157,3,True,1,0.001,0
hierarchical4_n1000_ch0.8_s20001,hierarchical4,1000,4,0.8,20001,4,-84038.16879826714,3,True,1,0.001,0
hierarchical4_n1000_ch0.8_s20001,hierarchical4,1000,4,0.8,20001,5,-84038.16879161492,3,True,1,0.001,0
hierarchical4_n1000_ch0.8_s20001,hierarchical4,1000,4,0.8,20001,6,-84038.16891257436,3,True,1,0.001,0
hierarchical4_n1000_ch0.8_s20001,hierarchical4,1000,4,0.8,20001,7,-84038.16880219194,4,True,1,0.001,0
hierarchical4_n1000_ch0.8_s20001,hierarchical4,1000,4,0.8,20001,8,-84038.16881668285,3,True,1,0.001,0
hierarchical4_n1000_ch0.8_s20001,hierarchical4,1000,4,0.8,20001,9,-84038.16879355471,4,True,1,0.001,0
hierarchical4_n1000_ch0.8_s20002,hierarchical4,1000,4,0.8,20002,0,-85230.95711100013,4,True,0,0.0,1
hierarchical4_n1000_ch0.8_s20002,hierarchical4,1000,4,0.8,20002,1,-85230.95711100062,3,True,0,0.0,1
hierarchical4_n1000_ch0.8_s20002,hierarchical4,1000,4,0.8,20002,2,-85230.95711100014,4,True,0,0.0,1
hierarchical4_n1000_ch0.8_s20002,hierarchical4,1000,4,0.8,20002,3,-85230.95711100401,3,True,0,0.0,1
hierarchical4_n1000_ch0.8_s20002,hierarchical4,1000,4,0.8,20002,4,-85230.95711100013,3,True,0,0.0,1
hierarchical4_n1000_ch0.8_s20002,hierarchical4,1000,4,0.8,20002,5,-85230.95711100023,3,True,0,0.0,1
hierarchical4_n1000_ch0.8_s20002,hierarchical4,1000,4,0.8,20002,6,-85230.95711100014,3,True,0,0.0,1
hierarchical4_n1000_ch0.8_s20002,hierarchical4,1000,4,0.8,20002,7,-85230.95711100014,5,True,0,0.0,1
hierarchical4_n1000_ch0.8_s20002,hierarchical4,1000,4,0.8,20002,8,-85230.95711101177,3,True,0,0.0,1
hierarchical4_n1000_ch0.8_s20002,hierarchical4,1000,4,0.8,20002,9,-85230.95711100014,3,True,0,0.0,1
hierarchical4_n1000_ch0.8_s20003,hierarchical4,1000,4,0.8,20003,0,-85584.9892531636,4,True,0,0.0,1
hierarchical4_n1000_ch0.8_s20003,hierarchical4,1000,4,0.8,20003,1,-85584.98925320021,4,True,0,0.0,1
hierarchical4_n1000_ch0.8_s20003,hierarchical4,1000,4,0.8,20003,2,-85584.98925318936,5,True,0,0.0,1
hierarchical4_n1000_ch0.8_s20003,hierarchical4,1000,4,0.8,20003,3,-85584.98927219394,3,True,0,0.0,1
hierarchical4_n1000_ch0.8_s20003,hierarchical4,1000,4,0.8,20003,4,-85584.98925713467,3,True,0,0.0,1
hierarchical4_n1000_ch0.8_s20003,hierarchical4,1000,4,0.8,20003,5,-85584.98925807254,3,True,0,0.0,1
hierarchical4_n1000_ch0.8_s20003,hierarchical4,1000,4,0.8,20003,6,-87928.2071561901,5,True,254,0.254,0
hierarchical4_n1000_ch0.8_s20003,hierarchical4,1000,4,0.8,20003,7,-85584.98925319908,3,True,0,0.0,1
hierarchical4_n1000_ch0.8_s20003,hierarchical4,1000,4,0.8,20003,8,-85584.98925331153,3,True,0,0.0,1
hierarchical4_n1000_ch0.8_s20003,hierarchical4,1000,4,0.8,20003,9,-85584.98925345494,3,True,0,0.0,1
hierarchical4_n1000_ch0.8_s20004,hierarchical4,1000,4,0.8,20004,0,-85946.9144630119,3,True,1,0.001,0
hierarchical4_n1000_ch0.8_s20004,hierarchical4,1000,4,0.8,20004,1,-85946.9144642677,3,True,1,0.001,0
hierarchical4_n1000_ch0.8_s20004,hierarchical4,1000,4,0.8,20004,2,-85946.91446307788,3,True,1,0.001,0
hierarchical4_n1000_ch0.8_s20004,hierarchical4,1000,4,0.8,20004,3,-85946.91447479535,3,True,1,0.001,0
hierarchical4_n1000_ch0.8_s20004,hierarchical4,1000,4,0.8,20004,4,-85946.91446383968,3,True,1,0.001,0
hierarchical4_n1000_ch0.8_s20004,hierarchical4,1000,4,0.8,20004,5,-85946.91446312578,4,True,1,0.001,0
hierarchical4_n1000_ch0.8_s20004,hierarchical4,1000,4,0.8,20004,6,-85946.91446591855,3,True,1,0.001,0
hierarchical4_n1000_ch0.8_s20004,hierarchical4,1000,4,0.8,20004,7,-85946.91449473533,3,True,1,0.001,0
hierarchical4_n1000_ch0.8_s20004,hierarchical4,1000,4,0.8,20004,8,-85946.91446327417,3,True,1,0.001,0
hierarchical4_n1000_ch0.8_s20004,hierarchical4,1000,4,0.8,20004,9,-85946.91446297982,3,True,1,0.001,0
hierarchical4_n1000_ch1.4_s20000,hierarchical4,1000,4,1.4,20000,0,-127023.39007598585,3,True,0,0.0,1
hierarchical4_n1000_ch1.4_s20000,hierarchical4,1000,4,1.4,20000,1,-127023.39007598587,3,True,0,0.0,1
hierarchical4_n1000_ch1.4_s20000,hierarchical4,1000,4,1.4,20000,2,-127023.39007598587,3,True,0,0.0,1
hierarchical4_n1000_ch1.4_s20000,hierarchical4,1000,4,1.4,20000,3,-127023.39007598587,3,True,0,0.0,1
hierarchical4_n1000_ch1.4_s20000,hierarchical4,1000,4,1.4,20000,4,-127023.39007598587,3,True,0,0.0,1
hierarchical4_n1000_ch1.4_s20000,hierarchical4,1000,4,1.4,20000,5,-127023.39007598587,3,True,0,0.0,1
hierarchical4_n1000_ch1.4_s20000,hierarchical4,1000,4,1.4,20000,6,-127023.39007598587,2,True,0,0.0,1
hierarchical4_n1000_ch1.4_s20000,hierarchical4,1000,4,1.4,20000,7,-127023.39007598587,3,True,0,0.0,1
hierarchical4_n1000_ch1.4_s20000,hierarchical4,1000,4,1.4,20000,8,-127023.39007598587,3,True,0,0.0,1
hierarchical4_n1000_ch1.4_s20000,hierarchical4,1000,4,1.4,20000,9,-127023.39007598587,3,True,0,0.0,1
hierarchical4_n1000_ch1.4_s20001,hierarchical4,1000,4,1.4,20001,0,-126296.01569856546,3,True,0,0.0,1
hierarchical4_n1000_ch1.4_s20001,hierarchical4,1000,4,1.4,20001,1,-126296.01569856546,2,True,0,0.0,1
hierarchical4_n1000_ch1.4_s20001,hierarchical4,1000,4,1.4,20001,2,-126296.01569856546,3,True,0,0.0,1
hierarchical4_n1000_ch1.4_s20001,hierarchical4,1000,4,1.4,20001,3,-126296.01569856546,2,True,0,0.0,1
hierarchical4_n1000_ch1.4_s20001,hierarchical4,1000,4,1.4,20001,4,-126296.01569856546,2,True,0,0.0,1
hierarchical4_n1000_ch1.4_s20001,hierarchical4,1000,4,1.4,20001,5,-126296.01569856548,3,True,0,0.0,1
hierarchical4_n1000_ch1.4_s20001,hierarchical4,1000,4,1.4,20001,6,-126296.01569856546,2,True,0,0.0,1
hierarchical4_n1000_ch1.4_s20001,hierarchical4,1000,4,1.4,20001,7,-126296.01569856546,3,True,0,0.0,1
hierarchical4_n1000_ch1.4_s20001,hierarchical4,1000,4,1.4,20001,8,-126296.01569856546,3,True,0,0.0,1
hierarchical4_n1000_ch1.4_s20001,hierarchical4,1000,4,1.4,20001,9,-126296.01569856546,2,True,0,0.0,1
hierarchical4_n1000_ch1.4_s20002,hierarchical4,1000,4,1.4,20002,0,-127497.27076133873,2,True,0,0.0,1
hierarchical4_n1000_ch1.4_s20002,hierarchical4,1000,4,1.4,20002,1,-127497.27076133873,3,True,0,0.0,1
hierarchical4_n1000_ch1.4_s20002,hierarchical4,1000,4,1.4,20002,2,-127497.27076133873,3,True,0,0.0,1
hierarchical4_n1000_ch1.4_s20002,hierarchical4,1000,4,1.4,20002,3,-127497.27076133873,3,True,0,0.0,1
hierarchical4_n1000_ch1.4_s20002,hierarchical4,1000,4,1.4,20002,4,-127497.27076133873,3,True,0,0.0,1
hierarchical4_n1000_ch1.4_s20002,hierarchical4,1000,4,1.4,20002,5,-127497.27076133873,3,True,0,0.0,1
hierarchical4_n1000_ch1.4_s20002,hierarchical4,1000,4,1.4,20002,6,-127497.27076133873,3,True,0,0.0,1
hierarchical4_n1000_ch1.4_s20002,hierarchical4,1000,4,1.4,20002,7,-127497.27076133876,2,True,0,0.0,1
hierarchical4_n1000_ch1.4_s20002,hierarchical4,1000,4,1.4,20002,8,-127497.27076133873,3,True,0,0.0,1
hierarchical4_n1000_ch1.4_s20002,hierarchical4,1000,4,1.4,20002,9,-127497.27076133873,3,True,0,0.0,1
hierarchical4_n1000_ch1.4_s20003,hierarchical4,1000,4,1.4,20003,0,-128135.41681112953,2,True,0,0.0,1
hierarchical4_n1000_ch1.4_s20003,hierarchical4,1000,4,1.4,20003,1,-128135.41681112956,2,True,0,0.0,1
hierarchical4_n1000_ch1.4_s20003,hierarchical4,1000,4,1.4,20003,2,-128135.41681112953,3,True,0,0.0,1
hierarchical4_n1000_ch1.4_s20003,hierarchical4,1000,4,1.4,20003,3,-128135.41681112954,2,True,0,0.0,1
hierarchical4_n1000_ch1.4_s20003,hierarchical4,1000,4,1.4,20003,4,-128135.41681112954,2,True,0,0.0,1
hierarchical4_n1000_ch1.4_s20003,hierarchical4,1000,4,1.4,20003,5,-128135.41681112954,2,True,0,0.0,1
hierarchical4_n1000_ch1.4_s20003,hierarchical4,1000,4,1.4,20003,6,-128135.41681112954,2,True,0,0.0,1
hierarchical4_n1000_ch1.4_s20003,hierarchical4,1000,4,1.4,20003,7,-128135.41681112954,2,True,0,0.0,1
hierarchical4_n1000_ch1.4_s20003,hierarchical4,1000,4,1.4,20003,8,-128135.41681112954,2,True,0,0.0,1
hierarchical4_n1000_ch1.4_s20003,hierarchical4,1000,4,1.4,20003,9,-128135.41681112954,2,True,0,0.0,1
hierarchical4_n1000_ch1.4_s20004,hierarchical4,1000,4,1.4,20004,0,-128236.74452467244,3,True,0,0.0,1
hierarchical4_n1000_ch1.4_s20004,hierarchical4,1000,4,1.4,20004,1,-128236.74452467242,3,True,0,0.0,1
hierarchical4_n1000_ch1.4_s20004,hierarchical4,1000,4,1.4,20004,2,-128236.74452467242,3,True,0,0.0,1
hierarchical4_n1000_ch1.4_s20004,hierarchical4,1000,4,1.4,20004,3,-132680.18005449852,6,True,250,0.25,0
hierarchical4_n1000_ch1.4_s20004,hierarchical4,1000,4,1.4,20004,4,-128236.74452467242,2,True,0,0.0,1
hierarchical4_n1000_ch1.4_s20004,hierarchical4,1000,4,1.4,20004,5,-128236.74452467242,2,True,0,0.0,1
hierarchical4_n1000_ch1.4_s20004,hierarchical4,1000,4,1.4,20004,6,-128236.74452467242,3,True,0,0.0,1
hierarchical4_n1000_ch1.4_s20004,hierarchical4,1000,4,1.4,20004,7,-128236.74452467244,3,True,0,0.0,1
hierarchical4_n1000_ch1.4_s20004,hierarchical4,1000,4,1.4,20004,8,-128236.74452467242,3,True,0,0.0,1
hierarchical4_n1000_ch1.4_s20004,hierarchical4,1000,4,1.4,20004,9,-128236.74452467242,2,True,0,0.0,1
hierarchical4_n2000_ch0.8_s20000,hierarchical4,2000,4,0.8,20000,0,-215539.4626494821,5,True,0,0.0,1
hierarchical4_n2000_ch0.8_s20000,hierarchical4,2000,4,0.8,20000,1,-215539.46264947773,3,True,0,0.0,1
hierarchical4_n2000_ch0.8_s20000,hierarchical4,2000,4,0.8,20000,2,-220901.61619570438,18,True,722,0.361,0
hierarchical4_n2000_ch0.8_s20000,hierarchical4,2000,4,0.8,20000,3,-215539.46264947797,3,True,0,0.0,1
hierarchical4_n2000_ch0.8_s20000,hierarchical4,2000,4,0.8,20000,4,-215539.4626502385,3,True,0,0.0,1
hierarchical4_n2000_ch0.8_s20000,hierarchical4,2000,4,0.8,20000,5,-215539.4626494775,3,True,0,0.0,1
hierarchical4_n2000_ch0.8_s20000,hierarchical4,2000,4,0.8,20000,6,-215539.46264953623,3,True,0,0.0,1
hierarchical4_n2000_ch0.8_s20000,hierarchical4,2000,4,0.8,20000,7,-215539.46264961164,3,True,0,0.0,1
hierarchical4_n2000_ch0.8_s20000,hierarchical4,2000,4,0.8,20000,8,-215539.46265643882,3,True,0,0.0,1
hierarchical4_n2000_ch0.8_s20000,hierarchical4,2000,4,0.8,20000,9,-215539.46264960457,6,True,0,0.0,1
hierarchical4_n2000_ch0.8_s20001,hierarchical4,2000,4,0.8,20001,0,-213699.114109201,3,True,1,0.0005,0
hierarchical4_n2000_ch0.8_s20001,hierarchical4,2000,4,0.8,20001,1,-213699.1141145517,3,True,1,0.0005,0
hierarchical4_n2000_ch0.8_s20001,hierarchical4,2000,4,0.8,20001,2,-213699.11410658906,4,True,1,0.0005,0
hierarchical4_n2000_ch0.8_s20001,hierarchical4,2000,4,0.8,20001,3,-213699.11411277356,3,True,1,0.0005,0
hierarchical4_n2000_ch0.8_s20001,hierarchical4,2000,4,0.8,20001,4,-213699.11410687215,3,True,1,0.0005,0
hierarchical4_n2000_ch0.8_s20001,hierarchical4,2000,4,0.8,20001,5,-213699.1141068587,3,True,1,0.0005,0
hierarchical4_n2000_ch0.8_s20001,hierarchical4,2000,4,0.8,20001,6,-213699.11410768778,3,True,1,0.0005,0
hierarchical4_n2000_ch0.8_s20001,hierarchical4,2000,4,0.8,20001,7,-213699.11410662014,3,True,1,0.0005,0
hierarchical4_n2000_ch0.8_s20001,hierarchical4,2000,4,0.8,20001,8,-213699.11410665128,3,True,1,0.0005,0
hierarchical4_n2000_ch0.8_s20001,hierarchical4,2000,4,0.8,20001,9,-213699.11410815438,4,True,1,0.0005,0
hierarchical4_n2000_ch0.8_s20002,hierarchical4,2000,4,0.8,20002,0,-212680.4956768946,3,True,1,0.0005,0
hierarchical4_n2000_ch0.8_s20002,hierarchical4,2000,4,0.8,20002,1,-212680.4956769182,3,True,1,0.0005,0
hierarchical4_n2000_ch0.8_s20002,hierarchical4,2000,4,0.8,20002,2,-212680.49567728228,3,True,1,0.0005,0
hierarchical4_n2000_ch0.8_s20002,hierarchical4,2000,4,0.8,20002,3,-212680.49567706656,3,True,1,0.0005,0
hierarchical4_n2000_ch0.8_s20002,hierarchical4,2000,4,0.8,20002,4,-212680.49567693402,3,True,1,0.0005,0
hierarchical4_n2000_ch0.8_s20002,hierarchical4,2000,4,0.8,20002,5,-212680.49567690387,3,True,1,0.0005,0
hierarchical4_n2000_ch0.8_s20002,hierarchical4,2000,4,0.8,20002,6,-212680.49567689677,3,True,1,0.0005,0
hierarchical4_n2000_ch0.8_s20002,hierarchical4,2000,4,0.8,20002,7,-212680.49567691487,3,True,1,0.0005,0
hierarchical4_n2000_ch0.8_s20002,hierarchical4,2000,4,0.8,20002,8,-212680.4956770274,3,True,1,0.0005,0
hierarchical4_n2000_ch0.8_s20002,hierarchical4,2000,4,0.8,20002,9,-212680.495676897,3,True,1,0.0005,0
hierarchical4_n2000_ch0.8_s20003,hierarchical4,2000,4,0.8,20003,0,-215554.9803232886,3,True,0,0.0,1
hierarchical4_n2000_ch0.8_s20003,hierarchical4,2000,4,0.8,20003,1,-221019.43962265181,13,True,685,0.3425,0
hierarchical4_n2000_ch0.8_s20003,hierarchical4,2000,4,0.8,20003,2,-215554.98032331577,4,True,0,0.0,1
hierarchical4_n2000_ch0.8_s20003,hierarchical4,2000,4,0.8,20003,3,-215554.98032328876,3,True,0,0.0,1
hierarchical4_n2000_ch0.8_s20003,hierarchical4,2000,4,0.8,20003,4,-215554.98032328865,3,True,0,0.0,1
hierarchical4_n2000_ch0.8_s20003,hierarchical4,2000,4,0.8,20003,5,-215554.98032330073,3,True,0,0.0,1
hierarchical4_n2000_ch0.8_s20003,hierarchical4,2000,4,0.8,20003,6,-215554.980323297,2,True,0,0.0,1
hierarchical4_n2000_ch0.8_s20003,hierarchical4,2000,4,0.8,20003,7,-215554.98032328888,4,True,0,0.0,1
hierarchical4_n2000_ch0.8_s20003,hierarchical4,2000,4,0.8,20003,8,-215554.98032329849,3,True,0,0.0,1
hierarchical4_n2000_ch0.8_s20003,hierarchical4,2000,4,0.8,20003,9,-215554.98032328868,3,True,0,0.0,1
hierarchical4_n2000_ch0.8_s20004,hierarchical4,2000,4,0.8,20004,0,-219066.66202808073,26,True,582,0.291,0
hierarchical4_n2000_ch0.8_s20004,hierarchical4,2000,4,0.8,20004,1,-213828.83132001234,3,True,0,0.0,1
hierarchical4_n2000_ch0.8_s20004,hierarchical4,2000,4,0.8,20004,2,-213828.8313197968,3,True,0,0.0,1
hierarchical4_n2000_ch0.8_s20004,hierarchical4,2000,4,0.8,20004,3,-213828.8313217131,3,True,0,0.0,1
hierarchical4_n2000_ch0.8_s20004,hierarchical4,2000,4,0.8,20004,4,-213828.83132051706,3,True,0,0.0,1
hierarchical4_n2000_ch0.8_s20004,hierarchical4,2000,4,0.8,20004,5,-213828.83131990244,3,True,0,0.0,1
hierarchical4_n2000_ch0.8_s20004,hierarchical4,2000,4,0.8,20004,6,-213828.8313196603,3,True,0,0.0,1
hierarchical4_n2000_ch0.8_s20004,hierarchical4,2000,4,0.8,20004,7,-213828.83132030605,3,True,0,0.0,1
hierarchical4_n2000_ch0.8_s20004,hierarchical4,2000,4,0.8,20004,8,-213828.83132013807,3,True,0,0.0,1
hierarchical4_n2000_ch0.8_s20004,hierarchical4,2000,4,0.8,20004,9,-213828.83132230642,3,True,0,0.0,1
hierarchical4_n2000_ch1.4_s20000,hierarchical4,2000,4,1.4,20000,0,-327391.50807491946,3,True,0,0.0,1
hierarchical4_n2000_ch1.4_s20000,hierarchical4,2000,4,1.4,20000,1,-327391.50807491946,2,True,0,0.0,1
hierarchical4_n2000_ch1.4_s20000,hierarchical4,2000,4,1.4,20000,2,-327391.50807491946,2,True,0,0.0,1
hierarchical4_n2000_ch1.4_s20000,hierarchical4,2000,4,1.4,20000,3,-327391.50807491946,2,True,0,0.0,1
hierarchical4_n2000_ch1.4_s20000,hierarchical4,2000,4,1.4,20000,4,-327391.50807491946,2,True,0,0.0,1
hierarchical4_n2000_ch1.4_s20000,hierarchical4,2000,4,1.4,20000,5,-327391.50807491946,2,True,0,0.0,1
hierarchical4_n2000_ch1.4_s20000,hierarchical4,2000,4,1.4,20000,6,-327391.50807491946,2,True,0,0.0,1
hierarchical4_n2000_ch1.4_s20000,hierarchical4,2000,4,1.4,20000,7,-327391.50807491946,2,True,0,0.0,1
hierarchical4_n2000_ch1.4_s20000,hierarchical4,2000,4,1.4,20000,8,-327391.50807491946,3,True,0,0.0,1
hierarchical4_n2000_ch1.4_s20000,hierarchical4,2000,4,1.4,20000,9,-327391.50807491946,2,True,0,0.0,1
hierarchical4_n2000_ch1.4_s20001,hierarchical4,2000,4,1.4,20001,0,-326040.7752986519,2,True,0,0.0,1
hierarchical4_n2000_ch1.4_s20001,hierarchical4,2000,4,1.4,20001,1,-326040.77529865195,2,True,0,0.0,1
hierarchical4_n2000_ch1.4_s20001,hierarchical4,2000,4,1.4,20001,2,-326040.77529865195,3,True,0,0.0,1
hierarchical4_n2000_ch1.4_s20001,hierarchical4,2000,4,1.4,20001,3,-326040.77529865195,2,True,0,0.0,1
hierarchical4_n2000_ch1.4_s20001,hierarchical4,2000,4,1.4,20001,4,-326040.7752986519,3,True,0,0.0,1
hierarchical4_n2000_ch1.4_s20001,hierarchical4,2000,4,1.4,20001,5,-326040.77529865195,2,True,0,0.0,1
hierarchical4_n2000_ch1.4_s20001,hierarchical4,2000,4,1.4,20001,6,-326040.77529865195,3,True,0,0.0,1
hierarchical4_n2000_ch1.4_s20001,hierarchical4,2000,4,1.4,20001,7,-326040.77529865195,4,True,0,0.0,1
hierarchical4_n2000_ch1.4_s20001,hierarchical4,2000,4,1.4,20001,8,-326040.77529865195,3,True,0,0.0,1
hierarchical4_n2000_ch1.4_s20001,hierarchical4,2000,4,1.4,20001,9,-326040.77529865195,2,True,0,0.0,1
hierarchical4_n2000_ch1.4_s20002,hierarchical4,2000,4,1.4,20002,0,-325553.9496140088,2,True,0,0.0,1
hierarchical4_n2000_ch1.4_s20002,hierarchical4,2000,4,1.4,20002,1,-325553.9496140088,2,True,0,0.0,1
hierarchical4_n2000_ch1.4_s20002,hierarchical4,2000,4,1.4,20002,2,-325553.94961400883,2,True,0,0.0,1
hierarchical4_n2000_ch1.4_s20002,hierarchical4,2000,4,1.4,20002,3,-335337.76366241474,30,True,733,0.3665,0
hierarchical4_n2000_ch1.4_s20002,hierarchical4,2000,4,1.4,20002,4,-325553.9496140088,3,True,0,0.0,1
hierarchical4_n2000_ch1.4_s20002,hierarchical4,2000,4,1.4,20002,5,-325553.9496140089,2,True,0,0.0,1
hierarchical4_n2000_ch1.4_s20002,hierarchical4,2000,4,1.4,20002,6,-325553.9496140088,2,True,0,0.0,1
hierarchical4_n2000_ch1.4_s20002,hierarchical4,2000,4,1.4,20002,7,-325553.9496140088,3,True,0,0.0,1
hierarchical4_n2000_ch1.4_s20002,hierarchical4,2000,4,1.4,20002,8,-325553.9496140089,2,True,0,0.0,1
hierarchical4_n2000_ch1.4_s20002,hierarchical4,2000,4,1.4,20002,9,-325553.9496140088,3,True,0,0.0,1
hierarchical4_n2000_ch1.4_s20003,hierarchical4,2000,4,1.4,20003,0,-327478.7369176828,3,True,0,0.0,1
hierarchical4_n2000_ch1.4_s20003,hierarchical4,2000,4,1.4,20003,1,-327478.7369176828,2,True,0,0.0,1
hierarchical4_n2000_ch1.4_s20003,hierarchical4,2000,4,1.4,20003,2,-327478.7369176828,3,True,0,0.0,1
hierarchical4_n2000_ch1.4_s20003,hierarchical4,2000,4,1.4,20003,3,-327478.7369176828,3,True,0,0.0,1
hierarchical4_n2000_ch1.4_s20003,hierarchical4,2000,4,1.4,20003,4,-327478.7369176828,3,True,0,0.0,1
hierarchical4_n2000_ch1.4_s20003,hierarchical4,2000,4,1.4,20003,5,-327478.73691768275,2,True,0,0.0,1
hierarchical4_n2000_ch1.4_s20003,hierarchical4,2000,4,1.4,20003,6,-327478.7369176828,2,True,0,0.0,1
hierarchical4_n2000_ch1.4_s20003,hierarchical4,2000,4,1.4,20003,7,-337420.4653857127,44,True,738,0.369,0
hierarchical4_n2000_ch1.4_s20003,hierarchical4,2000,4,1.4,20003,8,-327478.7369176828,3,True,0,0.0,1
hierarchical4_n2000_ch1.4_s20003,hierarchical4,2000,4,1.4,20003,9,-327478.7369176828,3,True,0,0.0,1
hierarchical4_n2000_ch1.4_s20004,hierarchical4,2000,4,1.4,20004,0,-326372.0756890123,2,True,0,0.0,1
hierarchical4_n2000_ch1.4_s20004,hierarchical4,2000,4,1.4,20004,1,-326372.07568901236,2,True,0,0.0,1
hierarchical4_n2000_ch1.4_s20004,hierarchical4,2000,4,1.4,20004,2,-326372.0756890124,2,True,0,0.0,1
hierarchical4_n2000_ch1.4_s20004,hierarchical4,2000,4,1.4,20004,3,-326372.07568901253,2,True,0,0.0,1
hierarchical4_n2000_ch1.4_s20004,hierarchical4,2000,4,1.4,20004,4,-326372.0756890124,3,True,0,0.0,1
hierarchical4_n2000_ch1.4_s20004,hierarchical4,2000,4,1.4,20004,5,-326372.0756890124,3,True,0,0.0,1
hierarchical4_n2000_ch1.4_s20004,hierarchical4,2000,4,1.4,20004,6,-326372.0756890124,2,True,0,0.0,1
hierarchical4_n2000_ch1.4_s20004,hierarchical4,2000,4,1.4,20004,7,-326372.07568901236,3,True,0,0.0,1
hierarchical4_n2000_ch1.4_s20004,hierarchical4,2000,4,1.4,20004,8,-326372.0756890123,2,True,0,0.0,1
hierarchical4_n2000_ch1.4_s20004,hierarchical4,2000,4,1.4,20004,9,-326372.07568901236,3,True,0,0.0,1
symmetric2_n1000_ch0.8_s20000,symmetric2,1000,2,0.8,20000,0,-121948.63298051187,3,True,0,0.0,1
symmetric2_n1000_ch0.8_s20000,symmetric2,1000,2,0.8,20000,1,-121948.63298129829,3,True,0,0.0,1
symmetric2_n1000_ch0.8_s20000,symmetric2,1000,2,0.8,20000,2,-121948.63297823971,3,True,0,0.0,1
symmetric2_n1000_ch0.8_s20000,symmetric2,1000,2,0.8,20000,3,-121948.63297824498,3,True,0,0.0,1
symmetric2_n1000_ch0.8_s20000,symmetric2,1000,2,0.8,20000,4,-121948.63298355581,3,True,0,0.0,1
symmetric2_n1000_ch0.8_s20000,symmetric2,1000,2,0.8,20000,5,-121948.63297905002,3,True,0,0.0,1
symmetric2_n1000_ch0.8_s20000,symmetric2,1000,2,0.8,20000,6,-121948.63298030249,3,True,0,0.0,1
symmetric2_n1000_ch0.8_s20000,symmetric2,1000,2,0.8,20000,7,-121948.6329782526,4,True,0,0.0,1
symmetric2_n1000_ch0.8_s20000,symmetric2,1000,2,0.8,20000,8,-121948.63297823786,4,True,0,0.0,1
symmetric2_n1000_ch0.8_s20000,symmetric2,1000,2,0.8,20000,9,-121948.63297963914,3,True,0,0.0,1
symmetric2_n1000_ch0.8_s20001,symmetric2,1000,2,0.8,20001,0,-119739.96631228481,3,True,1,0.001,0
symmetric2_n1000_ch0.8_s20001,symmetric2,1000,2,0.8,20001,1,-119739.9663114805,4,True,1,0.001,0
symmetric2_n1000_ch0.8_s20001,symmetric2,1000,2,0.8,20001,2,-119739.96631157995,3,True,1,0.001,0
symmetric2_n1000_ch0.8_s20001,symmetric2,1000,2,0.8,20001,3,-119739.96631147902,3,True,1,0.001,0
symmetric2_n1000_ch0.8_s20001,symmetric2,1000,2,0.8,20001,4,-119739.9663524707,2,True,1,0.001,0
symmetric2_n1000_ch0.8_s20001,symmetric2,1000,2,0.8,20001,5,-119739.96631181051,4,True,1,0.001,0
symmetric2_n1000_ch0.8_s20001,symmetric2,1000,2,0.8,20001,6,-119739.96631148284,4,True,1,0.001,0
symmetric2_n1000_ch0.8_s20001,symmetric2,1000,2,0.8,20001,7,-119739.96631904712,3,True,1,0.001,0
symmetric2_n1000_ch0.8_s20001,symmetric2,1000,2,0.8,20001,8,-119739.96631433873,4,True,1,0.001,0
symmetric2_n1000_ch0.8_s20001,symmetric2,1000,2,0.8,20001,9,-119739.96633706706,3,True,1,0.001,0
symmetric2_n1000_ch0.8_s20002,symmetric2,1000,2,0.8,20002,0,-120527.50401871552,4,True,2,0.002,0
symmetric2_n1000_ch0.8_s20002,symmetric2,1000,2,0.8,20002,1,-120527.50402261376,2,True,2,0.002,0
symmetric2_n1000_ch0.8_s20002,symmetric2,1000,2,0.8,20002,2,-120527.50401825974,3,True,2,0.002,0
symmetric2_n1000_ch0.8_s20002,symmetric2,1000,2,0.8,20002,3,-120527.50401822547,3,True,2,0.002,0
symmetric2_n1000_ch0.8_s20002,symmetric2,1000,2,0.8,20002,4,-120527.50401825034,3,True,2,0.002,0
symmetric2_n1000_ch0.8_s20002,symmetric2,1000,2,0.8,20002,5,-120527.5040182407,4,True,2,0.002,0
symmetric2_n1000_ch0.8_s20002,symmetric2,1000,2,0.8,20002,6,-120527.50401822878,4,True,2,0.002,0
symmetric2_n1000_ch0.8_s20002,symmetric2,1000,2,0.8,20002,7,-120527.50401823668,4,True,2,0.002,0
symmetric2_n1000_ch0.8_s20002,symmetric2,1000,2,0.8,20002,8,-120527.50401824285,3,True,2,0.002,0
symmetric2_n1000_ch0.8_s20002,symmetric2,1000,2,0.8,20002,9,-120527.50401823231,3,True,2,0.002,0
symmetric2_n1000_ch0.8_s20003,symmetric2,1000,2,0.8,20003,0,-122063.22750450889,2,True,0,0.0,1
symmetric2_n1000_ch0.8_s20003,symmetric2,1000,2,0.8,20003,1,-122063.22747981586,3,True,0,0.0,1
symmetric2_n1000_ch0.8_s20003,symmetric2,1000,2,0.8,20003,2,-122063.2274827005,4,True,0,0.0,1
symmetric2_n1000_ch0.8_s20003,symmetric2,1000,2,0.8,20003,3,-122063.22748595326,3,True,0,0.0,1
symmetric2_n1000_ch0.8_s20003,symmetric2,1000,2,0.8,20003,4,-122063.22750495517,2,True,0,0.0,1
symmetric2_n1000_ch0.8_s20003,symmetric2,1000,2,0.8,20003,5,-122063.22747960407,3,True,0,0.0,1
symmetric2_n1000_ch0.8_s20003,symmetric2,1000,2,0.8,20003,6,-122063.22749024368,3,True,0,0.0,1
symmetric2_n1000_ch0.8_s20003,symmetric2,1000,2,0.8,20003,7,-122063.22749086336,4,True,0,0.0,1
symmetric2_n1000_ch0.8_s20003,symmetric2,1000,2,0.8,20003,8,-122063.22748056595,3,True,0,0.0,1
symmetric2_n1000_ch0.8_s20003,symmetric2,1000,2,0.8,20003,9,-122063.22749185514,3,True,0,0.0,1
symmetric2_n1000_ch0.8_s20004,symmetric2,1000,2,0.8,20004,0,-120512.5214752268,2,True,0,0.0,1
symmetric2_n1000_ch0.8_s20004,symmetric2,1000,2,0.8,20004,1,-120512.52149173888,2,True,0,0.0,1
symmetric2_n1000_ch0.8_s20004,symmetric2,1000,2,0.8,20004,2,-120512.52147861036,3,True,0,0.0,1
symmetric2_n1000_ch0.8_s20004,symmetric2,1000,2,0.8,20004,3,-120512.52147196513,4,True,0,0.0,1
symmetric2_n1000_ch0.8_s20004,symmetric2,1000,2,0.8,20004,4,-120512.52147554324,3,True,0,0.0,1
symmetric2_n1000_ch0.8_s20004,symmetric2,1000,2,0.8,20004,5,-120512.52147251663,4,True,0,0.0,1
symmetric2_n1000_ch0.8_s20004,symmetric2,1000,2,0.8,20004,6,-120512.52147190852,2,True,0,0.0,1
symmetric2_n1000_ch0.8_s20004,symmetric2,1000,2,0.8,20004,7,-120512.52147448027,2,True,0,0.0,1
symmetric2_n1000_ch0.8_s20004,symmetric2,1000,2,0.8,20004,8,-120512.52147192409,4,True,0,0.0,1
symmetric2_n1000_ch0.8_s20004,symmetric2,1000,2,0.8,20004,9,-120512.52147191894,3,True,0,0.0,1
symmetric2_n1000_ch1.4_s20000,symmetric2,1000,2,1.4,20000,0,-184370.36353610194,2,True,0,0.0,1
symmetric2_n1000_ch1.4_s20000,symmetric2,1000,2,1.4,20000,1,-184370.36353610194,3,True,0,0.0,1
symmetric2_n1000_ch1.4_s20000,symmetric2,1000,2,1.4,20000,2,-184370.36353610194,2,True,0,0.0,1
symmetric2_n1000_ch1.4_s20000,symmetric2,1000,2,1.4,20000,3,-184370.36353610197,3,True,0,0.0,1
symmetric2_n1000_ch1.4_s20000,symmetric2,1000,2,1.4,20000,4,-184370.36353610194,3,True,0,0.0,1
symmetric2_n1000_ch1.4_s20000,symmetric2,1000,2,1.4,20000,5,-184370.36353610194,2,True,0,0.0,1
symmetric2_n1000_ch1.4_s20000,symmetric2,1000,2,1.4,20000,6,-184370.3635361019,2,True,0,0.0,1
symmetric2_n1000_ch1.4_s20000,symmetric2,1000,2,1.4,20000,7,-184370.36353610194,2,True,0,0.0,1
symmetric2_n1000_ch1.4_s20000,symmetric2,1000,2,1.4,20000,8,-184370.36353610194,2,True,0,0.0,1
symmetric2_n1000_ch1.4_s20000,symmetric2,1000,2,1.4,20000,9,-184370.36353610194,2,True,0,0.0,1
symmetric2_n1000_ch1.4_s20001,symmetric2,1000,2,1.4,20001,0,-182786.41824943724,2,True,0,0.0,1
symmetric2_n1000_ch1.4_s20001,symmetric2,1000,2,1.4,20001,1,-182786.41824943724,3,True,0,0.0,1
symmetric2_n1000_ch1.4_s20001,symmetric2,1000,2,1.4,20001,2,-182786.41824943724,2,True,0,0.0,1
symmetric2_n1000_ch1.4_s20001,symmetric2,1000,2,1.4,20001,3,-182786.41824943724,2,True,0,0.0,1
symmetric2_n1000_ch1.4_s20001,symmetric2,1000,2,1.4,20001,4,-182786.41824943724,2,True,0,0.0,1
symmetric2_n1000_ch1.4_s20001,symmetric2,1000,2,1.4,20001,5,-182786.41824943724,2,True,0,0.0,1
symmetric2_n1000_ch1.4_s20001,symmetric2,1000,2,1.4,20001,6,-182786.4182494372,2,True,0,0.0,1
symmetric2_n1000_ch1.4_s20001,symmetric2,1000,2,1.4,20001,7,-182786.41824943724,2,True,0,0.0,1
symmetric2_n1000_ch1.4_s20001,symmetric2,1000,2,1.4,20001,8,-182786.4182494372,2,True,0,0.0,1
symmetric2_n1000_ch1.4_s20001,symmetric2,1000,2,1.4,20001,9,-182786.4182494372,2,True,0,0.0,1
symmetric2_n1000_ch1.4_s20002,symmetric2,1000,2,1.4,20002,0,-185140.94514076956,2,True,0,0.0,1
symmetric2_n1000_ch1.4_s20002,symmetric2,1000,2,1.4,20002,1,-185140.94514076956,2,True,0,0.0,1
symmetric2_n1000_ch1.4_s20002,symmetric2,1000,2,1.4,20002,2,-185140.94514076956,2,True,0,0.0,1
symmetric2_n1000_ch1.4_s20002,symmetric2,1000,2,1.4,20002,3,-185140.94514076956,2,True,0,0.0,1
symmetric2_n1000_ch1.4_s20002,symmetric2,1000,2,1.4,20002,4,-185140.94514076956,2,True,0,0.0,1
symmetric2_n1000_ch1.4_s20002,symmetric2,1000,2,1.4,20002,5,-185140.94514076956,2,True,0,0.0,1
symmetric2_n1000_ch1.4_s20002,symmetric2,1000,2,1.4,20002,6,-185140.94514076956,2,True,0,0.0,1
symmetric2_n1000_ch1.4_s20002,symmetric2,1000,2,1.4,20002,7,-185140.94514076956,3,True,0,0.0,1
symmetric2_n1000_ch1.4_s20002,symmetric2,1000,2,1.4,20002,8,-185140.94514076956,2,True,0,0.0,1
symmetric2_n1000_ch1.4_s20002,symmetric2,1000,2,1.4,20002,9,-185140.94514076953,2,True,0,0.0,1
symmetric2_n1000_ch1.4_s20003,symmetric2,1000,2,1.4,20003,0,-185585.05656085187,2,True,0,0.0,1
symmetric2_n1000_ch1.4_s20003,symmetric2,1000,2,1.4,20003,1,-185585.05656085187,2,True,0,0.0,1
symmetric2_n1000_ch1.4_s20003,symmetric2,1000,2,1.4,20003,2,-185585.0565608519,2,True,0,0.0,1
symmetric2_n1000_ch1.4_s20003,symmetric2,1000,2,1.4,20003,3,-185585.0565608519,2,True,0,0.0,1
symmetric2_n1000_ch1.4_s20003,symmetric2,1000,2,1.4,20003,4,-185585.05656085187,2,True,0,0.0,1
symmetric2_n1000_ch1.4_s20003,symmetric2,1000,2,1.4,20003,5,-185585.05656085187,2,True,0,0.0,1
symmetric2_n1000_ch1.4_s20003,symmetric2,1000,2,1.4,20003,6,-185585.0565608519,2,True,0,0.0,1
symmetric2_n1000_ch1.4_s20003,symmetric2,1000,2,1.4,20003,7,-185585.05656085187,2,True,0,0.0,1
symmetric2_n1000_ch1.4_s20003,symmetric2,1000,2,1.4,20003,8,-185585.05656085187,2,True,0,0.0,1
symmetric2_n1000_ch1.4_s20003,symmetric2,1000,2,1.4,20003,9,-185585.0565608519,2,True,0,0.0,1
symmetric2_n1000_ch1.4_s20004,symmetric2,1000,2,1.4,20004,0,-185430.4488072173,2,True,0,0.0,1
symmetric2_n1000_ch1.4_s20004,symmetric2,1000,2,1.4,20004,1,-185430.4488072173,2,True,0,0.0,1
symmetric2_n1000_ch1.4_s20004,symmetric2,1000,2,1.4,20004,2,-185430.4488072173,2,True,0,0.0,1
symmetric2_n1000_ch1.4_s20004,symmetric2,1000,2,1.4,20004,3,-185430.4488072173,2,True,0,0.0,1
symmetric2_n1000_ch1.4_s20004,symmetric2,1000,2,1.4,20004,4,-185430.4488072173,2,True,0,0.0,1
symmetric2_n1000_ch1.4_s20004,symmetric2,1000,2,1.4,20004,5,-185430.4488072173,2,True,0,0.0,1
symmetric2_n1000_ch1.4_s20004,symmetric2,1000,2,1.4,20004,6,-185430.4488072173,2,True,0,0.0,1
symmetric2_n1000_ch1.4_s20004,symmetric2,1000,2,1.4,20004,7,-185430.44880721733,2,True,0,0.0,1
symmetric2_n1000_ch1.4_s20004,symmetric2,1000,2,1.4,20004,8,-185430.4488072173,2,True,0,0.0,1
symmetric2_n1000_ch1.4_s20004,symmetric2,1000,2,1.4,20004,9,-185430.44880721733,2,True,0,0.0,1
symmetric2_n2000_ch0.8_s20000,symmetric2,2000,2,0.8,20000,0,-306730.72427456826,4,True,0,0.0,1
symmetric2_n2000_ch0.8_s20000,symmetric2,2000,2,0.8,20000,1,-306730.7242745663,3,True,0,0.0,1
symmetric2_n2000_ch0.8_s20000,symmetric2,2000,2,0.8,20000,2,-306730.72427456686,3,True,0,0.0,1
symmetric2_n2000_ch0.8_s20000,symmetric2,2000,2,0.8,20000,3,-306730.72427492077,2,True,0,0.0,1
symmetric2_n2000_ch0.8_s20000,symmetric2,2000,2,0.8,20000,4,-306730.72427459626,2,True,0,0.0,1
symmetric2_n2000_ch0.8_s20000,symmetric2,2000,2,0.8,20000,5,-306730.7242745949,3,True,0,0.0,1
symmetric2_n2000_ch0.8_s20000,symmetric2,2000,2,0.8,20000,6,-306730.7242745775,3,True,0,0.0,1
symmetric2_n2000_ch0.8_s20000,symmetric2,2000,2,0.8,20000,7,-306730.7242746756,2,True,0,0.0,1
symmetric2_n2000_ch0.8_s20000,symmetric2,2000,2,0.8,20000,8,-306730.72427491815,2,True,0,0.0,1
symmetric2_n2000_ch0.8_s20000,symmetric2,2000,2,0.8,20000,9,-306730.72427457117,2,True,0,0.0,1
symmetric2_n2000_ch0.8_s20001,symmetric2,2000,2,0.8,20001,0,-300573.6152359175,2,True,0,0.0,1
symmetric2_n2000_ch0.8_s20001,symmetric2,2000,2,0.8,20001,1,-300573.615233562,3,True,0,0.0,1
symmetric2_n2000_ch0.8_s20001,symmetric2,2000,2,0.8,20001,2,-300573.61523629876,3,True,0,0.0,1
symmetric2_n2000_ch0.8_s20001,symmetric2,2000,2,0.8,20001,3,-300573.6152314797,3,True,0,0.0,1
symmetric2_n2000_ch0.8_s20001,symmetric2,2000,2,0.8,20001,4,-300573.6152327048,4,True,0,0.0,1
symmetric2_n2000_ch0.8_s20001,symmetric2,2000,2,0.8,20001,5,-300573.61523149256,3,True,0,0.0,1
symmetric2_n2000_ch0.8_s20001,symmetric2,2000,2,0.8,20001,6,-300573.6152314765,4,True,0,0.0,1
symmetric2_n2000_ch0.8_s20001,symmetric2,2000,2,0.8,20001,7,-300573.6152314302,3,True,0,0.0,1
symmetric2_n2000_ch0.8_s20001,symmetric2,2000,2,0.8,20001,8,-300573.6152314218,3,True,0,0.0,1
symmetric2_n2000_ch0.8_s20001,symmetric2,2000,2,0.8,20001,9,-300573.61523934617,2,True,0,0.0,1
symmetric2_n2000_ch0.8_s20002,symmetric2,2000,2,0.8,20002,0,-301065.00180839456,3,True,1,0.0005,0
symmetric2_n2000_ch0.8_s20002,symmetric2,2000,2,0.8,20002,1,-301065.00181019655,2,True,1,0.0005,0
symmetric2_n2000_ch0.8_s20002,symmetric2,2000,2,0.8,20002,2,-301065.0018083975,3,True,1,0.0005,0
symmetric2_n2000_ch0.8_s20002,symmetric2,2000,2,0.8,20002,3,-301065.0018084814,3,True,1,0.0005,0
symmetric2_n2000_ch0.8_s20002,symmetric2,2000,2,0.8,20002,4,-301065.0018083948,3,True,1,0.0005,0
symmetric2_n2000_ch0.8_s20002,symmetric2,2000,2,0.8,20002,5,-301065.00180863705,3,True,1,0.0005,0
symmetric2_n2000_ch0.8_s20002,symmetric2,2000,2,0.8,20002,6,-301065.0018084381,3,True,1,0.0005,0
symmetric2_n2000_ch0.8_s20002,symmetric2,2000,2,0.8,20002,7,-301065.0018084219,2,True,1,0.0005,0
symmetric2_n2000_ch0.8_s20002,symmetric2,2000,2,0.8,20002,8,-301065.0018083971,3,True,1,0.0005,0
symmetric2_n2000_ch0.8_s20002,symmetric2,2000,2,0.8,20002,9,-301065.00181000633,2,True,1,0.0005,0
symmetric2_n2000_ch0.8_s20003,symmetric2,2000,2,0.8,20003,0,-304337.3140674947,3,True,0,0.0,1
symmetric2_n2000_ch0.8_s20003,symmetric2,2000,2,0.8,20003,1,-304337.3140666308,3,True,0,0.0,1
symmetric2_n2000_ch0.8_s20003,symmetric2,2000,2,0.8,20003,2,-304337.3140666304,3,True,0,0.0,1
symmetric2_n2000_ch0.8_s20003,symmetric2,2000,2,0.8,20003,3,-304337.3140669406,4,True,0,0.0,1
symmetric2_n2000_ch0.8_s20003,symmetric2,2000,2,0.8,20003,4,-304337.3140719379,2,True,0,0.0,1
symmetric2_n2000_ch0.8_s20003,symmetric2,2000,2,0.8,20003,5,-304337.3140666296,5,True,0,0.0,1
symmetric2_n2000_ch0.8_s20003,symmetric2,2000,2,0.8,20003,6,-304337.3140666445,3,True,0,0.0,1
symmetric2_n2000_ch0.8_s20003,symmetric2,2000,2,0.8,20003,7,-304337.31406663137,3,True,0,0.0,1
symmetric2_n2000_ch0.8_s20003,symmetric2,2000,2,0.8,20003,8,-304337.3140693605,3,True,0,0.0,1
symmetric2_n2000_ch0.8_s20003,symmetric2,2000,2,0.8,20003,9,-304337.31407340773,2,True,0,0.0,1
symmetric2_n2000_ch0.8_s20004,symmetric2,2000,2,0.8,20004,0,-303026.2292697777,3,True,0,0.0,1
symmetric2_n2000_ch0.8_s20004,symmetric2,2000,2,0.8,20004,1,-303026.22927143786,3,True,0,0.0,1
symmetric2_n2000_ch0.8_s20004,symmetric2,2000,2,0.8,20004,2,-303026.2292715404,3,True,0,0.0,1
symmetric2_n2000_ch0.8_s20004,symmetric2,2000,2,0.8,20004,3,-303026.22926979495,2,True,0,0.0,1
symmetric2_n2000_ch0.8_s20004,symmetric2,2000,2,0.8,20004,4,-303026.2292770432,2,True,0,0.0,1
symmetric2_n2000_ch0.8_s20004,symmetric2,2000,2,0.8,20004,5,-303026.2292698502,3,True,0,0.0,1
symmetric2_n2000_ch0.8_s20004,symmetric2,2000,2,0.8,20004,6,-303026.2292736731,3,True,0,0.0,1
symmetric2_n2000_ch0.8_s20004,symmetric2,2000,2,0.8,20004,7,-303026.22926977696,3,True,0,0.0,1
symmetric2_n2000_ch0.8_s20004,symmetric2,2000,2,0.8,20004,8,-303026.22926978755,3,True,0,0.0,1
symmetric2_n2000_ch0.8_s20004,symmetric2,2000,2,0.8,20004,9,-303026.22926982306,4,True,0,0.0,1
symmetric2_n2000_ch1.4_s20000,symmetric2,2000,2,1.4,20000,0,-474969.26328564645,2,True,0,0.0,1
symmetric2_n2000_ch1.4_s20000,symmetric2,2000,2,1.4,20000,1,-474969.26328564645,2,True,0,0.0,1
symmetric2_n2000_ch1.4_s20000,symmetric2,2000,2,1.4,20000,2,-474969.2632856465,2,True,0,0.0,1
symmetric2_n2000_ch1.4_s20000,symmetric2,2000,2,1.4,20000,3,-474969.2632856465,2,True,0,0.0,1
symmetric2_n2000_ch1.4_s20000,symmetric2,2000,2,1.4,20000,4,-474969.26328564645,2,True,0,0.0,1
symmetric2_n2000_ch1.4_s20000,symmetric2,2000,2,1.4,20000,5,-474969.26328564645,2,True,0,0.0,1
symmetric2_n2000_ch1.4_s20000,symmetric2,2000,2,1.4,20000,6,-474969.26328564645,3,True,0,0.0,1
symmetric2_n2000_ch1.4_s20000,symmetric2,2000,2,1.4,20000,7,-474969.2632856465,2,True,0,0.0,1
symmetric2_n2000_ch1.4_s20000,symmetric2,2000,2,1.4,20000,8,-474969.26328564656,2,True,0,0.0,1
symmetric2_n2000_ch1.4_s20000,symmetric2,2000,2,1.4,20000,9,-474969.26328564645,2,True,0,0.0,1
symmetric2_n2000_ch1.4_s20001,symmetric2,2000,2,1.4,20001,0,-469082.7090482219,2,True,0,0.0,1
symmetric2_n2000_ch1.4_s20001,symmetric2,2000,2,1.4,20001,1,-469082.70904822194,2,True,0,0.0,1
symmetric2_n2000_ch1.4_s20001,symmetric2,2000,2,1.4,20001,2,-469082.70904822194,2,True,0,0.0,1
symmetric2_n2000_ch1.4_s20001,symmetric2,2000,2,1.4,20001,3,-469082.7090482219,2,True,0,0.0,1
symmetric2_n2000_ch1.4_s20001,symmetric2,2000,2,1.4,20001,4,-469082.70904822194,2,True,0,0.0,1
symmetric2_n2000_ch1.4_s20001,symmetric2,2000,2,1.4,20001,5,-469082.70904822194,2,True,0,0.0,1
symmetric2_n2000_ch1.4_s20001,symmetric2,2000,2,1.4,20001,6,-469082.70904822194,3,True,0,0.0,1
symmetric2_n2000_ch1.4_s20001,symmetric2,2000,2,1.4,20001,7,-469082.70904822194,2,True,0,0.0,1
symmetric2_n2000_ch1.4_s20001,symmetric2,2000,2,1.4,20001,8,-469082.7090482219,2,True,0,0.0,1
symmetric2_n2000_ch1.4_s20001,symmetric2,2000,2,1.4,20001,9,-469082.70904822194,2,True,0,0.0,1
symmetric2_n2000_ch1.4_s20002,symmetric2,2000,2,1.4,20002,0,-469997.2611363098,2,True,0,0.0,1
symmetric2_n2000_ch1.4_s20002,symmetric2,2000,2,1.4,20002,1,-469997.2611363098,2,True,0,0.0,1
symmetric2_n2000_ch1.4_s20002,symmetric2,2000,2,1.4,20002,2,-469997.2611363098,2,True,0,0.0,1
symmetric2_n2000_ch1.4_s20002,symmetric2,2000,2,1.4,20002,3,-469997.2611363098,2,True,0,0.0,1
symmetric2_n2000_ch1.4_s20002,symmetric2,2000,2,1.4,20002,4,-469997.2611363098,2,True,0,0.0,1
symmetric2_n2000_ch1.4_s20002,symmetric2,2000,2,1.4,20002,5,-469997.2611363098,2,True,0,0.0,1
symmetric2_n2000_ch1.4_s20002,symmetric2,2000,2,1.4,20002,6,-469997.2611363098,2,True,0,0.0,1
symmetric2_n2000_ch1.4_s20002,symmetric2,2000,2,1.4,20002,7,-469997.2611363098,2,True,0,0.0,1
symmetric2_n2000_ch1.4_s20002,symmetric2,2000,2,1.4,20002,8,-469997.2611363098,2,True,0,0.0,1
symmetric2_n2000_ch1.4_s20002,symmetric2,2000,2,1.4,20002,9,-469997.2611363098,2,True,0,0.0,1
symmetric2_n2000_ch1.4_s20003,symmetric2,2000,2,1.4,20003,0,-472343.0183504334,2,True,0,0.0,1
symmetric2_n2000_ch1.4_s20003,symmetric2,2000,2,1.4,20003,1,-472343.0183504333,2,True,0,0.0,1
symmetric2_n2000_ch1.4_s20003,symmetric2,2000,2,1.4,20003,2,-472343.0183504334,2,True,0,0.0,1
symmetric2_n2000_ch1.4_s20003,symmetric2,2000,2,1.4,20003,3,-472343.0183504333,2,True,0,0.0,1
symmetric2_n2000_ch1.4_s20003,symmetric2,2000,2,1.4,20003,4,-472343.0183504334,2,True,0,0.0,1
symmetric2_n2000_ch1.4_s20003,symmetric2,2000,2,1.4,20003,5,-472343.0183504334,2,True,0,0.0,1
symmetric2_n2000_ch1.4_s20003,symmetric2,2000,2,1.4,20003,6,-472343.0183504333,2,True,0,0.0,1
symmetric2_n2000_ch1.4_s20003,symmetric2,2000,2,1.4,20003,7,-472343.0183504334,2,True,0,0.0,1
symmetric2_n2000_ch1.4_s20003,symmetric2,2000,2,1.4,20003,8,-472343.0183504333,2,True,0,0.0,1
symmetric2_n2000_ch1.4_s20003,symmetric2,2000,2,1.4,20003,9,-472343.0183504333,2,True,0,0.0,1
symmetric2_n2000_ch1.4_s20004,symmetric2,2000,2,1.4,20004,0,-470482.4184594891,2,True,0,0.0,1
symmetric2_n2000_ch1.4_s20004,symmetric2,2000,2,1.4,20004,1,-470482.4184594891,2,True,0,0.0,1
symmetric2_n2000_ch1.4_s20004,symmetric2,2000,2,1.4,20004,2,-470482.4184594891,2,True,0,0.0,1
symmetric2_n2000_ch1.4_s20004,symmetric2,2000,2,1.4,20004,3,-470482.4184594891,2,True,0,0.0,1
symmetric2_n2000_ch1.4_s20004,symmetric2,2000,2,1.4,20004,4,-470482.4184594891,2,True,0,0.0,1
symmetric2_n2000_ch1.4_s20004,symmetric2,2000,2,1.4,20004,5,-470482.4184594891,3,True,0,0.0,1
symmetric2_n2000_ch1.4_s20004,symmetric2,2000,2,1.4,20004,6,-470482.4184594891,2,True,0,0.0,1
symmetric2_n2000_ch1.4_s20004,symmetric2,2000,2,1.4,20004,7,-470482.4184594891,2,True,0,0.0,1
symmetric2_n2000_ch1.4_s20004,symmetric2,2000,2,1.4,20004,8,-470482.4184594891,2,True,0,0.0,1
symmetric2_n2000_ch1.4_s20004,symmetric2,2000,2,1.4,20004,9,-470482.41845948907,2,True,0,0.0,1
unequal3_n1000_ch0.8_s20000,unequal3,1000,3,0.8,20000,0,-94296.53416879548,3,True,3,0.003,0
unequal3_n1000_ch0.8_s20000,unequal3,1000,3,0.8,20000,1,-94296.53409326449,3,True,3,0.003,0
unequal3_n1000_ch0.8_s20000,unequal3,1000,3,0.8,20000,2,-94296.53428753567,6,True,3,0.003,0
unequal3_n1000_ch0.8_s20000,unequal3,1000,3,0.8,20000,3,-94296.53409474372,3,True,3,0.003,0
unequal3_n1000_ch0.8_s20000,unequal3,1000,3,0.8,20000,4,-96229.7541780118,31,True,354,0.354,0
unequal3_n1000_ch0.8_s20000,unequal3,1000,3,0.8,20000,5,-94296.53432732238,4,True,3,0.003,0
unequal3_n1000_ch0.8_s20000,unequal3,1000,3,0.8,20000,6,-94296.53412674138,4,True,3,0.003,0
unequal3_n1000_ch0.8_s20000,unequal3,1000,3,0.8,20000,7,-94296.53409497732,7,True,3,0.003,0
unequal3_n1000_ch0.8_s20000,unequal3,1000,3,0.8,20000,8,-94296.53409203317,3,True,3,0.003,0
unequal3_n1000_ch0.8_s20000,unequal3,1000,3,0.8,20000,9,-94296.53419561019,3,True,3,0.003,0
unequal3_n1000_ch0.8_s20001,unequal3,1000,3,0.8,20001,0,-88788.6711567712,4,True,6,0.006,0
unequal3_n1000_ch0.8_s20001,unequal3,1000,3,0.8,20001,1,-88788.67109309431,4,True,6,0.006,0
unequal3_n1000_ch0.8_s20001,unequal3,1000,3,0.8,20001,2,-89197.3949029907,20,True,423,0.423,0
unequal3_n1000_ch0.8_s20001,unequal3,1000,3,0.8,20001,3,-88788.67138675213,4,True,6,0.006,0
unequal3_n1000_ch0.8_s20001,unequal3,1000,3,0.8,20001,4,-88788.6708474029,8,True,6,0.006,0
unequal3_n1000_ch0.8_s20001,unequal3,1000,3,0.8,20001,5,-89197.37614751958,20,True,425,0.425,0
unequal3_n1000_ch0.8_s20001,unequal3,1000,3,0.8,20001,6,-88788.67065205051,5,True,6,0.006,0
unequal3_n1000_ch0.8_s20001,unequal3,1000,3,0.8,20001,7,-88788.67117807499,3,True,6,0.006,0
unequal3_n1000_ch0.8_s20001,unequal3,1000,3,0.8,20001,8,-88788.67027836491,6,True,6,0.006,0
unequal3_n1000_ch0.8_s20001,unequal3,1000,3,0.8,20001,9,-89197.39828190468,22,True,423,0.423,0
unequal3_n1000_ch0.8_s20002,unequal3,1000,3,0.8,20002,0,-92420.60943285101,3,True,0,0.0,1
unequal3_n1000_ch0.8_s20002,unequal3,1000,3,0.8,20002,1,-92420.60943287931,3,True,0,0.0,1
unequal3_n1000_ch0.8_s20002,unequal3,1000,3,0.8,20002,2,-94700.45416336524,52,True,288,0.288,0
unequal3_n1000_ch0.8_s20002,unequal3,1000,3,0.8,20002,3,-92420.60943317186,3,True,0,0.0,1
unequal3_n1000_ch0.8_s20002,unequal3,1000,3,0.8,20002,4,-92420.60943284613,3,True,0,0.0,1
unequal3_n1000_ch0.8_s20002,unequal3,1000,3,0.8,20002,5,-92420.60943250639,3,True,0,0.0,1
unequal3_n1000_ch0.8_s20002,unequal3,1000,3,0.8,20002,6,-92420.60943255146,3,True,0,0.0,1
unequal3_n1000_ch0.8_s20002,unequal3,1000,3,0.8,20002,7,-92420.60943260965,5,True,0,0.0,1
unequal3_n1000_ch0.8_s20002,unequal3,1000,3,0.8,20002,8,-92420.60943254108,6,True,0,0.0,1
unequal3_n1000_ch0.8_s20002,unequal3,1000,3,0.8,20002,9,-92420.60943253317,3,True,0,0.0,1
unequal3_n1000_ch0.8_s20003,unequal3,1000,3,0.8,20003,0,-92827.84782252919,3,True,0,0.0,1
unequal3_n1000_ch0.8_s20003,unequal3,1000,3,0.8,20003,1,-92827.84777721994,3,True,0,0.0,1
unequal3_n1000_ch0.8_s20003,unequal3,1000,3,0.8,20003,2,-92827.84777893273,3,True,0,0.0,1
unequal3_n1000_ch0.8_s20003,unequal3,1000,3,0.8,20003,3,-92827.8477783699,3,True,0,0.0,1
unequal3_n1000_ch0.8_s20003,unequal3,1000,3,0.8,20003,4,-92827.84778792021,3,True,0,0.0,1
unequal3_n1000_ch0.8_s20003,unequal3,1000,3,0.8,20003,5,-92827.84777720828,3,True,0,0.0,1
unequal3_n1000_ch0.8_s20003,unequal3,1000,3,0.8,20003,6,-92827.84782933522,3,True,0,0.0,1
unequal3_n1000_ch0.8_s20003,unequal3,1000,3,0.8,20003,7,-92827.84779510484,5,True,0,0.0,1
unequal3_n1000_ch0.8_s20003,unequal3,1000,3,0.8,20003,8,-92827.84786888864,3,True,0,0.0,1
unequal3_n1000_ch0.8_s20003,unequal3,1000,3,0.8,20003,9,-92827.84777861397,3,True,0,0.0,1
unequal3_n1000_ch0.8_s20004,unequal3,1000,3,0.8,20004,0,-94084.8202791486,3,True,0,0.0,1
unequal3_n1000_ch0.8_s20004,unequal3,1000,3,0.8,20004,1,-94084.82025899275,3,True,0,0.0,1
unequal3_n1000_ch0.8_s20004,unequal3,1000,3,0.8,20004,2,-94084.82026445598,3,True,0,0.0,1
unequal3_n1000_ch0.8_s20004,unequal3,1000,3,0.8,20004,3,-94084.82027015796,3,True,0,0.0,1
unequal3_n1000_ch0.8_s20004,unequal3,1000,3,0.8,20004,4,-95993.2843016074,15,True,397,0.397,0
unequal3_n1000_ch0.8_s20004,unequal3,1000,3,0.8,20004,5,-94084.82026073405,6,True,0,0.0,1
unequal3_n1000_ch0.8_s20004,unequal3,1000,3,0.8,20004,6,-94084.82027233273,3,True,0,0.0,1
unequal3_n1000_ch0.8_s20004,unequal3,1000,3,0.8,20004,7,-94084.82025821328,3,True,0,0.0,1
unequal3_n1000_ch0.8_s20004,unequal3,1000,3,0.8,20004,8,-94084.82029307523,8,True,0,0.0,1
unequal3_n1000_ch0.8_s20004,unequal3,1000,3,0.8,20004,9,-94084.82025490553,3,True,0,0.0,1
unequal3_n1000_ch1.4_s20000,unequal3,1000,3,1.4,20000,0,-140148.43270788423,5,True,0,0.0,1
unequal3_n1000_ch1.4_s20000,unequal3,1000,3,1.4,20000,1,-140148.43270788423,3,True,0,0.0,1
unequal3_n1000_ch1.4_s20000,unequal3,1000,3,1.4,20000,2,-140148.43270788423,3,True,0,0.0,1
unequal3_n1000_ch1.4_s20000,unequal3,1000,3,1.4,20000,3,-140148.43270788423,3,True,0,0.0,1
unequal3_n1000_ch1.4_s20000,unequal3,1000,3,1.4,20000,4,-143923.04991557403,8,True,200,0.2,0
unequal3_n1000_ch1.4_s20000,unequal3,1000,3,1.4,20000,5,-140148.43270788423,2,True,0,0.0,1
unequal3_n1000_ch1.4_s20000,unequal3,1000,3,1.4,20000,6,-140148.43270788423,2,True,0,0.0,1
unequal3_n1000_ch1.4_s20000,unequal3,1000,3,1.4,20000,7,-140148.43270788423,3,True,0,0.0,1
unequal3_n1000_ch1.4_s20000,unequal3,1000,3,1.4,20000,8,-140148.43270788423,3,True,0,0.0,1
unequal3_n1000_ch1.4_s20000,unequal3,1000,3,1.4,20000,9,-140148.43270788423,3,True,0,0.0,1
unequal3_n1000_ch1.4_s20001,unequal3,1000,3,1.4,20001,0,-138264.65075278698,2,True,0,0.0,1
unequal3_n1000_ch1.4_s20001,unequal3,1000,3,1.4,20001,1,-138264.650752787,3,True,0,0.0,1
unequal3_n1000_ch1.4_s20001,unequal3,1000,3,1.4,20001,2,-138264.65075278698,2,True,0,0.0,1
unequal3_n1000_ch1.4_s20001,unequal3,1000,3,1.4,20001,3,-138264.65075278698,3,True,0,0.0,1
unequal3_n1000_ch1.4_s20001,unequal3,1000,3,1.4,20001,4,-138264.650752787,2,True,0,0.0,1
unequal3_n1000_ch1.4_s20001,unequal3,1000,3,1.4,20001,5,-138264.65075278698,2,True,0,0.0,1
unequal3_n1000_ch1.4_s20001,unequal3,1000,3,1.4,20001,6,-138264.650752787,2,True,0,0.0,1
unequal3_n1000_ch1.4_s20001,unequal3,1000,3,1.4,20001,7,-138264.65075278698,2,True,0,0.0,1
unequal3_n1000_ch1.4_s20001,unequal3,1000,3,1.4,20001,8,-138264.650752787,3,True,0,0.0,1
unequal3_n1000_ch1.4_s20001,unequal3,1000,3,1.4,20001,9,-138264.65075278698,2,True,0,0.0,1
unequal3_n1000_ch1.4_s20002,unequal3,1000,3,1.4,20002,0,-139992.34345043765,3,True,0,0.0,1
unequal3_n1000_ch1.4_s20002,unequal3,1000,3,1.4,20002,1,-139992.34345043765,2,True,0,0.0,1
unequal3_n1000_ch1.4_s20002,unequal3,1000,3,1.4,20002,2,-139992.34345043765,2,True,0,0.0,1
unequal3_n1000_ch1.4_s20002,unequal3,1000,3,1.4,20002,3,-139992.34345043765,3,True,0,0.0,1
unequal3_n1000_ch1.4_s20002,unequal3,1000,3,1.4,20002,4,-139992.34345043765,2,True,0,0.0,1
unequal3_n1000_ch1.4_s20002,unequal3,1000,3,1.4,20002,5,-139992.34345043765,2,True,0,0.0,1
unequal3_n1000_ch1.4_s20002,unequal3,1000,3,1.4,20002,6,-139992.34345043765,3,True,0,0.0,1
unequal3_n1000_ch1.4_s20002,unequal3,1000,3,1.4,20002,7,-139992.34345043765,3,True,0,0.0,1
unequal3_n1000_ch1.4_s20002,unequal3,1000,3,1.4,20002,8,-139992.34345043765,3,True,0,0.0,1
unequal3_n1000_ch1.4_s20002,unequal3,1000,3,1.4,20002,9,-139992.34345043765,3,True,0,0.0,1
unequal3_n1000_ch1.4_s20003,unequal3,1000,3,1.4,20003,0,-140137.5390030971,2,True,0,0.0,1
unequal3_n1000_ch1.4_s20003,unequal3,1000,3,1.4,20003,1,-140137.5390030971,2,True,0,0.0,1
unequal3_n1000_ch1.4_s20003,unequal3,1000,3,1.4,20003,2,-140137.5390030971,2,True,0,0.0,1
unequal3_n1000_ch1.4_s20003,unequal3,1000,3,1.4,20003,3,-140137.5390030971,2,True,0,0.0,1
unequal3_n1000_ch1.4_s20003,unequal3,1000,3,1.4,20003,4,-140137.53900309713,2,True,0,0.0,1
unequal3_n1000_ch1.4_s20003,unequal3,1000,3,1.4,20003,5,-140137.5390030971,2,True,0,0.0,1
unequal3_n1000_ch1.4_s20003,unequal3,1000,3,1.4,20003,6,-140137.5390030971,2,True,0,0.0,1
unequal3_n1000_ch1.4_s20003,unequal3,1000,3,1.4,20003,7,-140137.5390030971,5,True,0,0.0,1
unequal3_n1000_ch1.4_s20003,unequal3,1000,3,1.4,20003,8,-140137.5390030971,2,True,0,0.0,1
unequal3_n1000_ch1.4_s20003,unequal3,1000,3,1.4,20003,9,-140137.5390030971,3,True,0,0.0,1
unequal3_n1000_ch1.4_s20004,unequal3,1000,3,1.4,20004,0,-140365.4406824774,3,True,0,0.0,1
unequal3_n1000_ch1.4_s20004,unequal3,1000,3,1.4,20004,1,-140365.44068247738,3,True,0,0.0,1
unequal3_n1000_ch1.4_s20004,unequal3,1000,3,1.4,20004,2,-140365.4406824774,3,True,0,0.0,1
unequal3_n1000_ch1.4_s20004,unequal3,1000,3,1.4,20004,3,-140365.4406824774,2,True,0,0.0,1
unequal3_n1000_ch1.4_s20004,unequal3,1000,3,1.4,20004,4,-140365.44068247738,3,True,0,0.0,1
unequal3_n1000_ch1.4_s20004,unequal3,1000,3,1.4,20004,5,-140365.4406824774,3,True,0,0.0,1
unequal3_n1000_ch1.4_s20004,unequal3,1000,3,1.4,20004,6,-140365.44068247738,3,True,0,0.0,1
unequal3_n1000_ch1.4_s20004,unequal3,1000,3,1.4,20004,7,-140365.4406824774,3,True,0,0.0,1
unequal3_n1000_ch1.4_s20004,unequal3,1000,3,1.4,20004,8,-140365.4406824774,3,True,0,0.0,1
unequal3_n1000_ch1.4_s20004,unequal3,1000,3,1.4,20004,9,-140365.44068247738,3,True,0,0.0,1
unequal3_n2000_ch0.8_s20000,unequal3,2000,3,0.8,20000,0,-235385.10869556107,6,True,0,0.0,1
unequal3_n2000_ch0.8_s20000,unequal3,2000,3,0.8,20000,1,-235385.1086955648,3,True,0,0.0,1
unequal3_n2000_ch0.8_s20000,unequal3,2000,3,0.8,20000,2,-240242.6879486881,43,True,850,0.425,0
unequal3_n2000_ch0.8_s20000,unequal3,2000,3,0.8,20000,3,-235385.1086955619,3,True,0,0.0,1
unequal3_n2000_ch0.8_s20000,unequal3,2000,3,0.8,20000,4,-235385.10869938257,3,True,0,0.0,1
unequal3_n2000_ch0.8_s20000,unequal3,2000,3,0.8,20000,5,-240242.60783218837,8,True,844,0.422,0
unequal3_n2000_ch0.8_s20000,unequal3,2000,3,0.8,20000,6,-235385.10869567885,3,True,0,0.0,1
unequal3_n2000_ch0.8_s20000,unequal3,2000,3,0.8,20000,7,-235385.10869575077,3,True,0,0.0,1
unequal3_n2000_ch0.8_s20000,unequal3,2000,3,0.8,20000,8,-235385.10870244197,3,True,0,0.0,1
unequal3_n2000_ch0.8_s20000,unequal3,2000,3,0.8,20000,9,-235385.10869559532,6,True,0,0.0,1
unequal3_n2000_ch0.8_s20001,unequal3,2000,3,0.8,20001,0,-233353.5832670243,3,True,0,0.0,1
unequal3_n2000_ch0.8_s20001,unequal3,2000,3,0.8,20001,1,-233353.5832670102,3,True,0,0.0,1
unequal3_n2000_ch0.8_s20001,unequal3,2000,3,0.8,20001,2,-233353.58326700953,2,True,0,0.0,1
unequal3_n2000_ch0.8_s20001,unequal3,2000,3,0.8,20001,3,-233353.58326700947,3,True,0,0.0,1
unequal3_n2000_ch0.8_s20001,unequal3,2000,3,0.8,20001,4,-233353.58326700947,3,True,0,0.0,1
unequal3_n2000_ch0.8_s20001,unequal3,2000,3,0.8,20001,5,-233353.58326700947,3,True,0,0.0,1
unequal3_n2000_ch0.8_s20001,unequal3,2000,3,0.8,20001,6,-233353.58326701223,3,True,0,0.0,1
unequal3_n2000_ch0.8_s20001,unequal3,2000,3,0.8,20001,7,-233353.58326700964,4,True,0,0.0,1
unequal3_n2000_ch0.8_s20001,unequal3,2000,3,0.8,20001,8,-233353.58326700953,3,True,0,0.0,1
unequal3_n2000_ch0.8_s20001,unequal3,2000,3,0.8,20001,9,-233353.58326700953,3,True,0,0.0,1
unequal3_n2000_ch0.8_s20002,unequal3,2000,3,0.8,20002,0,-232637.2983738783,5,True,0,0.0,1
unequal3_n2000_ch0.8_s20002,unequal3,2000,3,0.8,20002,1,-232637.29837825152,3,True,0,0.0,1
unequal3_n2000_ch0.8_s20002,unequal3,2000,3,0.8,20002,2,-232637.29837360777,3,True,0,0.0,1
unequal3_n2000_ch0.8_s20002,unequal3,2000,3,0.8,20002,3,-232637.29837463837,3,True,0,0.0,1
unequal3_n2000_ch0.8_s20002,unequal3,2000,3,0.8,20002,4,-232637.29837372113,3,True,0,0.0,1
unequal3_n2000_ch0.8_s20002,unequal3,2000,3,0.8,20002,5,-232637.29837372992,3,True,0,0.0,1
unequal3_n2000_ch0.8_s20002,unequal3,2000,3,0.8,20002,6,-232637.2983735963,3,True,0,0.0,1
unequal3_n2000_ch0.8_s20002,unequal3,2000,3,0.8,20002,7,-232637.29838505696,3,True,0,0.0,1
unequal3_n2000_ch0.8_s20002,unequal3,2000,3,0.8,20002,8,-232637.29837350693,3,True,0,0.0,1
unequal3_n2000_ch0.8_s20002,unequal3,2000,3,0.8,20002,9,-232637.29837344927,3,True,0,0.0,1
unequal3_n2000_ch0.8_s20003,unequal3,2000,3,0.8,20003,0,-233302.60493106392,2,True,0,0.0,1
unequal3_n2000_ch0.8_s20003,unequal3,2000,3,0.8,20003,1,-233302.60492903556,3,True,0,0.0,1
unequal3_n2000_ch0.8_s20003,unequal3,2000,3,0.8,20003,2,-233302.60492877112,3,True,0,0.0,1
unequal3_n2000_ch0.8_s20003,unequal3,2000,3,0.8,20003,3,-233302.6049287161,3,True,0,0.0,1
unequal3_n2000_ch0.8_s20003,unequal3,2000,3,0.8,20003,4,-233302.60492871405,3,True,0,0.0,1
unequal3_n2000_ch0.8_s20003,unequal3,2000,3,0.8,20003,5,-233302.60492870476,3,True,0,0.0,1
unequal3_n2000_ch0.8_s20003,unequal3,2000,3,0.8,20003,6,-233302.60492882848,3,True,0,0.0,1
unequal3_n2000_ch0.8_s20003,unequal3,2000,3,0.8,20003,7,-233302.6049287431,3,True,0,0.0,1
unequal3_n2000_ch0.8_s20003,unequal3,2000,3,0.8,20003,8,-233302.60494074662,3,True,0,0.0,1
unequal3_n2000_ch0.8_s20003,unequal3,2000,3,0.8,20003,9,-233302.6049289374,3,True,0,0.0,1
unequal3_n2000_ch0.8_s20004,unequal3,2000,3,0.8,20004,0,-232118.86759414256,2,True,0,0.0,1
unequal3_n2000_ch0.8_s20004,unequal3,2000,3,0.8,20004,1,-232118.86759413395,3,True,0,0.0,1
unequal3_n2000_ch0.8_s20004,unequal3,2000,3,0.8,20004,2,-232118.86759413392,3,True,0,0.0,1
unequal3_n2000_ch0.8_s20004,unequal3,2000,3,0.8,20004,3,-232118.86759413488,2,True,0,0.0,1
unequal3_n2000_ch0.8_s20004,unequal3,2000,3,0.8,20004,4,-232118.86759413543,2,True,0,0.0,1
unequal3_n2000_ch0.8_s20004,unequal3,2000,3,0.8,20004,5,-232118.86759413406,3,True,0,0.0,1
unequal3_n2000_ch0.8_s20004,unequal3,2000,3,0.8,20004,6,-237079.3372054834,98,True,772,0.386,0
unequal3_n2000_ch0.8_s20004,unequal3,2000,3,0.8,20004,7,-232118.86759414064,2,True,0,0.0,1
unequal3_n2000_ch0.8_s20004,unequal3,2000,3,0.8,20004,8,-232118.86759413395,3,True,0,0.0,1
unequal3_n2000_ch0.8_s20004,unequal3,2000,3,0.8,20004,9,-232118.86759413398,3,True,0,0.0,1
unequal3_n2000_ch1.4_s20000,unequal3,2000,3,1.4,20000,0,-358860.3096349428,3,True,0,0.0,1
unequal3_n2000_ch1.4_s20000,unequal3,2000,3,1.4,20000,1,-358860.3096349428,2,True,0,0.0,1
unequal3_n2000_ch1.4_s20000,unequal3,2000,3,1.4,20000,2,-358860.3096349428,2,True,0,0.0,1
unequal3_n2000_ch1.4_s20000,unequal3,2000,3,1.4,20000,3,-358860.3096349428,2,True,0,0.0,1
unequal3_n2000_ch1.4_s20000,unequal3,2000,3,1.4,20000,4,-358860.3096349428,2,True,0,0.0,1
unequal3_n2000_ch1.4_s20000,unequal3,2000,3,1.4,20000,5,-358860.30963494274,2,True,0,0.0,1
unequal3_n2000_ch1.4_s20000,unequal3,2000,3,1.4,20000,6,-358860.3096349428,2,True,0,0.0,1
unequal3_n2000_ch1.4_s20000,unequal3,2000,3,1.4,20000,7,-358860.3096349428,2,True,0,0.0,1
unequal3_n2000_ch1.4_s20000,unequal3,2000,3,1.4,20000,8,-358860.3096349428,2,True,0,0.0,1
unequal3_n2000_ch1.4_s20000,unequal3,2000,3,1.4,20000,9,-358860.3096349428,2,True,0,0.0,1
unequal3_n2000_ch1.4_s20001,unequal3,2000,3,1.4,20001,0,-353606.0309534127,3,True,0,0.0,1
unequal3_n2000_ch1.4_s20001,unequal3,2000,3,1.4,20001,1,-353606.03095341276,2,True,0,0.0,1
unequal3_n2000_ch1.4_s20001,unequal3,2000,3,1.4,20001,2,-353606.0309534127,2,True,0,0.0,1
unequal3_n2000_ch1.4_s20001,unequal3,2000,3,1.4,20001,3,-353606.03095341276,2,True,0,0.0,1
unequal3_n2000_ch1.4_s20001,unequal3,2000,3,1.4,20001,4,-353606.03095341276,3,True,0,0.0,1
unequal3_n2000_ch1.4_s20001,unequal3,2000,3,1.4,20001,5,-353606.03095341264,3,True,0,0.0,1
unequal3_n2000_ch1.4_s20001,unequal3,2000,3,1.4,20001,6,-353606.03095341276,3,True,0,0.0,1
unequal3_n2000_ch1.4_s20001,unequal3,2000,3,1.4,20001,7,-353606.03095341276,3,True,0,0.0,1
unequal3_n2000_ch1.4_s20001,unequal3,2000,3,1.4,20001,8,-353606.0309534127,3,True,0,0.0,1
unequal3_n2000_ch1.4_s20001,unequal3,2000,3,1.4,20001,9,-353606.03095341276,3,True,0,0.0,1
unequal3_n2000_ch1.4_s20002,unequal3,2000,3,1.4,20002,0,-354450.6822757083,3,True,0,0.0,1
unequal3_n2000_ch1.4_s20002,unequal3,2000,3,1.4,20002,1,-354450.68227570824,2,True,0,0.0,1
unequal3_n2000_ch1.4_s20002,unequal3,2000,3,1.4,20002,2,-354450.6822757083,3,True,0,0.0,1
unequal3_n2000_ch1.4_s20002,unequal3,2000,3,1.4,20002,3,-354450.6822757083,2,True,0,0.0,1
unequal3_n2000_ch1.4_s20002,unequal3,2000,3,1.4,20002,4,-354450.68227570824,2,True,0,0.0,1
unequal3_n2000_ch1.4_s20002,unequal3,2000,3,1.4,20002,5,-354450.6822757083,2,True,0,0.0,1
unequal3_n2000_ch1.4_s20002,unequal3,2000,3,1.4,20002,6,-354450.6822757083,4,True,0,0.0,1
unequal3_n2000_ch1.4_s20002,unequal3,2000,3,1.4,20002,7,-354450.6822757083,3,True,0,0.0,1
unequal3_n2000_ch1.4_s20002,unequal3,2000,3,1.4,20002,8,-354450.6822757083,2,True,0,0.0,1
unequal3_n2000_ch1.4_s20002,unequal3,2000,3,1.4,20002,9,-354450.6822757083,2,True,0,0.0,1
unequal3_n2000_ch1.4_s20003,unequal3,2000,3,1.4,20003,0,-356990.14891654364,3,True,0,0.0,1
unequal3_n2000_ch1.4_s20003,unequal3,2000,3,1.4,20003,1,-356990.14891654364,2,True,0,0.0,1
unequal3_n2000_ch1.4_s20003,unequal3,2000,3,1.4,20003,2,-356990.1489165437,2,True,0,0.0,1
unequal3_n2000_ch1.4_s20003,unequal3,2000,3,1.4,20003,3,-356990.14891654364,3,True,0,0.0,1
unequal3_n2000_ch1.4_s20003,unequal3,2000,3,1.4,20003,4,-356990.14891654364,2,True,0,0.0,1
unequal3_n2000_ch1.4_s20003,unequal3,2000,3,1.4,20003,5,-356990.14891654364,2,True,0,0.0,1
unequal3_n2000_ch1.4_s20003,unequal3,2000,3,1.4,20003,6,-356990.1489165437,2,True,0,0.0,1
unequal3_n2000_ch1.4_s20003,unequal3,2000,3,1.4,20003,7,-356990.1489165437,2,True,0,0.0,1
unequal3_n2000_ch1.4_s20003,unequal3,2000,3,1.4,20003,8,-356990.1489165437,2,True,0,0.0,1
unequal3_n2000_ch1.4_s20003,unequal3,2000,3,1.4,20003,9,-356990.14891654364,3,True,0,0.0,1
unequal3_n2000_ch1.4_s20004,unequal3,2000,3,1.4,20004,0,-354994.877962717,3,True,0,0.0,1
unequal3_n2000_ch1.4_s20004,unequal3,2000,3,1.4,20004,1,-354994.877962717,3,True,0,0.0,1
unequal3_n2000_ch1.4_s20004,unequal3,2000,3,1.4,20004,2,-354994.877962717,3,True,0,0.0,1
unequal3_n2000_ch1.4_s20004,unequal3,2000,3,1.4,20004,3,-354994.87796271703,2,True,0,0.0,1
unequal3_n2000_ch1.4_s20004,unequal3,2000,3,1.4,20004,4,-354994.877962717,3,True,0,0.0,1
unequal3_n2000_ch1.4_s20004,unequal3,2000,3,1.4,20004,5,-354994.877962717,2,True,0,0.0,1
unequal3_n2000_ch1.4_s20004,unequal3,2000,3,1.4,20004,6,-354994.877962717,3,True,0,0.0,1
unequal3_n2000_ch1.4_s20004,unequal3,2000,3,1.4,20004,7,-354994.877962717,2,True,0,0.0,1
unequal3_n2000_ch1.4_s20004,unequal3,2000,3,1.4,20004,8,-354994.87796271703,2,True,0,0.0,1
unequal3_n2000_ch1.4_s20004,unequal3,2000,3,1.4,20004,9,-354994.877962717,2,True,0,0.0,1
