graph,model,n,k,ch,seed,method,n_iter,converged,objective,worst_objective_delta,errors,error_rate,exact,seed_coverage,seed_classes,core_purity,leftover_count,initial_E_error,seed_elapsed,fit_elapsed,baseline_errors,baseline_error
disassortative3_n1000_ch0.8_s20000,disassortative3,1000,3,0.8,20000,bernoulli_original,4,True,-97395.38920743429,0.0,3,0.003,0,3,"[0, 1, 2]",0.41,0,0.092,0.026381799951195717,0.015567699912935495,3,0.003
disassortative3_n1000_ch0.8_s20000,disassortative3,1000,3,0.8,20000,bernoulli_scaled_fixed_k,5,True,-97395.38908295137,0.0,3,0.003,0,2,"[0, 1, 0]",0.591337099811676,469,0.167,0.03363949991762638,0.021528600016608834,3,0.003
disassortative3_n1000_ch0.8_s20000,disassortative3,1000,3,0.8,20000,bernoulli_scaled_remaining,6,True,-97395.3890606894,0.0,3,0.003,0,2,"[0, 0, 1]",0.392512077294686,172,0.375,0.03249770007096231,0.01868470013141632,3,0.003
disassortative3_n1000_ch0.8_s20000,disassortative3,1000,3,0.8,20000,poisson_original,4,True,-97721.78004843763,0.0,3,0.003,0,3,"[0, 1, 2]",0.407,0,0.091,0.02428200002759695,0.06357260001823306,3,0.003
disassortative3_n1000_ch0.8_s20000,disassortative3,1000,3,0.8,20000,poisson_scaled_fixed_k,5,True,-97721.77992975022,0.0,3,0.003,0,2,"[0, 1, 0]",0.5856873822975518,469,0.167,0.028734399937093258,0.06086320010945201,3,0.003
disassortative3_n1000_ch0.8_s20000,disassortative3,1000,3,0.8,20000,poisson_scaled_remaining,6,True,-97721.77990561385,0.0,3,0.003,0,2,"[0, 0, 1]",0.39009661835748793,172,0.372,0.029721400002017617,0.06349129998125136,3,0.003
disassortative3_n1000_ch0.8_s20001,disassortative3,1000,3,0.8,20001,bernoulli_original,7,True,-95954.56004632416,0.0,6,0.006,0,2,"[1, 2, 2]",0.415,0,0.446,0.02554859989322722,0.025453000096604228,7,0.007
disassortative3_n1000_ch0.8_s20001,disassortative3,1000,3,0.8,20001,bernoulli_scaled_fixed_k,8,True,-95954.56005769389,0.0,6,0.006,0,2,"[1, 0, 1]",0.5480225988700564,469,0.428,0.0303078000433743,0.024587000021710992,7,0.007
disassortative3_n1000_ch0.8_s20001,disassortative3,1000,3,0.8,20001,bernoulli_scaled_remaining,4,True,-95954.5604151572,0.0,6,0.006,0,2,"[1, 1, 0]",0.4601449275362319,172,0.056,0.043231400195509195,0.014047000091522932,7,0.007
disassortative3_n1000_ch0.8_s20001,disassortative3,1000,3,0.8,20001,poisson_original,7,True,-96272.6960710248,0.0,6,0.006,0,2,"[1, 2, 2]",0.413,0,0.445,0.024350800085812807,0.07742099999450147,7,0.007
disassortative3_n1000_ch0.8_s20001,disassortative3,1000,3,0.8,20001,poisson_scaled_fixed_k,8,True,-96272.69608860517,0.0,6,0.006,0,2,"[1, 0, 1]",0.5423728813559322,469,0.428,0.02913739997893572,0.08525580004788935,7,0.007
disassortative3_n1000_ch0.8_s20001,disassortative3,1000,3,0.8,20001,poisson_scaled_remaining,4,True,-96272.69643065006,0.0,6,0.006,0,2,"[1, 1, 0]",0.4553140096618358,172,0.056,0.028272599913179874,0.06018109992146492,7,0.007
disassortative3_n1000_ch0.8_s20002,disassortative3,1000,3,0.8,20002,bernoulli_original,6,True,-95673.56791627468,0.0,8,0.008,0,3,"[2, 0, 1]",0.368,0,0.339,0.025279999943450093,0.017996399896219373,8,0.008
disassortative3_n1000_ch0.8_s20002,disassortative3,1000,3,0.8,20002,bernoulli_scaled_fixed_k,5,True,-95673.56802125576,0.0,8,0.008,0,3,"[2, 0, 1]",0.4651600753295669,469,0.251,0.035716200014576316,0.016310299979522824,8,0.008
disassortative3_n1000_ch0.8_s20002,disassortative3,1000,3,0.8,20002,bernoulli_scaled_remaining,6,True,-95673.56791627468,0.0,8,0.008,0,3,"[2, 0, 1]",0.37681159420289856,172,0.339,0.038687200052663684,0.021648199995979667,8,0.008
disassortative3_n1000_ch0.8_s20002,disassortative3,1000,3,0.8,20002,poisson_original,6,True,-95988.74535137726,0.0,8,0.008,0,3,"[2, 0, 1]",0.366,0,0.339,0.02379340003244579,0.06878980016335845,8,0.008
disassortative3_n1000_ch0.8_s20002,disassortative3,1000,3,0.8,20002,poisson_scaled_fixed_k,5,True,-95988.74546459342,0.0,8,0.008,0,3,"[2, 0, 1]",0.4651600753295669,469,0.251,0.029425800079479814,0.06712889997288585,8,0.008
disassortative3_n1000_ch0.8_s20002,disassortative3,1000,3,0.8,20002,poisson_scaled_remaining,6,True,-95988.74535137726,0.0,8,0.008,0,3,"[2, 0, 1]",0.37681159420289856,172,0.339,0.02926019998267293,0.06461920007131994,8,0.008
disassortative3_n1000_ch0.8_s20003,disassortative3,1000,3,0.8,20003,bernoulli_original,6,True,-95926.63159733078,0.0,7,0.007,0,2,"[2, 0, 2]",0.408,0,0.331,0.02646210021339357,0.0200547999702394,7,0.007
disassortative3_n1000_ch0.8_s20003,disassortative3,1000,3,0.8,20003,bernoulli_scaled_fixed_k,4,True,-95926.63158477424,0.0,7,0.007,0,2,"[2, 2, 0]",0.5461393596986818,469,0.086,0.0352594000287354,0.012534199981018901,7,0.007
disassortative3_n1000_ch0.8_s20003,disassortative3,1000,3,0.8,20003,bernoulli_scaled_remaining,4,True,-95926.63185360351,0.0,7,0.007,0,3,"[2, 1, 0]",0.4142512077294686,172,0.172,0.031242799945175648,0.020493400050327182,7,0.007
disassortative3_n1000_ch0.8_s20003,disassortative3,1000,3,0.8,20003,poisson_original,6,True,-96242.51317212913,0.0,7,0.007,0,2,"[2, 0, 2]",0.406,0,0.334,0.023399299941956997,0.06689229980111122,7,0.007
disassortative3_n1000_ch0.8_s20003,disassortative3,1000,3,0.8,20003,poisson_scaled_fixed_k,4,True,-96242.5131594581,0.0,7,0.007,0,2,"[2, 2, 0]",0.5461393596986818,469,0.085,0.029366999864578247,0.060501000145450234,7,0.007
disassortative3_n1000_ch0.8_s20003,disassortative3,1000,3,0.8,20003,poisson_scaled_remaining,4,True,-96242.5134438108,0.0,7,0.007,0,3,"[2, 1, 0]",0.41304347826086957,172,0.173,0.028243199922144413,0.05971790011972189,7,0.007
disassortative3_n1000_ch0.8_s20004,disassortative3,1000,3,0.8,20004,bernoulli_original,4,True,-95378.1449814914,0.0,6,0.006,0,3,"[2, 1, 0]",0.425,0,0.04,0.024759500054642558,0.011941600125283003,6,0.006
disassortative3_n1000_ch0.8_s20004,disassortative3,1000,3,0.8,20004,bernoulli_scaled_fixed_k,5,True,-95378.14499271166,0.0,6,0.006,0,2,"[2, 1, 2]",0.5254237288135594,469,0.214,0.030406499980017543,0.014703100081533194,6,0.006
disassortative3_n1000_ch0.8_s20004,disassortative3,1000,3,0.8,20004,bernoulli_scaled_remaining,3,True,-95378.14523488583,0.0,6,0.006,0,3,"[2, 1, 0]",0.46859903381642515,172,0.01,0.0297473999671638,0.010725999949499965,6,0.006
disassortative3_n1000_ch0.8_s20004,disassortative3,1000,3,0.8,20004,poisson_original,4,True,-95693.0591552045,0.0,6,0.006,0,3,"[2, 1, 0]",0.421,0,0.038,0.023980699945241213,0.06273490004241467,6,0.006
disassortative3_n1000_ch0.8_s20004,disassortative3,1000,3,0.8,20004,poisson_scaled_fixed_k,5,True,-95693.05916826618,0.0,6,0.006,0,2,"[2, 1, 2]",0.5235404896421846,469,0.211,0.027628300013020635,0.06119269994087517,6,0.006
disassortative3_n1000_ch0.8_s20004,disassortative3,1000,3,0.8,20004,poisson_scaled_remaining,3,True,-95693.0594128227,0.0,6,0.006,0,3,"[2, 1, 0]",0.463768115942029,172,0.01,0.029853800078853965,0.05829939991235733,6,0.006
disassortative3_n1000_ch1.4_s20000,disassortative3,1000,3,1.4,20000,bernoulli_original,4,True,-146410.417935748,0.0,0,0.0,1,2,"[1, 2, 1]",0.526,0,0.2,0.02618740010075271,0.013540300074964762,0,0.0
disassortative3_n1000_ch1.4_s20000,disassortative3,1000,3,1.4,20000,bernoulli_scaled_fixed_k,3,True,-146410.41793574815,0.0,0,0.0,1,3,"[1, 2, 0]",0.7740112994350282,469,0.005,0.03016499988734722,0.009011599933728576,0,0.0
disassortative3_n1000_ch1.4_s20000,disassortative3,1000,3,1.4,20000,bernoulli_scaled_remaining,2,True,-146410.41793578834,0.0,0,0.0,1,3,"[1, 2, 0]",0.6183574879227053,172,0.0,0.031628399854525924,0.007553400006145239,0,0.0
disassortative3_n1000_ch1.4_s20000,disassortative3,1000,3,1.4,20000,poisson_original,4,True,-147382.90968004285,0.0,0,0.0,1,2,"[1, 2, 1]",0.521,0,0.2,0.025249100057408214,0.06416109995916486,0,0.0
disassortative3_n1000_ch1.4_s20000,disassortative3,1000,3,1.4,20000,poisson_scaled_fixed_k,3,True,-147382.909680043,0.0,0,0.0,1,3,"[1, 2, 0]",0.7702448210922788,469,0.004,0.03112980001606047,0.0585338999517262,0,0.0
disassortative3_n1000_ch1.4_s20000,disassortative3,1000,3,1.4,20000,poisson_scaled_remaining,2,True,-147382.90968010091,0.0,0,0.0,1,3,"[1, 2, 0]",0.6099033816425121,172,0.0,0.028029299806803465,0.05377530003897846,0,0.0
disassortative3_n1000_ch1.4_s20001,disassortative3,1000,3,1.4,20001,bernoulli_original,4,True,-144905.5817834087,0.0,0,0.0,1,2,"[1, 2, 1]",0.539,0,0.145,0.024816100019961596,0.011757600121200085,0,0.0
disassortative3_n1000_ch1.4_s20001,disassortative3,1000,3,1.4,20001,bernoulli_scaled_fixed_k,3,True,-144905.58178340868,0.0,0,0.0,1,3,"[1, 2, 0]",0.7871939736346516,469,0.003,0.03006650018505752,0.009164700051769614,0,0.0
disassortative3_n1000_ch1.4_s20001,disassortative3,1000,3,1.4,20001,bernoulli_scaled_remaining,5,True,-144905.5817834087,0.0,0,0.0,1,2,"[1, 2, 1]",0.5990338164251208,172,0.362,0.031058399938046932,0.014491100097075105,0,0.0
disassortative3_n1000_ch1.4_s20001,disassortative3,1000,3,1.4,20001,poisson_original,4,True,-145863.67661950027,0.0,0,0.0,1,2,"[1, 2, 1]",0.532,0,0.143,0.02492629992775619,0.0607398001011461,0,0.0
disassortative3_n1000_ch1.4_s20001,disassortative3,1000,3,1.4,20001,poisson_scaled_fixed_k,3,True,-145863.67661950027,0.0,0,0.0,1,3,"[1, 2, 0]",0.7853107344632768,469,0.003,0.026946899946779013,0.056154899997636676,0,0.0
disassortative3_n1000_ch1.4_s20001,disassortative3,1000,3,1.4,20001,poisson_scaled_remaining,5,True,-145863.67661950027,0.0,0,0.0,1,2,"[1, 2, 1]",0.5929951690821256,172,0.366,0.029390099924057722,0.06058219983242452,0,0.0
disassortative3_n1000_ch1.4_s20002,disassortative3,1000,3,1.4,20002,bernoulli_original,4,True,-144484.15516220976,0.0,0,0.0,1,2,"[2, 0, 2]",0.535,0,0.173,0.02390389982610941,0.012107899878174067,0,0.0
disassortative3_n1000_ch1.4_s20002,disassortative3,1000,3,1.4,20002,bernoulli_scaled_fixed_k,3,True,-144484.15516220976,0.0,0,0.0,1,3,"[2, 0, 1]",0.8022598870056498,469,0.005,0.02917249989695847,0.008430999936535954,0,0.0
disassortative3_n1000_ch1.4_s20002,disassortative3,1000,3,1.4,20002,bernoulli_scaled_remaining,4,True,-144484.15516220976,0.0,0,0.0,1,2,"[2, 0, 2]",0.607487922705314,172,0.189,0.032980899792164564,0.011350200045853853,0,0.0
disassortative3_n1000_ch1.4_s20002,disassortative3,1000,3,1.4,20002,poisson_original,4,True,-145429.20253497263,0.0,0,0.0,1,2,"[2, 0, 2]",0.527,0,0.173,0.023714100010693073,0.05972649995237589,0,0.0
disassortative3_n1000_ch1.4_s20002,disassortative3,1000,3,1.4,20002,poisson_scaled_fixed_k,3,True,-145429.20253497263,0.0,0,0.0,1,3,"[2, 0, 1]",0.7984934086629002,469,0.005,0.02671319991350174,0.05598049983382225,0,0.0
disassortative3_n1000_ch1.4_s20002,disassortative3,1000,3,1.4,20002,poisson_scaled_remaining,4,True,-145429.20253497263,0.0,0,0.0,1,2,"[2, 0, 2]",0.5990338164251208,172,0.173,0.02785340021364391,0.05964180012233555,0,0.0
disassortative3_n1000_ch1.4_s20003,disassortative3,1000,3,1.4,20003,bernoulli_original,3,True,-144654.95126233622,0.0,0,0.0,1,3,"[2, 0, 1]",0.535,0,0.0,0.025583599926903844,0.011815400095656514,0,0.0
disassortative3_n1000_ch1.4_s20003,disassortative3,1000,3,1.4,20003,bernoulli_scaled_fixed_k,3,True,-144654.95126233622,0.0,0,0.0,1,3,"[1, 0, 2]",0.7702448210922788,469,0.0,0.031001299852505326,0.009633200010284781,0,0.0
disassortative3_n1000_ch1.4_s20003,disassortative3,1000,3,1.4,20003,bernoulli_scaled_remaining,3,True,-144654.95126233622,0.0,0,0.0,1,3,"[1, 0, 2]",0.6086956521739131,172,0.002,0.028542200103402138,0.009398499969393015,0,0.0
disassortative3_n1000_ch1.4_s20003,disassortative3,1000,3,1.4,20003,poisson_original,3,True,-145597.2327378967,0.0,0,0.0,1,3,"[2, 0, 1]",0.532,0,0.0,0.027391800191253424,0.06387359998188913,0,0.0
disassortative3_n1000_ch1.4_s20003,disassortative3,1000,3,1.4,20003,poisson_scaled_fixed_k,3,True,-145597.2327378967,0.0,0,0.0,1,3,"[1, 0, 2]",0.768361581920904,469,0.0,0.033112999983131886,0.06369329988956451,0,0.0
disassortative3_n1000_ch1.4_s20003,disassortative3,1000,3,1.4,20003,poisson_scaled_remaining,3,True,-145597.2327378967,0.0,0,0.0,1,2,"[1, 0, 1]",0.6099033816425121,172,0.099,0.030805899994447827,0.06541180005297065,0,0.0
disassortative3_n1000_ch1.4_s20004,disassortative3,1000,3,1.4,20004,bernoulli_original,5,True,-144555.91482013572,0.0,0,0.0,1,2,"[2, 1, 2]",0.541,0,0.291,0.023841700050979853,0.01429610000923276,0,0.0
disassortative3_n1000_ch1.4_s20004,disassortative3,1000,3,1.4,20004,bernoulli_scaled_fixed_k,3,True,-144555.9148201351,0.0,0,0.0,1,3,"[2, 0, 1]",0.8286252354048964,469,0.002,0.03463990008458495,0.00960240000858903,0,0.0
disassortative3_n1000_ch1.4_s20004,disassortative3,1000,3,1.4,20004,bernoulli_scaled_remaining,4,True,-144555.914820405,0.0,0,0.0,1,2,"[2, 0, 2]",0.6111111111111112,172,0.345,0.0302734998986125,0.013079999946057796,0,0.0
disassortative3_n1000_ch1.4_s20004,disassortative3,1000,3,1.4,20004,poisson_original,3,True,-145504.92247765293,0.0,0,0.0,1,3,"[1, 2, 0]",0.515,0,0.002,0.02691749995574355,0.06454630009829998,0,0.0
disassortative3_n1000_ch1.4_s20004,disassortative3,1000,3,1.4,20004,poisson_scaled_fixed_k,3,True,-145504.92247765296,0.0,0,0.0,1,3,"[2, 0, 1]",0.8210922787193974,469,0.002,0.031840099953114986,0.06440080003812909,0,0.0
disassortative3_n1000_ch1.4_s20004,disassortative3,1000,3,1.4,20004,poisson_scaled_remaining,4,True,-145504.92247804417,0.0,0,0.0,1,2,"[2, 0, 2]",0.606280193236715,172,0.35,0.029751300113275647,0.06568270013667643,0,0.0
disassortative3_n2000_ch0.8_s20000,disassortative3,2000,3,0.8,20000,bernoulli_original,5,True,-241326.91971353634,0.0,12,0.006,0,2,"[1, 0, 1]",0.3575,0,0.323,0.11593639990314841,0.05433510011062026,12,0.006
disassortative3_n2000_ch0.8_s20000,disassortative3,2000,3,0.8,20000,bernoulli_scaled_fixed_k,6,True,-241326.91938344127,0.0,12,0.006,0,2,"[1, 0, 1]",0.5320754716981132,940,0.312,0.14120179996825755,0.066532599972561,12,0.006
disassortative3_n2000_ch0.8_s20000,disassortative3,2000,3,0.8,20000,bernoulli_scaled_remaining,5,True,-241326.91971353634,0.0,12,0.006,0,2,"[1, 0, 1]",0.3806646525679758,345,0.323,0.12451890017837286,0.05439750012010336,12,0.006
disassortative3_n2000_ch0.8_s20000,disassortative3,2000,3,0.8,20000,poisson_original,5,True,-241719.64154877403,0.0,12,0.006,0,2,"[1, 0, 1]",0.357,0,0.323,0.1116571999154985,0.2660759000573307,12,0.006
disassortative3_n2000_ch0.8_s20000,disassortative3,2000,3,0.8,20000,poisson_scaled_fixed_k,6,True,-241719.64121625095,0.0,12,0.006,0,2,"[1, 0, 1]",0.5311320754716982,940,0.3125,0.13441400020383298,0.2587758000008762,12,0.006
disassortative3_n2000_ch0.8_s20000,disassortative3,2000,3,0.8,20000,poisson_scaled_remaining,5,True,-241719.64154877403,0.0,12,0.006,0,2,"[1, 0, 1]",0.3806646525679758,345,0.323,0.15028949989937246,0.2557195001281798,12,0.006
disassortative3_n2000_ch0.8_s20001,disassortative3,2000,3,0.8,20001,bernoulli_original,5,True,-235182.67469225437,0.0,15,0.0075,0,2,"[0, 0, 1]",0.3585,0,0.2925,0.11364959995262325,0.0542943999171257,15,0.0075
disassortative3_n2000_ch0.8_s20001,disassortative3,2000,3,0.8,20001,bernoulli_scaled_fixed_k,5,True,-235182.67404977392,0.0,15,0.0075,0,3,"[0, 2, 1]",0.4330188679245283,940,0.251,0.1395636999513954,0.06540500000119209,15,0.0075
disassortative3_n2000_ch0.8_s20001,disassortative3,2000,3,0.8,20001,bernoulli_scaled_remaining,6,True,-235182.67415688885,0.0,15,0.0075,0,2,"[0, 2, 0]",0.37522658610271903,345,0.3495,0.12455360009334981,0.06646709982305765,15,0.0075
disassortative3_n2000_ch0.8_s20001,disassortative3,2000,3,0.8,20001,poisson_original,5,True,-235550.18298797787,0.0,15,0.0075,0,2,"[0, 0, 1]",0.3585,0,0.2925,0.11536830011755228,0.26867560017853975,15,0.0075
disassortative3_n2000_ch0.8_s20001,disassortative3,2000,3,0.8,20001,poisson_scaled_fixed_k,5,True,-235550.1823190352,0.0,15,0.0075,0,3,"[0, 2, 1]",0.4330188679245283,940,0.251,0.1320282001979649,0.24989790003746748,15,0.0075
disassortative3_n2000_ch0.8_s20001,disassortative3,2000,3,0.8,20001,poisson_scaled_remaining,6,True,-235550.18242765576,0.0,15,0.0075,0,2,"[0, 2, 0]",0.37522658610271903,345,0.3495,0.1418009998742491,0.282213700003922,15,0.0075
disassortative3_n2000_ch0.8_s20002,disassortative3,2000,3,0.8,20002,bernoulli_original,5,True,-235988.16504494386,0.0,6,0.003,0,2,"[1, 0, 1]",0.4025,0,0.289,0.11165890004485846,0.05984240001998842,6,0.003
disassortative3_n2000_ch0.8_s20002,disassortative3,2000,3,0.8,20002,bernoulli_scaled_fixed_k,6,True,-235988.16503111453,0.0,6,0.003,0,2,"[0, 1, 0]",0.4830188679245283,940,0.314,0.1394954000134021,0.06679890002124012,6,0.003
disassortative3_n2000_ch0.8_s20002,disassortative3,2000,3,0.8,20002,bernoulli_scaled_remaining,5,True,-235988.16504652408,0.0,6,0.003,0,2,"[0, 1, 1]",0.3649546827794562,345,0.318,0.1344175001140684,0.06089510000310838,6,0.003
disassortative3_n2000_ch0.8_s20002,disassortative3,2000,3,0.8,20002,poisson_original,5,True,-236361.97096853825,0.0,6,0.003,0,2,"[1, 0, 1]",0.4025,0,0.29,0.11385710001923144,0.25954550015740097,6,0.003
disassortative3_n2000_ch0.8_s20002,disassortative3,2000,3,0.8,20002,poisson_scaled_fixed_k,6,True,-236361.97095453241,0.0,6,0.003,0,2,"[0, 1, 0]",0.4811320754716981,940,0.3145,0.14343099994584918,0.28124339994974434,6,0.003
disassortative3_n2000_ch0.8_s20002,disassortative3,2000,3,0.8,20002,poisson_scaled_remaining,5,True,-236361.97097014898,0.0,6,0.003,0,2,"[0, 1, 1]",0.3631419939577039,345,0.3185,0.12878550007008016,0.2520439000800252,6,0.003
disassortative3_n2000_ch0.8_s20003,disassortative3,2000,3,0.8,20003,bernoulli_original,5,True,-239008.59141249757,0.0,11,0.0055,0,2,"[0, 1, 0]",0.39,0,0.292,0.11759719997644424,0.05857960018329322,11,0.0055
disassortative3_n2000_ch0.8_s20003,disassortative3,2000,3,0.8,20003,bernoulli_scaled_fixed_k,5,True,-239008.5911073473,0.0,11,0.0055,0,3,"[2, 0, 1]",0.4707547169811321,940,0.1845,0.13816920015960932,0.05316839995793998,11,0.0055
disassortative3_n2000_ch0.8_s20003,disassortative3,2000,3,0.8,20003,bernoulli_scaled_remaining,6,True,-239008.59113743508,0.0,11,0.0055,0,2,"[2, 0, 2]",0.4283987915407855,345,0.2955,0.1331239000428468,0.06942630000412464,11,0.0055
disassortative3_n2000_ch0.8_s20003,disassortative3,2000,3,0.8,20003,poisson_original,4,True,-239392.59841978253,0.0,11,0.0055,0,3,"[2, 0, 1]",0.39,0,0.107,0.11088700010441244,0.24573099985718727,11,0.0055
disassortative3_n2000_ch0.8_s20003,disassortative3,2000,3,0.8,20003,poisson_scaled_fixed_k,5,True,-239392.5982676834,0.0,11,0.0055,0,3,"[2, 0, 1]",0.4688679245283019,940,0.1845,0.14085320010781288,0.27351440000347793,11,0.0055
disassortative3_n2000_ch0.8_s20003,disassortative3,2000,3,0.8,20003,poisson_scaled_remaining,6,True,-239392.59829852975,0.0,11,0.0055,0,2,"[2, 0, 2]",0.4259818731117825,345,0.295,0.12538520013913512,0.26009090011939406,11,0.0055
disassortative3_n2000_ch0.8_s20004,disassortative3,2000,3,0.8,20004,bernoulli_original,4,True,-238948.67278502815,0.0,13,0.0065,0,3,"[0, 2, 1]",0.4295,0,0.085,0.11119660013355315,0.050657899817451835,14,0.007
disassortative3_n2000_ch0.8_s20004,disassortative3,2000,3,0.8,20004,bernoulli_scaled_fixed_k,4,True,-238948.67302886242,0.0,13,0.0065,0,3,"[0, 2, 1]",0.5216981132075472,940,0.0815,0.13821559981442988,0.043699099915102124,14,0.007
disassortative3_n2000_ch0.8_s20004,disassortative3,2000,3,0.8,20004,bernoulli_scaled_remaining,4,True,-238948.6727403057,0.0,13,0.0065,0,3,"[0, 2, 1]",0.46404833836858006,345,0.0355,0.13516910001635551,0.04666740004904568,14,0.007
disassortative3_n2000_ch0.8_s20004,disassortative3,2000,3,0.8,20004,poisson_original,4,True,-239333.53091913494,0.0,13,0.0065,0,3,"[0, 2, 1]",0.429,0,0.085,0.11470989999361336,0.25906250020489097,14,0.007
disassortative3_n2000_ch0.8_s20004,disassortative3,2000,3,0.8,20004,poisson_scaled_fixed_k,4,True,-239333.5311595465,0.0,13,0.0065,0,3,"[0, 2, 1]",0.519811320754717,940,0.081,0.140010200208053,0.24667330016382039,14,0.007
disassortative3_n2000_ch0.8_s20004,disassortative3,2000,3,0.8,20004,poisson_scaled_remaining,4,True,-239333.53087604188,0.0,13,0.0065,0,3,"[0, 2, 1]",0.4610271903323263,345,0.0355,0.12998039997182786,0.25342910015024245,14,0.007
disassortative3_n2000_ch1.4_s20000,disassortative3,2000,3,1.4,20000,bernoulli_original,3,True,-369703.34777641465,0.0,0,0.0,1,3,"[2, 1, 0]",0.503,0,0.0055,0.10819189995527267,0.033382700057700276,0,0.0
disassortative3_n2000_ch1.4_s20000,disassortative3,2000,3,1.4,20000,bernoulli_scaled_fixed_k,3,True,-369703.3477764147,0.0,0,0.0,1,3,"[2, 1, 0]",0.7669811320754717,940,0.0015,0.14202990010380745,0.03836729982867837,0,0.0
disassortative3_n2000_ch1.4_s20000,disassortative3,2000,3,1.4,20000,bernoulli_scaled_remaining,4,True,-369703.34777641465,0.0,0,0.0,1,2,"[2, 1, 2]",0.5631419939577039,345,0.123,0.13151259999722242,0.04687059996649623,0,0.0
disassortative3_n2000_ch1.4_s20000,disassortative3,2000,3,1.4,20000,poisson_original,4,True,-370862.5198597661,0.0,0,0.0,1,2,"[2, 1, 2]",0.4995,0,0.189,0.11526520014740527,0.2551243999041617,0,0.0
disassortative3_n2000_ch1.4_s20000,disassortative3,2000,3,1.4,20000,poisson_scaled_fixed_k,3,True,-370862.5198597661,0.0,0,0.0,1,3,"[2, 1, 0]",0.7339622641509433,940,0.0015,0.13907870021648705,0.23690119991078973,0,0.0
disassortative3_n2000_ch1.4_s20000,disassortative3,2000,3,1.4,20000,poisson_scaled_remaining,4,True,-370862.5198597661,0.0,0,0.0,1,2,"[2, 1, 2]",0.5619335347432024,345,0.123,0.13140300009399652,0.24019609997048974,0,0.0
disassortative3_n2000_ch1.4_s20001,disassortative3,2000,3,1.4,20001,bernoulli_original,3,True,-365664.260766044,0.0,0,0.0,1,3,"[2, 1, 0]",0.4975,0,0.0115,0.12453369982540607,0.04483609995804727,0,0.0
disassortative3_n2000_ch1.4_s20001,disassortative3,2000,3,1.4,20001,bernoulli_scaled_fixed_k,3,True,-365664.26076604385,0.0,0,0.0,1,3,"[2, 1, 0]",0.7622641509433963,940,0.0045,0.13408820005133748,0.04133420018479228,0,0.0
disassortative3_n2000_ch1.4_s20001,disassortative3,2000,3,1.4,20001,bernoulli_scaled_remaining,3,True,-365664.260766044,0.0,0,0.0,1,3,"[2, 1, 0]",0.5867069486404833,345,0.0115,0.13305029994808137,0.03595410007983446,0,0.0
disassortative3_n2000_ch1.4_s20001,disassortative3,2000,3,1.4,20001,poisson_original,3,True,-366797.2050528432,0.0,0,0.0,1,3,"[2, 1, 0]",0.4945,0,0.0115,0.10767200007103384,0.266792300157249,0,0.0
disassortative3_n2000_ch1.4_s20001,disassortative3,2000,3,1.4,20001,poisson_scaled_fixed_k,3,True,-366797.2050528431,0.0,0,0.0,1,3,"[2, 1, 0]",0.7603773584905661,940,0.0045,0.13165190001018345,0.2591921000275761,0,0.0
disassortative3_n2000_ch1.4_s20001,disassortative3,2000,3,1.4,20001,poisson_scaled_remaining,3,True,-366797.2050528432,0.0,0,0.0,1,3,"[2, 1, 0]",0.5824773413897281,345,0.0115,0.13336490001529455,0.2377957000862807,0,0.0
disassortative3_n2000_ch1.4_s20002,disassortative3,2000,3,1.4,20002,bernoulli_original,4,True,-365398.66864274634,0.0,0,0.0,1,2,"[1, 0, 1]",0.5075,0,0.301,0.12151489988900721,0.05153629998676479,0,0.0
disassortative3_n2000_ch1.4_s20002,disassortative3,2000,3,1.4,20002,bernoulli_scaled_fixed_k,2,True,-365398.6686427463,0.0,0,0.0,1,3,"[1, 0, 2]",0.7594339622641509,940,0.0,0.1338841998949647,0.02811209997162223,0,0.0
disassortative3_n2000_ch1.4_s20002,disassortative3,2000,3,1.4,20002,bernoulli_scaled_remaining,4,True,-365398.6686427463,0.0,0,0.0,1,2,"[1, 0, 1]",0.592749244712991,345,0.3295,0.13496880000457168,0.048205000115558505,0,0.0
disassortative3_n2000_ch1.4_s20002,disassortative3,2000,3,1.4,20002,poisson_original,4,True,-366534.28473139636,0.0,0,0.0,1,2,"[1, 0, 1]",0.5055,0,0.302,0.10727080004289746,0.26430019992403686,0,0.0
disassortative3_n2000_ch1.4_s20002,disassortative3,2000,3,1.4,20002,poisson_scaled_fixed_k,2,True,-366534.28473139636,0.0,0,0.0,1,3,"[1, 0, 2]",0.7566037735849057,940,0.0,0.13303170003928244,0.2402563001960516,0,0.0
disassortative3_n2000_ch1.4_s20002,disassortative3,2000,3,1.4,20002,poisson_scaled_remaining,4,True,-366534.28473139636,0.0,0,0.0,1,2,"[1, 0, 1]",0.5873111782477342,345,0.327,0.1370129999704659,0.24657039996236563,0,0.0
disassortative3_n2000_ch1.4_s20003,disassortative3,2000,3,1.4,20003,bernoulli_original,5,True,-368099.0859145757,0.0,0,0.0,1,2,"[2, 0, 2]",0.4745,0,0.363,0.11433400004170835,0.05579239991493523,0,0.0
disassortative3_n2000_ch1.4_s20003,disassortative3,2000,3,1.4,20003,bernoulli_scaled_fixed_k,2,True,-368099.0859145758,0.0,0,0.0,1,3,"[2, 0, 1]",0.7556603773584906,940,0.0005,0.1275200000964105,0.02416439983062446,0,0.0
disassortative3_n2000_ch1.4_s20003,disassortative3,2000,3,1.4,20003,bernoulli_scaled_remaining,5,True,-368099.0859145757,0.0,0,0.0,1,2,"[2, 0, 2]",0.5607250755287009,345,0.3185,0.13642579992301762,0.052737200167030096,0,0.0
disassortative3_n2000_ch1.4_s20003,disassortative3,2000,3,1.4,20003,poisson_original,5,True,-369249.8319347089,0.0,0,0.0,1,2,"[2, 0, 2]",0.4715,0,0.366,0.11092410003766418,0.26126990001648664,0,0.0
disassortative3_n2000_ch1.4_s20003,disassortative3,2000,3,1.4,20003,poisson_scaled_fixed_k,2,True,-369249.83193470904,0.0,0,0.0,1,3,"[2, 0, 1]",0.7386792452830189,940,0.0005,0.12460010009817779,0.2146978999953717,0,0.0
disassortative3_n2000_ch1.4_s20003,disassortative3,2000,3,1.4,20003,poisson_scaled_remaining,5,True,-369249.8319347089,0.0,0,0.0,1,2,"[2, 0, 2]",0.5583081570996978,345,0.319,0.11676090001128614,0.2407078999094665,0,0.0
disassortative3_n2000_ch1.4_s20004,disassortative3,2000,3,1.4,20004,bernoulli_original,4,True,-367623.9724971879,0.0,0,0.0,1,2,"[1, 0, 1]",0.5305,0,0.337,0.11795719992369413,0.0472097999881953,0,0.0
disassortative3_n2000_ch1.4_s20004,disassortative3,2000,3,1.4,20004,bernoulli_scaled_fixed_k,3,True,-367623.97249705915,0.0,0,0.0,1,3,"[1, 2, 0]",0.7537735849056604,940,0.0015,0.12703539989888668,0.03115609986707568,0,0.0
disassortative3_n2000_ch1.4_s20004,disassortative3,2000,3,1.4,20004,bernoulli_scaled_remaining,3,True,-367623.97249705915,0.0,0,0.0,1,3,"[1, 2, 0]",0.6060422960725076,345,0.0015,0.13579279999248683,0.032472899882122874,0,0.0
disassortative3_n2000_ch1.4_s20004,disassortative3,2000,3,1.4,20004,poisson_original,4,True,-368771.71071640763,0.0,0,0.0,1,2,"[1, 0, 1]",0.5255,0,0.3365,0.11261680000461638,0.25162140000611544,0,0.0
disassortative3_n2000_ch1.4_s20004,disassortative3,2000,3,1.4,20004,poisson_scaled_fixed_k,3,True,-368771.71071629226,0.0,0,0.0,1,3,"[1, 2, 0]",0.7518867924528302,940,0.0015,0.12584610003978014,0.2263901000842452,0,0.0
disassortative3_n2000_ch1.4_s20004,disassortative3,2000,3,1.4,20004,poisson_scaled_remaining,3,True,-368771.71071629226,0.0,0,0.0,1,3,"[1, 2, 0]",0.6018126888217523,345,0.0015,0.11909319995902479,0.22956529981456697,0,0.0
equal3_n1000_ch0.8_s20000,equal3,1000,3,0.8,20000,bernoulli_original,3,True,-102100.55208266723,0.0,1,0.001,0,2,"[0, 1, 0]",0.512,0,0.009,0.02212029998190701,0.008895799983292818,1,0.001
equal3_n1000_ch0.8_s20000,equal3,1000,3,0.8,20000,bernoulli_scaled_fixed_k,3,True,-102100.55214102463,0.0,1,0.001,0,2,"[0, 1, 0]",0.7419962335216572,469,0.015,0.026201199973002076,0.010469099972397089,1,0.001
equal3_n1000_ch0.8_s20000,equal3,1000,3,0.8,20000,bernoulli_scaled_remaining,4,True,-102100.55208149874,0.0,1,0.001,0,2,"[0, 1, 0]",0.6328502415458938,172,0.01,0.02745710010640323,0.010807399870827794,1,0.001
equal3_n1000_ch0.8_s20000,equal3,1000,3,0.8,20000,poisson_original,3,True,-102694.05362999013,0.0,1,0.001,0,2,"[0, 1, 0]",0.51,0,0.009,0.02408830006606877,0.059858900029212236,1,0.001
equal3_n1000_ch0.8_s20000,equal3,1000,3,0.8,20000,poisson_scaled_fixed_k,3,True,-102694.05368677819,0.0,1,0.001,0,2,"[0, 1, 0]",0.7419962335216572,469,0.015,0.030727699864655733,0.05721929995343089,1,0.001
equal3_n1000_ch0.8_s20000,equal3,1000,3,0.8,20000,poisson_scaled_remaining,4,True,-102694.05362980418,0.0,1,0.001,0,2,"[0, 1, 0]",0.6292270531400966,172,0.011,0.026565599953755736,0.06252100015990436,1,0.001
equal3_n1000_ch0.8_s20001,equal3,1000,3,0.8,20001,bernoulli_original,5,True,-98864.1831438753,0.0,0,0.0,1,2,"[1, 0, 0]",0.502,0,0.257,0.022029299987480044,0.013816699851304293,0,0.0
equal3_n1000_ch0.8_s20001,equal3,1000,3,0.8,20001,bernoulli_scaled_fixed_k,3,True,-98864.18314376647,0.0,0,0.0,1,3,"[1, 0, 2]",0.815442561205273,469,0.002,0.027411699993535876,0.008760900003835559,0,0.0
equal3_n1000_ch0.8_s20001,equal3,1000,3,0.8,20001,bernoulli_scaled_remaining,3,True,-98864.18314772745,0.0,0,0.0,1,3,"[1, 0, 2]",0.6014492753623188,172,0.009,0.027553899912163615,0.008265200071036816,0,0.0
equal3_n1000_ch0.8_s20001,equal3,1000,3,0.8,20001,poisson_original,5,True,-99411.97979369776,0.0,0,0.0,1,2,"[1, 0, 0]",0.501,0,0.259,0.023400300182402134,0.06270989985205233,0,0.0
equal3_n1000_ch0.8_s20001,equal3,1000,3,0.8,20001,poisson_scaled_fixed_k,3,True,-99411.9797937945,0.0,0,0.0,1,3,"[1, 0, 2]",0.8060263653483992,469,0.003,0.027703800005838275,0.05587749998085201,0,0.0
equal3_n1000_ch0.8_s20001,equal3,1000,3,0.8,20001,poisson_scaled_remaining,3,True,-99411.97979837007,0.0,0,0.0,1,3,"[1, 0, 2]",0.5978260869565217,172,0.009,0.025780299911275506,0.05600910005159676,0,0.0
equal3_n1000_ch0.8_s20002,equal3,1000,3,0.8,20002,bernoulli_original,4,True,-99863.31415614208,0.0,0,0.0,1,2,"[2, 1, 2]",0.541,0,0.151,0.024967100005596876,0.01308840001001954,0,0.0
equal3_n1000_ch0.8_s20002,equal3,1000,3,0.8,20002,bernoulli_scaled_fixed_k,3,True,-99863.31414294524,0.0,0,0.0,1,3,"[1, 2, 0]",0.8342749529190208,469,0.002,0.02810320002026856,0.008625700138509274,0,0.0
equal3_n1000_ch0.8_s20002,equal3,1000,3,0.8,20002,bernoulli_scaled_remaining,4,True,-99863.31415466631,0.0,0,0.0,1,3,"[1, 0, 2]",0.538647342995169,172,0.131,0.027865400072187185,0.011061300057917833,0,0.0
equal3_n1000_ch0.8_s20002,equal3,1000,3,0.8,20002,poisson_original,4,True,-100442.15162330895,0.0,0,0.0,1,2,"[2, 1, 2]",0.533,0,0.153,0.02235880005173385,0.05963029991835356,0,0.0
equal3_n1000_ch0.8_s20002,equal3,1000,3,0.8,20002,poisson_scaled_fixed_k,4,True,-100442.15160760393,0.0,0,0.0,1,3,"[1, 0, 2]",0.7325800376647834,469,0.027,0.027152199996635318,0.059667399851605296,0,0.0
equal3_n1000_ch0.8_s20002,equal3,1000,3,0.8,20002,poisson_scaled_remaining,4,True,-100442.15162005182,0.0,0,0.0,1,3,"[1, 0, 2]",0.533816425120773,172,0.134,0.027136800112202764,0.057894199853762984,0,0.0
equal3_n1000_ch0.8_s20003,equal3,1000,3,0.8,20003,bernoulli_original,4,True,-101272.58991739641,0.0,0,0.0,1,2,"[0, 1, 0]",0.6,0,0.075,0.023861999856308103,0.013117299880832434,0,0.0
equal3_n1000_ch0.8_s20003,equal3,1000,3,0.8,20003,bernoulli_scaled_fixed_k,3,True,-101272.58991864469,0.0,0,0.0,1,3,"[1, 2, 0]",0.7871939736346516,469,0.002,0.02930329996161163,0.009396399836987257,0,0.0
equal3_n1000_ch0.8_s20003,equal3,1000,3,0.8,20003,bernoulli_scaled_remaining,3,True,-101272.58993004968,0.0,0,0.0,1,2,"[1, 2, 2]",0.5567632850241546,172,0.003,0.028509600088000298,0.009191400138661265,0,0.0
equal3_n1000_ch0.8_s20003,equal3,1000,3,0.8,20003,poisson_original,4,True,-101861.15688428486,0.0,0,0.0,1,2,"[0, 1, 0]",0.593,0,0.076,0.023010000120848417,0.06049260008148849,0,0.0
equal3_n1000_ch0.8_s20003,equal3,1000,3,0.8,20003,poisson_scaled_fixed_k,4,True,-101861.15688300591,0.0,0,0.0,1,3,"[0, 1, 2]",0.7928436911487758,469,0.015,0.027083500055596232,0.0576254001352936,0,0.0
equal3_n1000_ch0.8_s20003,equal3,1000,3,0.8,20003,poisson_scaled_remaining,3,True,-101861.15689348151,0.0,0,0.0,1,3,"[0, 1, 2]",0.7041062801932367,172,0.004,0.031003399984911084,0.056344399927183986,0,0.0
equal3_n1000_ch0.8_s20004,equal3,1000,3,0.8,20004,bernoulli_original,4,True,-100421.57277964863,0.0,1,0.001,0,2,"[0, 1, 0]",0.579,0,0.046,0.023638200014829636,0.012069500051438808,1,0.001
equal3_n1000_ch0.8_s20004,equal3,1000,3,0.8,20004,bernoulli_scaled_fixed_k,3,True,-100421.57278677134,0.0,1,0.001,0,3,"[2, 1, 0]",0.7777777777777778,469,0.018,0.02938630012795329,0.00967029994353652,1,0.001
equal3_n1000_ch0.8_s20004,equal3,1000,3,0.8,20004,bernoulli_scaled_remaining,3,True,-100421.57277991954,0.0,1,0.001,0,3,"[2, 1, 0]",0.6992753623188406,172,0.006,0.031068200012668967,0.010522800032049417,1,0.001
equal3_n1000_ch0.8_s20004,equal3,1000,3,0.8,20004,poisson_original,4,True,-100998.46032340167,0.0,1,0.001,0,2,"[0, 1, 0]",0.577,0,0.046,0.022939999820664525,0.06299589993432164,1,0.001
equal3_n1000_ch0.8_s20004,equal3,1000,3,0.8,20004,poisson_scaled_fixed_k,3,True,-100998.46033257604,0.0,1,0.001,0,3,"[2, 1, 0]",0.7777777777777778,469,0.018,0.0317134999204427,0.05930009996518493,1,0.001
equal3_n1000_ch0.8_s20004,equal3,1000,3,0.8,20004,poisson_scaled_remaining,3,True,-100998.46032382836,0.0,1,0.001,0,3,"[2, 1, 0]",0.6992753623188406,172,0.006,0.027662199921905994,0.06024299981072545,1,0.001
equal3_n1000_ch1.4_s20000,equal3,1000,3,1.4,20000,bernoulli_original,2,True,-152029.23945200493,0.0,0,0.0,1,3,"[1, 0, 2]",0.752,0,0.0,0.02355320006608963,0.006699000019580126,0,0.0
equal3_n1000_ch1.4_s20000,equal3,1000,3,1.4,20000,bernoulli_scaled_fixed_k,2,True,-152029.23945200493,0.0,0,0.0,1,3,"[1, 2, 0]",0.96045197740113,469,0.0,0.029405999928712845,0.007273499853909016,0,0.0
equal3_n1000_ch1.4_s20000,equal3,1000,3,1.4,20000,bernoulli_scaled_remaining,2,True,-152029.2394520049,0.0,0,0.0,1,3,"[1, 0, 2]",0.785024154589372,172,0.0,0.02904270007275045,0.007269500056281686,0,0.0
equal3_n1000_ch1.4_s20000,equal3,1000,3,1.4,20000,poisson_original,2,True,-153771.79175428324,0.0,0,0.0,1,3,"[1, 0, 2]",0.731,0,0.0,0.02280810009688139,0.0564385000616312,0,0.0
equal3_n1000_ch1.4_s20000,equal3,1000,3,1.4,20000,poisson_scaled_fixed_k,2,True,-153771.79175428324,0.0,0,0.0,1,3,"[1, 2, 0]",0.9077212806026366,469,0.0,0.0319000999443233,0.06029960000887513,0,0.0
equal3_n1000_ch1.4_s20000,equal3,1000,3,1.4,20000,poisson_scaled_remaining,2,True,-153771.79175428321,0.0,0,0.0,1,3,"[1, 0, 2]",0.7753623188405797,172,0.0,0.028226700145751238,0.0576811998616904,0,0.0
equal3_n1000_ch1.4_s20001,equal3,1000,3,1.4,20001,bernoulli_original,2,True,-149799.63976581983,0.0,0,0.0,1,3,"[1, 2, 0]",0.737,0,0.0,0.024429499870166183,0.008149400120601058,0,0.0
equal3_n1000_ch1.4_s20001,equal3,1000,3,1.4,20001,bernoulli_scaled_fixed_k,2,True,-149799.63976581983,0.0,0,0.0,1,3,"[1, 2, 0]",0.9792843691148776,469,0.0,0.03782959980890155,0.006535799941048026,0,0.0
equal3_n1000_ch1.4_s20001,equal3,1000,3,1.4,20001,bernoulli_scaled_remaining,2,True,-149799.63976581983,0.0,0,0.0,1,3,"[1, 2, 0]",0.8840579710144928,172,0.0,0.038716299924999475,0.00969890016131103,0,0.0
equal3_n1000_ch1.4_s20001,equal3,1000,3,1.4,20001,poisson_original,2,True,-151506.51969021795,0.0,0,0.0,1,3,"[1, 2, 0]",0.728,0,0.001,0.024452900048345327,0.05914709996432066,0,0.0
equal3_n1000_ch1.4_s20001,equal3,1000,3,1.4,20001,poisson_scaled_fixed_k,2,True,-151506.51969021795,0.0,0,0.0,1,3,"[1, 2, 0]",0.96045197740113,469,0.0,0.029735099989920855,0.06075800000689924,0,0.0
equal3_n1000_ch1.4_s20001,equal3,1000,3,1.4,20001,poisson_scaled_remaining,2,True,-151506.51969021795,0.0,0,0.0,1,3,"[1, 2, 0]",0.8454106280193237,172,0.0,0.026909400010481477,0.060949499951675534,0,0.0
equal3_n1000_ch1.4_s20002,equal3,1000,3,1.4,20002,bernoulli_original,2,True,-151348.24227464932,0.0,0,0.0,1,3,"[1, 2, 0]",0.801,0,0.0,0.02309130015783012,0.006721499841660261,0,0.0
equal3_n1000_ch1.4_s20002,equal3,1000,3,1.4,20002,bernoulli_scaled_fixed_k,2,True,-151348.24227464932,0.0,0,0.0,1,3,"[1, 2, 0]",0.9623352165725048,469,0.0,0.02979209995828569,0.006559500005096197,0,0.0
equal3_n1000_ch1.4_s20002,equal3,1000,3,1.4,20002,bernoulli_scaled_remaining,2,True,-151348.24227464932,0.0,0,0.0,1,3,"[1, 2, 0]",0.8683574879227053,172,0.0,0.027714299969375134,0.006494599860161543,0,0.0
equal3_n1000_ch1.4_s20002,equal3,1000,3,1.4,20002,poisson_original,2,True,-153115.80817185162,0.0,0,0.0,1,3,"[1, 2, 0]",0.776,0,0.0,0.023952600080519915,0.058653200045228004,0,0.0
equal3_n1000_ch1.4_s20002,equal3,1000,3,1.4,20002,poisson_scaled_fixed_k,2,True,-153115.8081718516,0.0,0,0.0,1,3,"[1, 2, 0]",0.9566854990583804,469,0.0,0.02754310006275773,0.056642299983650446,0,0.0
equal3_n1000_ch1.4_s20002,equal3,1000,3,1.4,20002,poisson_scaled_remaining,2,True,-153115.80817185162,0.0,0,0.0,1,3,"[1, 2, 0]",0.8260869565217391,172,0.0,0.028355699963867664,0.0596386999823153,0,0.0
equal3_n1000_ch1.4_s20003,equal3,1000,3,1.4,20003,bernoulli_original,2,True,-152468.52552061283,0.0,0,0.0,1,3,"[1, 2, 0]",0.765,0,0.0,0.024402499897405505,0.006799699971452355,0,0.0
equal3_n1000_ch1.4_s20003,equal3,1000,3,1.4,20003,bernoulli_scaled_fixed_k,2,True,-152468.52552061278,0.0,0,0.0,1,3,"[1, 0, 2]",0.9868173258003766,469,0.0,0.029996899887919426,0.006774799898266792,0,0.0
equal3_n1000_ch1.4_s20003,equal3,1000,3,1.4,20003,bernoulli_scaled_remaining,2,True,-152468.52552061275,0.0,0,0.0,1,3,"[1, 0, 2]",0.8369565217391305,172,0.0,0.02967199985869229,0.0071517000906169415,0,0.0
equal3_n1000_ch1.4_s20003,equal3,1000,3,1.4,20003,poisson_original,2,True,-154259.10668809916,0.0,0,0.0,1,3,"[1, 2, 0]",0.748,0,0.0,0.02389529999345541,0.06171169993467629,0,0.0
equal3_n1000_ch1.4_s20003,equal3,1000,3,1.4,20003,poisson_scaled_fixed_k,2,True,-154259.10668809904,0.0,0,0.0,1,3,"[1, 0, 2]",0.9868173258003766,469,0.0,0.03176369983702898,0.05737379984930158,0,0.0
equal3_n1000_ch1.4_s20003,equal3,1000,3,1.4,20003,poisson_scaled_remaining,2,True,-154259.10668809904,0.0,0,0.0,1,3,"[1, 0, 2]",0.8297101449275363,172,0.0,0.029207899933680892,0.06564939999952912,0,0.0
equal3_n1000_ch1.4_s20004,equal3,1000,3,1.4,20004,bernoulli_original,3,True,-151752.49545753706,0.0,0,0.0,1,3,"[1, 2, 0]",0.733,0,0.001,0.02338839997537434,0.009357899893075228,0,0.0
equal3_n1000_ch1.4_s20004,equal3,1000,3,1.4,20004,bernoulli_scaled_fixed_k,2,True,-151752.49545753704,0.0,0,0.0,1,3,"[1, 2, 0]",0.9811676082862524,469,0.0,0.030398499919101596,0.007162699941545725,0,0.0
equal3_n1000_ch1.4_s20004,equal3,1000,3,1.4,20004,bernoulli_scaled_remaining,2,True,-151752.49545753706,0.0,0,0.0,1,3,"[1, 2, 0]",0.9094202898550725,172,0.0,0.02878559986129403,0.006664399988949299,0,0.0
equal3_n1000_ch1.4_s20004,equal3,1000,3,1.4,20004,poisson_original,3,True,-153526.6822144356,0.0,0,0.0,1,3,"[1, 2, 0]",0.715,0,0.001,0.02293369988910854,0.0594520999584347,0,0.0
equal3_n1000_ch1.4_s20004,equal3,1000,3,1.4,20004,poisson_scaled_fixed_k,2,True,-153526.6822144356,0.0,0,0.0,1,3,"[1, 2, 0]",0.967984934086629,469,0.0,0.029397499980404973,0.05984700005501509,0,0.0
equal3_n1000_ch1.4_s20004,equal3,1000,3,1.4,20004,poisson_scaled_remaining,2,True,-153526.6822144356,0.0,0,0.0,1,3,"[1, 2, 0]",0.8731884057971014,172,0.0,0.03563430020585656,0.06696419999934733,0,0.0
equal3_n2000_ch0.8_s20000,equal3,2000,3,0.8,20000,bernoulli_original,3,True,-256398.3950235461,0.0,0,0.0,1,2,"[0, 1, 0]",0.484,0,0.0435,0.12001499999314547,0.037328600184991956,0,0.0
equal3_n2000_ch0.8_s20000,equal3,2000,3,0.8,20000,bernoulli_scaled_fixed_k,3,True,-256398.39498082665,0.0,0,0.0,1,3,"[0, 1, 2]",0.7311320754716981,940,0.007,0.1414120001718402,0.03519049985334277,0,0.0
equal3_n2000_ch0.8_s20000,equal3,2000,3,0.8,20000,bernoulli_scaled_remaining,4,True,-256398.39497556764,0.0,0,0.0,1,2,"[0, 1, 0]",0.6054380664652568,345,0.135,0.13153810007497668,0.04537700000219047,0,0.0
equal3_n2000_ch0.8_s20000,equal3,2000,3,0.8,20000,poisson_original,3,True,-257106.85703081905,0.0,0,0.0,1,2,"[0, 1, 0]",0.4835,0,0.044,0.11437580012716353,0.24316160008311272,0,0.0
equal3_n2000_ch0.8_s20000,equal3,2000,3,0.8,20000,poisson_scaled_fixed_k,3,True,-257106.85698334937,0.0,0,0.0,1,3,"[0, 1, 2]",0.730188679245283,940,0.007,0.13623900013044477,0.23340989998541772,0,0.0
equal3_n2000_ch0.8_s20000,equal3,2000,3,0.8,20000,poisson_scaled_remaining,4,True,-257106.85697831702,0.0,0,0.0,1,2,"[0, 1, 0]",0.602416918429003,345,0.1375,0.18985469988547266,0.36799159995280206,0,0.0
equal3_n2000_ch0.8_s20001,equal3,2000,3,0.8,20001,bernoulli_original,4,True,-252718.56360427802,0.0,0,0.0,1,2,"[0, 1, 0]",0.5585,0,0.266,0.11421129992231727,0.04708699998445809,0,0.0
equal3_n2000_ch0.8_s20001,equal3,2000,3,0.8,20001,bernoulli_scaled_fixed_k,3,True,-252718.5636042556,0.0,0,0.0,1,3,"[0, 1, 2]",0.7764150943396226,940,0.003,0.13785810000263155,0.03229780006222427,0,0.0
equal3_n2000_ch0.8_s20001,equal3,2000,3,0.8,20001,bernoulli_scaled_remaining,3,True,-252718.5636063941,0.0,0,0.0,1,3,"[0, 1, 2]",0.6374622356495468,345,0.0405,0.13895809999667108,0.03646650002337992,0,0.0
equal3_n2000_ch0.8_s20001,equal3,2000,3,0.8,20001,poisson_original,4,True,-253411.44579273288,0.0,0,0.0,1,2,"[0, 1, 0]",0.539,0,0.264,0.11046879994682968,0.2521756000351161,0,0.0
equal3_n2000_ch0.8_s20001,equal3,2000,3,0.8,20001,poisson_scaled_fixed_k,3,True,-253411.44579270945,0.0,0,0.0,1,3,"[0, 1, 2]",0.7754716981132076,940,0.003,0.13108379999175668,0.23498800001107156,0,0.0
equal3_n2000_ch0.8_s20001,equal3,2000,3,0.8,20001,poisson_scaled_remaining,3,True,-253411.44579525437,0.0,0,0.0,1,3,"[0, 1, 2]",0.6229607250755287,345,0.0405,0.2602931000292301,0.2963894000276923,0,0.0
equal3_n2000_ch0.8_s20002,equal3,2000,3,0.8,20002,bernoulli_original,5,True,-252741.2788803291,0.0,0,0.0,1,2,"[0, 1, 0]",0.5625,0,0.291,0.11466190009377897,0.05103520001284778,0,0.0
equal3_n2000_ch0.8_s20002,equal3,2000,3,0.8,20002,bernoulli_scaled_fixed_k,3,True,-252741.27888241774,0.0,0,0.0,1,3,"[0, 1, 2]",0.7952830188679245,940,0.0055,0.1389699000865221,0.03530830005183816,0,0.0
equal3_n2000_ch0.8_s20002,equal3,2000,3,0.8,20002,bernoulli_scaled_remaining,3,True,-252741.27888117495,0.0,0,0.0,1,3,"[0, 1, 2]",0.6942598187311179,345,0.0035,0.13576869992539287,0.03528479998931289,0,0.0
equal3_n2000_ch0.8_s20002,equal3,2000,3,0.8,20002,poisson_original,5,True,-253431.42765385652,0.0,0,0.0,1,2,"[0, 1, 0]",0.5615,0,0.2905,0.10910619981586933,0.44703699997626245,0,0.0
equal3_n2000_ch0.8_s20002,equal3,2000,3,0.8,20002,poisson_scaled_fixed_k,3,True,-253431.42765596867,0.0,0,0.0,1,3,"[0, 1, 2]",0.7933962264150943,940,0.0055,0.12211730005219579,0.2248541999142617,0,0.0
equal3_n2000_ch0.8_s20002,equal3,2000,3,0.8,20002,poisson_scaled_remaining,3,True,-253431.42765488263,0.0,0,0.0,1,3,"[0, 1, 2]",0.6900302114803626,345,0.0035,0.12072389991953969,0.24015889992006123,0,0.0
equal3_n2000_ch0.8_s20003,equal3,2000,3,0.8,20003,bernoulli_original,4,True,-254986.21117025317,0.0,0,0.0,1,2,"[0, 1, 0]",0.543,0,0.2355,0.1124857000540942,0.047426800010725856,0,0.0
equal3_n2000_ch0.8_s20003,equal3,2000,3,0.8,20003,bernoulli_scaled_fixed_k,3,True,-254986.2111702479,0.0,0,0.0,1,3,"[0, 1, 2]",0.7660377358490567,940,0.003,0.13443300011567771,0.03520859987474978,0,0.0
equal3_n2000_ch0.8_s20003,equal3,2000,3,0.8,20003,bernoulli_scaled_remaining,6,True,-254986.21117048568,0.0,0,0.0,1,2,"[0, 1, 0]",0.6157099697885197,345,0.3305,0.12970039993524551,0.06685380009002984,0,0.0
equal3_n2000_ch0.8_s20003,equal3,2000,3,0.8,20003,poisson_original,4,True,-255696.08304602787,0.0,0,0.0,1,2,"[0, 1, 0]",0.5395,0,0.2385,0.11079399986192584,0.4129704001825303,0,0.0
equal3_n2000_ch0.8_s20003,equal3,2000,3,0.8,20003,poisson_scaled_fixed_k,3,True,-255696.08304602013,0.0,0,0.0,1,3,"[0, 1, 2]",0.7650943396226415,940,0.003,0.12286409991793334,0.2311569000594318,0,0.0
equal3_n2000_ch0.8_s20003,equal3,2000,3,0.8,20003,poisson_scaled_remaining,6,True,-255696.08304605857,0.0,0,0.0,1,2,"[0, 1, 0]",0.6018126888217523,345,0.33,0.12073739990592003,0.2669652998447418,0,0.0
equal3_n2000_ch0.8_s20004,equal3,2000,3,0.8,20004,bernoulli_original,5,True,-254424.82599153655,0.0,1,0.0005,0,2,"[1, 2, 2]",0.513,0,0.284,0.11050980002619326,0.05402329983189702,1,0.0005
equal3_n2000_ch0.8_s20004,equal3,2000,3,0.8,20004,bernoulli_scaled_fixed_k,5,True,-261706.46321642783,0.0,713,0.3565,0,2,"[1, 2, 1]",0.7,940,0.379,0.13733659987337887,0.051897000055760145,1,0.0005
equal3_n2000_ch0.8_s20004,equal3,2000,3,0.8,20004,bernoulli_scaled_remaining,61,True,-261701.19199877584,0.0,997,0.4985,0,2,"[1, 2, 1]",0.5637462235649546,345,0.3935,0.12570380000397563,0.5930791001301259,1,0.0005
equal3_n2000_ch0.8_s20004,equal3,2000,3,0.8,20004,poisson_original,5,True,-255120.0037374911,0.0,1,0.0005,0,2,"[1, 2, 2]",0.5125,0,0.2845,0.11519540008157492,0.27308880002237856,1,0.0005
equal3_n2000_ch0.8_s20004,equal3,2000,3,0.8,20004,poisson_scaled_fixed_k,5,True,-262268.48471548053,0.0,709,0.3545,0,2,"[1, 2, 1]",0.6971698113207547,940,0.3785,0.1276497000362724,0.25621560006402433,1,0.0005
equal3_n2000_ch0.8_s20004,equal3,2000,3,0.8,20004,poisson_scaled_remaining,61,True,-262264.1948228171,0.0,971,0.4855,0,2,"[1, 2, 1]",0.5643504531722054,345,0.394,0.12184889987111092,0.7804328999482095,1,0.0005
equal3_n2000_ch1.4_s20000,equal3,2000,3,1.4,20000,bernoulli_original,2,True,-392176.7562350527,0.0,0,0.0,1,3,"[1, 2, 0]",0.7085,0,0.0,0.11142860003747046,0.024012200068682432,0,0.0
equal3_n2000_ch1.4_s20000,equal3,2000,3,1.4,20000,bernoulli_scaled_fixed_k,2,True,-392176.7562350527,0.0,0,0.0,1,3,"[1, 2, 0]",0.9433962264150944,940,0.0,0.1359443999826908,0.02355480007827282,0,0.0
equal3_n2000_ch1.4_s20000,equal3,2000,3,1.4,20000,bernoulli_scaled_remaining,2,True,-392176.7562350527,0.0,0,0.0,1,3,"[1, 2, 0]",0.7987915407854985,345,0.0,0.1335062999278307,0.025224699871614575,0,0.0
equal3_n2000_ch1.4_s20000,equal3,2000,3,1.4,20000,poisson_original,2,True,-394296.1637080415,0.0,0,0.0,1,3,"[1, 2, 0]",0.7,0,0.0,0.11472640000283718,0.24346729996614158,0,0.0
equal3_n2000_ch1.4_s20000,equal3,2000,3,1.4,20000,poisson_scaled_fixed_k,2,True,-394296.1637080415,0.0,0,0.0,1,3,"[1, 2, 0]",0.9358490566037736,940,0.0,0.13021730002947152,0.2182832001708448,0,0.0
equal3_n2000_ch1.4_s20000,equal3,2000,3,1.4,20000,poisson_scaled_remaining,2,True,-394296.1637080415,0.0,0,0.0,1,3,"[1, 2, 0]",0.7196374622356495,345,0.0,0.11780310003086925,0.22336970013566315,0,0.0
equal3_n2000_ch1.4_s20001,equal3,2000,3,1.4,20001,bernoulli_original,2,True,-388311.0232387375,0.0,0,0.0,1,3,"[1, 2, 0]",0.6865,0,0.0,0.11054799985140562,0.026148200035095215,0,0.0
equal3_n2000_ch1.4_s20001,equal3,2000,3,1.4,20001,bernoulli_scaled_fixed_k,2,True,-388311.02323873737,0.0,0,0.0,1,3,"[1, 2, 0]",0.930188679245283,940,0.0,0.1328846998512745,0.023342099972069263,0,0.0
equal3_n2000_ch1.4_s20001,equal3,2000,3,1.4,20001,bernoulli_scaled_remaining,2,True,-388311.02323873737,0.0,0,0.0,1,3,"[1, 0, 2]",0.7800604229607251,345,0.0,0.12862000009045005,0.025446500163525343,0,0.0
equal3_n2000_ch1.4_s20001,equal3,2000,3,1.4,20001,poisson_original,2,True,-390430.5335121672,0.0,0,0.0,1,3,"[1, 2, 0]",0.679,0,0.0,0.10957069997675717,0.21324519999325275,0,0.0
equal3_n2000_ch1.4_s20001,equal3,2000,3,1.4,20001,poisson_scaled_fixed_k,2,True,-390430.5335121672,0.0,0,0.0,1,3,"[1, 2, 0]",0.9283018867924528,940,0.0,0.12746279989369214,0.21271389978937805,0,0.0
equal3_n2000_ch1.4_s20001,equal3,2000,3,1.4,20001,poisson_scaled_remaining,2,True,-390430.5335121672,0.0,0,0.0,1,3,"[1, 0, 2]",0.7758308157099698,345,0.0,0.12670459994114935,0.22758469986729324,0,0.0
equal3_n2000_ch1.4_s20002,equal3,2000,3,1.4,20002,bernoulli_original,2,True,-388107.0635711791,0.0,0,0.0,1,3,"[1, 2, 0]",0.644,0,0.0,0.11408509989269078,0.024867699947208166,0,0.0
equal3_n2000_ch1.4_s20002,equal3,2000,3,1.4,20002,bernoulli_scaled_fixed_k,2,True,-388107.06357117905,0.0,0,0.0,1,3,"[1, 2, 0]",0.9518867924528301,940,0.0,0.13244810001924634,0.02382560004480183,0,0.0
equal3_n2000_ch1.4_s20002,equal3,2000,3,1.4,20002,bernoulli_scaled_remaining,2,True,-388107.06357117905,0.0,0,0.0,1,3,"[1, 2, 0]",0.7051359516616315,345,0.0,0.13208450004458427,0.025958799989894032,0,0.0
equal3_n2000_ch1.4_s20002,equal3,2000,3,1.4,20002,poisson_original,2,True,-390188.5718322068,0.0,0,0.0,1,3,"[1, 2, 0]",0.638,0,0.0,0.10556449997238815,0.21815220010466874,0,0.0
equal3_n2000_ch1.4_s20002,equal3,2000,3,1.4,20002,poisson_scaled_fixed_k,2,True,-390188.57183220657,0.0,0,0.0,1,3,"[1, 2, 0]",0.9490566037735849,940,0.0,0.12450490007176995,0.22500630002468824,0,0.0
equal3_n2000_ch1.4_s20002,equal3,2000,3,1.4,20002,poisson_scaled_remaining,2,True,-390188.5718322066,0.0,0,0.0,1,3,"[1, 2, 0]",0.7039274924471299,345,0.0,0.1292545001488179,0.22580819996073842,0,0.0
equal3_n2000_ch1.4_s20003,equal3,2000,3,1.4,20003,bernoulli_original,2,True,-389688.58727194986,0.0,0,0.0,1,3,"[1, 0, 2]",0.682,0,0.0,0.11719090002588928,0.025693099945783615,0,0.0
equal3_n2000_ch1.4_s20003,equal3,2000,3,1.4,20003,bernoulli_scaled_fixed_k,2,True,-389688.58727194986,0.0,0,0.0,1,3,"[1, 2, 0]",0.8990566037735849,940,0.0,0.13608470000326633,0.023552600061520934,0,0.0
equal3_n2000_ch1.4_s20003,equal3,2000,3,1.4,20003,bernoulli_scaled_remaining,2,True,-389688.58727194986,0.0,0,0.0,1,3,"[1, 2, 0]",0.7915407854984894,345,0.0,0.12712369998916984,0.025278500048443675,0,0.0
equal3_n2000_ch1.4_s20003,equal3,2000,3,1.4,20003,poisson_original,2,True,-391805.9283299097,0.0,0,0.0,1,3,"[1, 0, 2]",0.6545,0,0.0,0.1192787999752909,0.23589829984121025,0,0.0
equal3_n2000_ch1.4_s20003,equal3,2000,3,1.4,20003,poisson_scaled_fixed_k,2,True,-391805.92832990974,0.0,0,0.0,1,3,"[1, 2, 0]",0.8952830188679245,940,0.0,0.1280960999429226,0.2228689999319613,0,0.0
equal3_n2000_ch1.4_s20003,equal3,2000,3,1.4,20003,poisson_scaled_remaining,2,True,-391805.92832990974,0.0,0,0.0,1,3,"[1, 2, 0]",0.7830815709969788,345,0.0,0.12561620003543794,0.23169169994071126,0,0.0
equal3_n2000_ch1.4_s20004,equal3,2000,3,1.4,20004,bernoulli_original,2,True,-390966.4867568394,0.0,0,0.0,1,3,"[1, 2, 0]",0.6535,0,0.0,0.10660910001024604,0.0258005999494344,0,0.0
equal3_n2000_ch1.4_s20004,equal3,2000,3,1.4,20004,bernoulli_scaled_fixed_k,2,True,-390966.4867568394,0.0,0,0.0,1,3,"[1, 2, 0]",0.9037735849056604,940,0.0,0.13165639992803335,0.025079399812966585,0,0.0
equal3_n2000_ch1.4_s20004,equal3,2000,3,1.4,20004,bernoulli_scaled_remaining,2,True,-390966.4867568394,0.0,0,0.0,1,3,"[1, 2, 0]",0.7250755287009063,345,0.0,0.13656260003335774,0.02481249999254942,0,0.0
equal3_n2000_ch1.4_s20004,equal3,2000,3,1.4,20004,poisson_original,2,True,-393081.9722954314,0.0,0,0.0,1,3,"[1, 2, 0]",0.6455,0,0.0,0.11083690007217228,0.22321480000391603,0,0.0
equal3_n2000_ch1.4_s20004,equal3,2000,3,1.4,20004,poisson_scaled_fixed_k,3,True,-393081.9722954314,0.0,0,0.0,1,3,"[1, 2, 0]",0.8613207547169811,940,0.0015,0.1274073999375105,0.2255996000021696,0,0.0
equal3_n2000_ch1.4_s20004,equal3,2000,3,1.4,20004,poisson_scaled_remaining,2,True,-393081.9722954314,0.0,0,0.0,1,3,"[1, 2, 0]",0.7178247734138973,345,0.0,0.12333990004844964,0.25070400000549853,0,0.0
heterogeneous3_n1000_ch0.8_s20000,heterogeneous3,1000,3,0.8,20000,bernoulli_original,3,True,-58642.56471947154,0.0,5,0.005,0,3,"[0, 1, 2]",0.983,0,0.004,0.022066500037908554,0.011506600072607398,28,0.028
heterogeneous3_n1000_ch0.8_s20000,heterogeneous3,1000,3,0.8,20000,bernoulli_scaled_fixed_k,4,True,-58642.56471663552,0.0,5,0.005,0,2,"[0, 0, 1]",0.8813559322033898,469,0.096,0.029094000114127994,0.012332200072705746,28,0.028
heterogeneous3_n1000_ch0.8_s20000,heterogeneous3,1000,3,0.8,20000,bernoulli_scaled_remaining,4,True,-58642.56472229949,0.0,5,0.005,0,3,"[0, 1, 2]",0.6992753623188406,172,0.022,0.02817569999024272,0.010982200037688017,28,0.028
heterogeneous3_n1000_ch0.8_s20000,heterogeneous3,1000,3,0.8,20000,poisson_original,3,True,-59043.265876987,0.0,5,0.005,0,3,"[0, 1, 2]",0.983,0,0.004,0.024148800177499652,0.060321300057694316,28,0.028
heterogeneous3_n1000_ch0.8_s20000,heterogeneous3,1000,3,0.8,20000,poisson_scaled_fixed_k,4,True,-59043.26587435338,0.0,5,0.005,0,2,"[0, 0, 1]",0.8813559322033898,469,0.096,0.02965259994380176,0.06185249984264374,28,0.028
heterogeneous3_n1000_ch0.8_s20000,heterogeneous3,1000,3,0.8,20000,poisson_scaled_remaining,4,True,-59043.26588059835,0.0,5,0.005,0,3,"[0, 1, 2]",0.6992753623188406,172,0.023,0.030416900059208274,0.06301819998770952,28,0.028
heterogeneous3_n1000_ch0.8_s20001,heterogeneous3,1000,3,0.8,20001,bernoulli_original,3,True,-57358.252190025385,0.0,5,0.005,0,3,"[0, 1, 2]",0.989,0,0.002,0.0229156999848783,0.009444099850952625,17,0.017
heterogeneous3_n1000_ch0.8_s20001,heterogeneous3,1000,3,0.8,20001,bernoulli_scaled_fixed_k,4,True,-57358.25214159518,0.0,5,0.005,0,2,"[0, 1, 1]",0.8813559322033898,469,0.065,0.026939799776300788,0.010488499887287617,17,0.017
heterogeneous3_n1000_ch0.8_s20001,heterogeneous3,1000,3,0.8,20001,bernoulli_scaled_remaining,4,True,-57358.25236567585,0.0,5,0.005,0,3,"[0, 1, 2]",0.716183574879227,172,0.045,0.02738750004209578,0.010834799846634269,17,0.017
heterogeneous3_n1000_ch0.8_s20001,heterogeneous3,1000,3,0.8,20001,poisson_original,3,True,-57753.95419043696,0.0,5,0.005,0,3,"[0, 1, 2]",0.989,0,0.002,0.023504000157117844,0.061600200133398175,17,0.017
heterogeneous3_n1000_ch0.8_s20001,heterogeneous3,1000,3,0.8,20001,poisson_scaled_fixed_k,4,True,-57753.95414351448,0.0,5,0.005,0,2,"[0, 1, 1]",0.8813559322033898,469,0.066,0.029545099940150976,0.0616633000317961,17,0.017
heterogeneous3_n1000_ch0.8_s20001,heterogeneous3,1000,3,0.8,20001,poisson_scaled_remaining,4,True,-57753.954369283834,0.0,5,0.005,0,3,"[0, 1, 2]",0.714975845410628,172,0.046,0.02580609987489879,0.05907880002632737,17,0.017
heterogeneous3_n1000_ch0.8_s20002,heterogeneous3,1000,3,0.8,20002,bernoulli_original,3,True,-57863.51825182776,0.0,2,0.002,0,3,"[0, 1, 2]",0.985,0,0.005,0.021796599961817265,0.008376700105145574,25,0.025
heterogeneous3_n1000_ch0.8_s20002,heterogeneous3,1000,3,0.8,20002,bernoulli_scaled_fixed_k,4,True,-57863.51797215143,0.0,2,0.002,0,2,"[0, 0, 1]",0.8813559322033898,469,0.077,0.027996999910101295,0.011836099904030561,25,0.025
heterogeneous3_n1000_ch0.8_s20002,heterogeneous3,1000,3,0.8,20002,bernoulli_scaled_remaining,4,True,-57863.5179972694,0.0,2,0.002,0,3,"[0, 1, 2]",0.6896135265700483,172,0.011,0.02595159993506968,0.01045829989016056,25,0.025
heterogeneous3_n1000_ch0.8_s20002,heterogeneous3,1000,3,0.8,20002,poisson_original,3,True,-58270.73767487194,0.0,2,0.002,0,3,"[0, 1, 2]",0.985,0,0.005,0.022557900054380298,0.06330449995584786,25,0.025
heterogeneous3_n1000_ch0.8_s20002,heterogeneous3,1000,3,0.8,20002,poisson_scaled_fixed_k,4,True,-58270.73742725128,0.0,2,0.002,0,2,"[0, 0, 1]",0.8813559322033898,469,0.069,0.03398309997282922,0.0682750002015382,25,0.025
heterogeneous3_n1000_ch0.8_s20002,heterogeneous3,1000,3,0.8,20002,poisson_scaled_remaining,4,True,-58270.73743412328,0.0,2,0.002,0,3,"[0, 1, 2]",0.6884057971014492,172,0.011,0.025742300087586045,0.059305200120434165,25,0.025
heterogeneous3_n1000_ch0.8_s20003,heterogeneous3,1000,3,0.8,20003,bernoulli_original,3,True,-58055.97055828465,0.0,3,0.003,0,3,"[0, 1, 2]",0.989,0,0.002,0.023590500000864267,0.009380399947986007,36,0.036
heterogeneous3_n1000_ch0.8_s20003,heterogeneous3,1000,3,0.8,20003,bernoulli_scaled_fixed_k,4,True,-58055.970638254264,0.0,3,0.003,0,2,"[0, 0, 1]",0.8813559322033898,469,0.093,0.029459299985319376,0.012612800113856792,36,0.036
heterogeneous3_n1000_ch0.8_s20003,heterogeneous3,1000,3,0.8,20003,bernoulli_scaled_remaining,4,True,-58055.97066559683,0.0,3,0.003,0,3,"[0, 1, 2]",0.717391304347826,172,0.018,0.029439100064337254,0.012757299933582544,36,0.036
heterogeneous3_n1000_ch0.8_s20003,heterogeneous3,1000,3,0.8,20003,poisson_original,3,True,-58468.36208293364,0.0,3,0.003,0,3,"[0, 1, 2]",0.989,0,0.002,0.023532399907708168,0.0586735000833869,36,0.036
heterogeneous3_n1000_ch0.8_s20003,heterogeneous3,1000,3,0.8,20003,poisson_scaled_fixed_k,4,True,-58468.36216292204,0.0,3,0.003,0,2,"[0, 0, 1]",0.8813559322033898,469,0.093,0.028387099970132113,0.06060050008818507,36,0.036
heterogeneous3_n1000_ch0.8_s20003,heterogeneous3,1000,3,0.8,20003,poisson_scaled_remaining,4,True,-58468.36218577091,0.0,3,0.003,0,3,"[0, 1, 2]",0.714975845410628,172,0.018,0.02675530011765659,0.0593425000552088,36,0.036
heterogeneous3_n1000_ch0.8_s20004,heterogeneous3,1000,3,0.8,20004,bernoulli_original,3,True,-58456.79304421153,0.0,5,0.005,0,3,"[0, 1, 2]",0.989,0,0.003,0.024232299998402596,0.009103599935770035,38,0.038
heterogeneous3_n1000_ch0.8_s20004,heterogeneous3,1000,3,0.8,20004,bernoulli_scaled_fixed_k,4,True,-58456.79285563623,0.0,5,0.005,0,2,"[0, 0, 1]",0.8813559322033898,469,0.095,0.030671400018036366,0.013696899870410562,38,0.038
heterogeneous3_n1000_ch0.8_s20004,heterogeneous3,1000,3,0.8,20004,bernoulli_scaled_remaining,4,True,-58456.792969995906,0.0,5,0.005,0,3,"[0, 1, 2]",0.7270531400966184,172,0.016,0.0284470000769943,0.012995499884709716,38,0.038
heterogeneous3_n1000_ch0.8_s20004,heterogeneous3,1000,3,0.8,20004,poisson_original,3,True,-58855.97526073878,0.0,5,0.005,0,3,"[0, 1, 2]",0.989,0,0.003,0.021894400008022785,0.056911100167781115,38,0.038
heterogeneous3_n1000_ch0.8_s20004,heterogeneous3,1000,3,0.8,20004,poisson_scaled_fixed_k,4,True,-58855.975087769664,0.0,5,0.005,0,2,"[0, 0, 1]",0.8813559322033898,469,0.095,0.028244399931281805,0.06227330002002418,38,0.038
heterogeneous3_n1000_ch0.8_s20004,heterogeneous3,1000,3,0.8,20004,poisson_scaled_remaining,4,True,-58855.9751970403,0.0,5,0.005,0,3,"[0, 1, 2]",0.7210144927536232,172,0.016,0.026744599919766188,0.06146700005047023,38,0.038
heterogeneous3_n1000_ch1.4_s20000,heterogeneous3,1000,3,1.4,20000,bernoulli_original,2,True,-87231.0348448428,0.0,0,0.0,1,3,"[0, 1, 2]",0.997,0,0.0,0.024345300160348415,0.007933099986985326,6,0.006
heterogeneous3_n1000_ch1.4_s20000,heterogeneous3,1000,3,1.4,20000,bernoulli_scaled_fixed_k,3,True,-87231.03484614563,0.0,0,0.0,1,2,"[0, 0, 1]",0.8813559322033898,469,0.23,0.0281896002124995,0.009251999901607633,6,0.006
heterogeneous3_n1000_ch1.4_s20000,heterogeneous3,1000,3,1.4,20000,bernoulli_scaled_remaining,3,True,-87231.03484429208,0.0,0,0.0,1,3,"[0, 1, 2]",0.7548309178743962,172,0.003,0.028025700012221932,0.009874500101432204,6,0.006
heterogeneous3_n1000_ch1.4_s20000,heterogeneous3,1000,3,1.4,20000,poisson_original,2,True,-88442.50130238572,0.0,0,0.0,1,3,"[0, 1, 2]",0.997,0,0.0,0.025371500058099627,0.05824070004746318,6,0.006
heterogeneous3_n1000_ch1.4_s20000,heterogeneous3,1000,3,1.4,20000,poisson_scaled_fixed_k,3,True,-88442.50130746055,0.0,0,0.0,1,2,"[0, 0, 1]",0.8813559322033898,469,0.231,0.0280307000502944,0.060976200038567185,6,0.006
heterogeneous3_n1000_ch1.4_s20000,heterogeneous3,1000,3,1.4,20000,poisson_scaled_remaining,3,True,-88442.50130207882,0.0,0,0.0,1,3,"[0, 1, 2]",0.7463768115942029,172,0.003,0.02761709992773831,0.05975489993579686,6,0.006
heterogeneous3_n1000_ch1.4_s20001,heterogeneous3,1000,3,1.4,20001,bernoulli_original,2,True,-85956.48033866263,0.0,0,0.0,1,3,"[0, 1, 2]",0.997,0,0.0,0.022933300118893385,0.007108299992978573,2,0.002
heterogeneous3_n1000_ch1.4_s20001,heterogeneous3,1000,3,1.4,20001,bernoulli_scaled_fixed_k,3,True,-85956.48033866266,0.0,0,0.0,1,2,"[0, 0, 1]",0.8813559322033898,469,0.084,0.027518900111317635,0.008855000138282776,2,0.002
heterogeneous3_n1000_ch1.4_s20001,heterogeneous3,1000,3,1.4,20001,bernoulli_scaled_remaining,2,True,-85956.48033866346,0.0,0,0.0,1,3,"[0, 1, 2]",0.7922705314009661,172,0.0,0.028057900024577975,0.006547000026330352,2,0.002
heterogeneous3_n1000_ch1.4_s20001,heterogeneous3,1000,3,1.4,20001,poisson_original,2,True,-87142.75838129429,0.0,0,0.0,1,3,"[0, 1, 2]",0.997,0,0.0,0.024049700004979968,0.057404400082305074,2,0.002
heterogeneous3_n1000_ch1.4_s20001,heterogeneous3,1000,3,1.4,20001,poisson_scaled_fixed_k,4,True,-87142.7583812943,0.0,0,0.0,1,2,"[0, 0, 1]",0.8813559322033898,469,0.101,0.02854009997099638,0.06679420010186732,2,0.002
heterogeneous3_n1000_ch1.4_s20001,heterogeneous3,1000,3,1.4,20001,poisson_scaled_remaining,2,True,-87142.75838129547,0.0,0,0.0,1,3,"[0, 1, 2]",0.7801932367149759,172,0.0,0.02734449994750321,0.05643679993227124,2,0.002
heterogeneous3_n1000_ch1.4_s20002,heterogeneous3,1000,3,1.4,20002,bernoulli_original,2,True,-87104.0535434057,0.0,0,0.0,1,3,"[0, 1, 2]",0.997,0,0.0,0.023297099862247705,0.00625959993340075,6,0.006
heterogeneous3_n1000_ch1.4_s20002,heterogeneous3,1000,3,1.4,20002,bernoulli_scaled_fixed_k,3,True,-87104.05354340548,0.0,0,0.0,1,2,"[0, 0, 1]",0.8813559322033898,469,0.036,0.028337899828329682,0.008892799960449338,6,0.006
heterogeneous3_n1000_ch1.4_s20002,heterogeneous3,1000,3,1.4,20002,bernoulli_scaled_remaining,3,True,-87104.05354340545,0.0,0,0.0,1,3,"[0, 1, 2]",0.7946859903381642,172,0.001,0.029734899988397956,0.009049799991771579,6,0.006
heterogeneous3_n1000_ch1.4_s20002,heterogeneous3,1000,3,1.4,20002,poisson_original,2,True,-88359.96734267812,0.0,0,0.0,1,3,"[0, 1, 2]",0.997,0,0.0,0.02411170001141727,0.06367709999904037,6,0.006
heterogeneous3_n1000_ch1.4_s20002,heterogeneous3,1000,3,1.4,20002,poisson_scaled_fixed_k,3,True,-88359.96734267802,0.0,0,0.0,1,2,"[0, 0, 1]",0.8813559322033898,469,0.037,0.02757259993813932,0.05758289992809296,6,0.006
heterogeneous3_n1000_ch1.4_s20002,heterogeneous3,1000,3,1.4,20002,poisson_scaled_remaining,3,True,-88359.96734267799,0.0,0,0.0,1,3,"[0, 1, 2]",0.7777777777777778,172,0.002,0.02709290012717247,0.061065200017765164,6,0.006
heterogeneous3_n1000_ch1.4_s20003,heterogeneous3,1000,3,1.4,20003,bernoulli_original,2,True,-87433.78662942597,0.0,0,0.0,1,3,"[0, 1, 2]",0.997,0,0.0,0.023075100034475327,0.006606699898838997,6,0.006
heterogeneous3_n1000_ch1.4_s20003,heterogeneous3,1000,3,1.4,20003,bernoulli_scaled_fixed_k,3,True,-87433.78662907473,0.0,0,0.0,1,2,"[0, 0, 1]",0.8813559322033898,469,0.051,0.028068399988114834,0.00902460003271699,6,0.006
heterogeneous3_n1000_ch1.4_s20003,heterogeneous3,1000,3,1.4,20003,bernoulli_scaled_remaining,3,True,-87433.78662905627,0.0,0,0.0,1,3,"[0, 1, 2]",0.788647342995169,172,0.001,0.027378899976611137,0.008840099908411503,6,0.006
heterogeneous3_n1000_ch1.4_s20003,heterogeneous3,1000,3,1.4,20003,poisson_original,2,True,-88685.33861375898,0.0,0,0.0,1,3,"[0, 1, 2]",0.997,0,0.0,0.023054599994793534,0.05570450006052852,6,0.006
heterogeneous3_n1000_ch1.4_s20003,heterogeneous3,1000,3,1.4,20003,poisson_scaled_fixed_k,3,True,-88685.33861357038,0.0,0,0.0,1,2,"[0, 0, 1]",0.8813559322033898,469,0.052,0.028607500018551946,0.05791279999539256,6,0.006
heterogeneous3_n1000_ch1.4_s20003,heterogeneous3,1000,3,1.4,20003,poisson_scaled_remaining,3,True,-88685.33861355856,0.0,0,0.0,1,3,"[0, 1, 2]",0.7729468599033816,172,0.001,0.027458300115540624,0.058627800084650517,6,0.006
heterogeneous3_n1000_ch1.4_s20004,heterogeneous3,1000,3,1.4,20004,bernoulli_original,2,True,-87018.42829809609,0.0,0,0.0,1,3,"[0, 1, 2]",0.997,0,0.0,0.02401420008391142,0.0070276998449116945,6,0.006
heterogeneous3_n1000_ch1.4_s20004,heterogeneous3,1000,3,1.4,20004,bernoulli_scaled_fixed_k,3,True,-87018.42829809609,0.0,0,0.0,1,2,"[0, 0, 1]",0.8813559322033898,469,0.091,0.027630200143903494,0.009751100093126297,6,0.006
heterogeneous3_n1000_ch1.4_s20004,heterogeneous3,1000,3,1.4,20004,bernoulli_scaled_remaining,3,True,-87018.42829809609,0.0,0,0.0,1,3,"[0, 1, 2]",0.75,172,0.0,0.0273456999566406,0.009540500119328499,6,0.006
heterogeneous3_n1000_ch1.4_s20004,heterogeneous3,1000,3,1.4,20004,poisson_original,2,True,-88229.81444017225,0.0,0,0.0,1,3,"[0, 1, 2]",0.997,0,0.0,0.023403300205245614,0.05660979985259473,6,0.006
heterogeneous3_n1000_ch1.4_s20004,heterogeneous3,1000,3,1.4,20004,poisson_scaled_fixed_k,3,True,-88229.81444017225,0.0,0,0.0,1,2,"[0, 0, 1]",0.8813559322033898,469,0.091,0.030409500002861023,0.06028299988247454,6,0.006
heterogeneous3_n1000_ch1.4_s20004,heterogeneous3,1000,3,1.4,20004,poisson_scaled_remaining,3,True,-88229.81444017227,0.0,0,0.0,1,3,"[0, 1, 2]",0.7367149758454107,172,0.0,0.026627999963238835,0.058946100063622,6,0.006
heterogeneous3_n2000_ch0.8_s20000,heterogeneous3,2000,3,0.8,20000,bernoulli_original,2,True,-147880.3364632366,0.0,8,0.004,0,3,"[0, 1, 2]",0.9785,0,0.0045,0.11097699985839427,0.025750699918717146,55,0.0275
heterogeneous3_n2000_ch0.8_s20000,heterogeneous3,2000,3,0.8,20000,bernoulli_scaled_fixed_k,4,True,-147880.33639112877,0.0,8,0.004,0,2,"[0, 0, 1]",0.8820754716981132,940,0.1155,0.1360951999668032,0.0452485999558121,55,0.0275
heterogeneous3_n2000_ch0.8_s20000,heterogeneous3,2000,3,0.8,20000,bernoulli_scaled_remaining,4,True,-147880.3364149895,0.0,8,0.004,0,3,"[0, 1, 2]",0.7039274924471299,345,0.028,0.1299180998466909,0.04555439995601773,55,0.0275
heterogeneous3_n2000_ch0.8_s20000,heterogeneous3,2000,3,0.8,20000,poisson_original,2,True,-148365.20744776144,0.0,8,0.004,0,3,"[0, 1, 2]",0.9785,0,0.004,0.110920500010252,0.2408391002099961,55,0.0275
heterogeneous3_n2000_ch0.8_s20000,heterogeneous3,2000,3,0.8,20000,poisson_scaled_fixed_k,4,True,-148365.2073911016,0.0,8,0.004,0,2,"[0, 0, 1]",0.8820754716981132,940,0.116,0.13094400009140372,0.23255209997296333,55,0.0275
heterogeneous3_n2000_ch0.8_s20000,heterogeneous3,2000,3,0.8,20000,poisson_scaled_remaining,4,True,-148365.20741463086,0.0,8,0.004,0,3,"[0, 1, 2]",0.7027190332326284,345,0.028,0.18140770005993545,0.2406373000703752,55,0.0275
heterogeneous3_n2000_ch0.8_s20001,heterogeneous3,2000,3,0.8,20001,bernoulli_original,2,True,-147515.64713344816,0.0,6,0.003,0,3,"[0, 1, 2]",0.9885,0,0.003,0.11389399995096028,0.025585500057786703,44,0.022
heterogeneous3_n2000_ch0.8_s20001,heterogeneous3,2000,3,0.8,20001,bernoulli_scaled_fixed_k,4,True,-147515.6471066853,0.0,6,0.003,0,2,"[0, 0, 1]",0.8820754716981132,940,0.089,0.13434919994324446,0.04195139999501407,44,0.022
heterogeneous3_n2000_ch0.8_s20001,heterogeneous3,2000,3,0.8,20001,bernoulli_scaled_remaining,4,True,-147515.6471072893,0.0,6,0.003,0,3,"[0, 1, 2]",0.6888217522658611,345,0.0135,0.12855190015397966,0.04839349980466068,44,0.022
heterogeneous3_n2000_ch0.8_s20001,heterogeneous3,2000,3,0.8,20001,poisson_original,2,True,-148007.91166865616,0.0,6,0.003,0,3,"[0, 1, 2]",0.9885,0,0.003,0.11538339988328516,0.2362768999300897,44,0.022
heterogeneous3_n2000_ch0.8_s20001,heterogeneous3,2000,3,0.8,20001,poisson_scaled_fixed_k,4,True,-148007.91165084857,0.0,6,0.003,0,2,"[0, 0, 1]",0.8820754716981132,940,0.0895,0.12293469998985529,0.23174760001711547,44,0.022
heterogeneous3_n2000_ch0.8_s20001,heterogeneous3,2000,3,0.8,20001,poisson_scaled_remaining,4,True,-148007.91165146453,0.0,6,0.003,0,3,"[0, 1, 2]",0.6876132930513595,345,0.0135,0.12953670020215213,0.24044169997796416,44,0.022
heterogeneous3_n2000_ch0.8_s20002,heterogeneous3,2000,3,0.8,20002,bernoulli_original,3,True,-145809.37535217247,0.0,4,0.002,0,3,"[0, 1, 2]",0.9875,0,0.0015,0.11665889993309975,0.03445590008050203,45,0.0225
heterogeneous3_n2000_ch0.8_s20002,heterogeneous3,2000,3,0.8,20002,bernoulli_scaled_fixed_k,4,True,-145809.37533257797,0.0,4,0.002,0,2,"[0, 1, 1]",0.8820754716981132,940,0.0805,0.13707059994339943,0.044097800040617585,45,0.0225
heterogeneous3_n2000_ch0.8_s20002,heterogeneous3,2000,3,0.8,20002,bernoulli_scaled_remaining,4,True,-145809.37537786912,0.0,4,0.002,0,3,"[0, 1, 2]",0.6803625377643504,345,0.0275,0.12705080001614988,0.04926230013370514,45,0.0225
heterogeneous3_n2000_ch0.8_s20002,heterogeneous3,2000,3,0.8,20002,poisson_original,3,True,-146282.82000143747,0.0,4,0.002,0,3,"[0, 1, 2]",0.9875,0,0.0015,0.11240820004604757,0.23299459996633232,45,0.0225
heterogeneous3_n2000_ch0.8_s20002,heterogeneous3,2000,3,0.8,20002,poisson_scaled_fixed_k,4,True,-146282.8199824288,0.0,4,0.002,0,2,"[0, 1, 1]",0.8820754716981132,940,0.0805,0.1357626998797059,0.26163640012964606,45,0.0225
heterogeneous3_n2000_ch0.8_s20002,heterogeneous3,2000,3,0.8,20002,poisson_scaled_remaining,4,True,-146282.82002843157,0.0,4,0.002,0,3,"[0, 1, 2]",0.6785498489425982,345,0.028,0.12756599998101592,0.23741529998369515,45,0.0225
heterogeneous3_n2000_ch0.8_s20003,heterogeneous3,2000,3,0.8,20003,bernoulli_original,2,True,-146966.77572535985,0.0,5,0.0025,0,3,"[0, 1, 2]",0.9915,0,0.002,0.11012539989314973,0.02413509995676577,35,0.0175
heterogeneous3_n2000_ch0.8_s20003,heterogeneous3,2000,3,0.8,20003,bernoulli_scaled_fixed_k,3,True,-146966.775764958,0.0,5,0.0025,0,2,"[0, 1, 1]",0.8820754716981132,940,0.0765,0.13753079995512962,0.03534769988618791,35,0.0175
heterogeneous3_n2000_ch0.8_s20003,heterogeneous3,2000,3,0.8,20003,bernoulli_scaled_remaining,3,True,-146966.77575966276,0.0,5,0.0025,0,3,"[0, 1, 2]",0.6888217522658611,345,0.012,0.12963270000182092,0.03330400004051626,35,0.0175
heterogeneous3_n2000_ch0.8_s20003,heterogeneous3,2000,3,0.8,20003,poisson_original,2,True,-147461.24270234475,0.0,5,0.0025,0,3,"[0, 1, 2]",0.9915,0,0.002,0.11377870012074709,0.22414850001223385,35,0.0175
heterogeneous3_n2000_ch0.8_s20003,heterogeneous3,2000,3,0.8,20003,poisson_scaled_fixed_k,4,True,-147461.24247242569,0.0,5,0.0025,0,2,"[0, 1, 1]",0.8820754716981132,940,0.0775,0.14574240008369088,0.2474852001760155,35,0.0175
heterogeneous3_n2000_ch0.8_s20003,heterogeneous3,2000,3,0.8,20003,poisson_scaled_remaining,3,True,-147461.24274349917,0.0,5,0.0025,0,3,"[0, 1, 2]",0.6870090634441087,345,0.012,0.1256344998255372,0.228982700034976,35,0.0175
heterogeneous3_n2000_ch0.8_s20004,heterogeneous3,2000,3,0.8,20004,bernoulli_original,2,True,-146640.03347893886,0.0,9,0.0045,0,3,"[0, 1, 2]",0.9835,0,0.005,0.11067389999516308,0.028141000075265765,47,0.0235
heterogeneous3_n2000_ch0.8_s20004,heterogeneous3,2000,3,0.8,20004,bernoulli_scaled_fixed_k,4,True,-146640.0335187309,0.0,9,0.0045,0,2,"[0, 0, 1]",0.8820754716981132,940,0.098,0.14180000009946525,0.06080939993262291,47,0.0235
heterogeneous3_n2000_ch0.8_s20004,heterogeneous3,2000,3,0.8,20004,bernoulli_scaled_remaining,4,True,-146640.03403520922,0.0,9,0.0045,0,2,"[0, 1, 1]",0.6712990936555892,345,0.2085,0.14862929983064532,0.04937000013887882,47,0.0235
heterogeneous3_n2000_ch0.8_s20004,heterogeneous3,2000,3,0.8,20004,poisson_original,2,True,-147125.30631807577,0.0,9,0.0045,0,3,"[0, 1, 2]",0.9825,0,0.005,0.11148319998756051,0.23041020007804036,47,0.0235
heterogeneous3_n2000_ch0.8_s20004,heterogeneous3,2000,3,0.8,20004,poisson_scaled_fixed_k,4,True,-147125.3063571853,0.0,9,0.0045,0,2,"[0, 0, 1]",0.8820754716981132,940,0.098,0.12066100002266467,0.2396366000175476,47,0.0235
heterogeneous3_n2000_ch0.8_s20004,heterogeneous3,2000,3,0.8,20004,poisson_scaled_remaining,4,True,-147125.3068655132,0.0,9,0.0045,0,2,"[0, 1, 1]",0.6712990936555892,345,0.208,0.12749290000647306,0.23062560008838773,47,0.0235
heterogeneous3_n2000_ch1.4_s20000,heterogeneous3,2000,3,1.4,20000,bernoulli_original,2,True,-225989.42548823892,0.0,0,0.0,1,3,"[0, 1, 2]",0.9985,0,0.0,0.12229240010492504,0.02751199994236231,10,0.005
heterogeneous3_n2000_ch1.4_s20000,heterogeneous3,2000,3,1.4,20000,bernoulli_scaled_fixed_k,4,True,-225989.42548823898,0.0,0,0.0,1,2,"[0, 1, 1]",0.8820754716981132,940,0.3515,0.13387779984623194,0.04413409996777773,10,0.005
heterogeneous3_n2000_ch1.4_s20000,heterogeneous3,2000,3,1.4,20000,bernoulli_scaled_remaining,3,True,-225989.42548823895,0.0,0,0.0,1,3,"[0, 1, 2]",0.7202416918429003,345,0.0025,0.14202970010228455,0.03486599982716143,10,0.005
heterogeneous3_n2000_ch1.4_s20000,heterogeneous3,2000,3,1.4,20000,poisson_original,2,True,-227442.80532596135,0.0,0,0.0,1,3,"[0, 1, 2]",0.9985,0,0.0,0.11019959999248385,0.226465999847278,10,0.005
heterogeneous3_n2000_ch1.4_s20000,heterogeneous3,2000,3,1.4,20000,poisson_scaled_fixed_k,4,True,-227442.80532596138,0.0,0,0.0,1,2,"[0, 1, 1]",0.8820754716981132,940,0.3515,0.1268111001700163,0.25527300010435283,10,0.005
heterogeneous3_n2000_ch1.4_s20000,heterogeneous3,2000,3,1.4,20000,poisson_scaled_remaining,3,True,-227442.80532596135,0.0,0,0.0,1,3,"[0, 1, 2]",0.7099697885196374,345,0.0025,0.11842590011656284,0.2217222999315709,10,0.005
heterogeneous3_n2000_ch1.4_s20001,heterogeneous3,2000,3,1.4,20001,bernoulli_original,2,True,-224733.6186561685,0.0,0,0.0,1,3,"[0, 1, 2]",0.9985,0,0.0,0.11583889997564256,0.024323799880221486,6,0.003
heterogeneous3_n2000_ch1.4_s20001,heterogeneous3,2000,3,1.4,20001,bernoulli_scaled_fixed_k,3,True,-224733.61865618086,0.0,0,0.0,1,2,"[0, 0, 1]",0.8820754716981132,940,0.0785,0.13836669991724193,0.03541119978763163,6,0.003
heterogeneous3_n2000_ch1.4_s20001,heterogeneous3,2000,3,1.4,20001,bernoulli_scaled_remaining,3,True,-224733.61865616846,0.0,0,0.0,1,3,"[0, 1, 2]",0.711178247734139,345,0.0035,0.12741569988429546,0.03343810001388192,6,0.003
heterogeneous3_n2000_ch1.4_s20001,heterogeneous3,2000,3,1.4,20001,poisson_original,2,True,-226195.38908555268,0.0,0,0.0,1,3,"[0, 1, 2]",0.9985,0,0.0,0.14012750005349517,0.21480980003252625,6,0.003
heterogeneous3_n2000_ch1.4_s20001,heterogeneous3,2000,3,1.4,20001,poisson_scaled_fixed_k,3,True,-226195.38908556654,0.0,0,0.0,1,2,"[0, 0, 1]",0.8820754716981132,940,0.078,0.1456770000513643,0.24165380001068115,6,0.003
heterogeneous3_n2000_ch1.4_s20001,heterogeneous3,2000,3,1.4,20001,poisson_scaled_remaining,3,True,-226195.38908555268,0.0,0,0.0,1,3,"[0, 1, 2]",0.7057401812688822,345,0.0035,0.11839969991706312,0.22530649998225272,6,0.003
heterogeneous3_n2000_ch1.4_s20002,heterogeneous3,2000,3,1.4,20002,bernoulli_original,2,True,-223842.27080988564,0.0,0,0.0,1,3,"[0, 1, 2]",0.9985,0,0.0,0.11216469993814826,0.023781100055202842,10,0.005
heterogeneous3_n2000_ch1.4_s20002,heterogeneous3,2000,3,1.4,20002,bernoulli_scaled_fixed_k,3,True,-223842.2708099616,0.0,0,0.0,1,2,"[0, 1, 1]",0.8820754716981132,940,0.069,0.1384749999269843,0.03335830010473728,10,0.005
heterogeneous3_n2000_ch1.4_s20002,heterogeneous3,2000,3,1.4,20002,bernoulli_scaled_remaining,3,True,-223842.2708098858,0.0,0,0.0,1,3,"[0, 1, 2]",0.716012084592145,345,0.0015,0.13127429992891848,0.03699109982699156,10,0.005
heterogeneous3_n2000_ch1.4_s20002,heterogeneous3,2000,3,1.4,20002,poisson_original,2,True,-225295.06791443896,0.0,0,0.0,1,3,"[0, 1, 2]",0.9985,0,0.0,0.11093270010314882,0.2129879998974502,10,0.005
heterogeneous3_n2000_ch1.4_s20002,heterogeneous3,2000,3,1.4,20002,poisson_scaled_fixed_k,3,True,-225295.0679145249,0.0,0,0.0,1,2,"[0, 1, 1]",0.8820754716981132,940,0.07,0.12982509983703494,0.2390824002213776,10,0.005
heterogeneous3_n2000_ch1.4_s20002,heterogeneous3,2000,3,1.4,20002,poisson_scaled_remaining,3,True,-225295.06791443907,0.0,0,0.0,1,3,"[0, 1, 2]",0.7105740181268883,345,0.0015,0.11833860003389418,0.2503100000321865,10,0.005
heterogeneous3_n2000_ch1.4_s20003,heterogeneous3,2000,3,1.4,20003,bernoulli_original,2,True,-225120.2488381893,0.0,1,0.0005,0,3,"[0, 1, 2]",0.9985,0,0.0,0.11903199995867908,0.026480700122192502,10,0.005
heterogeneous3_n2000_ch1.4_s20003,heterogeneous3,2000,3,1.4,20003,bernoulli_scaled_fixed_k,3,True,-225120.2488384309,0.0,1,0.0005,0,2,"[0, 0, 1]",0.8820754716981132,940,0.0295,0.2197990999557078,0.0552607998251915,10,0.005
heterogeneous3_n2000_ch1.4_s20003,heterogeneous3,2000,3,1.4,20003,bernoulli_scaled_remaining,3,True,-225120.24883811077,0.0,1,0.0005,0,3,"[0, 1, 2]",0.7154078549848942,345,0.0005,0.14442160003818572,0.03608640003949404,10,0.005
heterogeneous3_n2000_ch1.4_s20003,heterogeneous3,2000,3,1.4,20003,poisson_original,2,True,-226577.63701326118,0.0,0,0.0,1,3,"[0, 1, 2]",0.9985,0,0.0,0.11033109994605184,0.23751650005578995,10,0.005
heterogeneous3_n2000_ch1.4_s20003,heterogeneous3,2000,3,1.4,20003,poisson_scaled_fixed_k,3,True,-226577.63701349375,0.0,0,0.0,1,2,"[0, 0, 1]",0.8820754716981132,940,0.0295,0.13219819986261427,0.2755847000516951,10,0.005
heterogeneous3_n2000_ch1.4_s20003,heterogeneous3,2000,3,1.4,20003,poisson_scaled_remaining,3,True,-226577.63701319625,0.0,0,0.0,1,3,"[0, 1, 2]",0.7057401812688822,345,0.0005,0.12231679982505739,0.24303460004739463,10,0.005
heterogeneous3_n2000_ch1.4_s20004,heterogeneous3,2000,3,1.4,20004,bernoulli_original,2,True,-225587.95902828383,0.0,1,0.0005,0,3,"[0, 1, 2]",0.9985,0,0.0005,0.16006999998353422,0.04365969984792173,8,0.004
heterogeneous3_n2000_ch1.4_s20004,heterogeneous3,2000,3,1.4,20004,bernoulli_scaled_fixed_k,4,True,-225587.95902664994,0.0,1,0.0005,0,2,"[0, 0, 1]",0.8820754716981132,940,0.198,0.1429840000346303,0.05128129990771413,8,0.004
heterogeneous3_n2000_ch1.4_s20004,heterogeneous3,2000,3,1.4,20004,bernoulli_scaled_remaining,3,True,-225587.95902668242,0.0,1,0.0005,0,3,"[0, 1, 2]",0.7468277945619335,345,0.0025,0.17831410001963377,0.041427599964663386,8,0.004
heterogeneous3_n2000_ch1.4_s20004,heterogeneous3,2000,3,1.4,20004,poisson_original,2,True,-227048.53056656517,0.0,1,0.0005,0,3,"[0, 1, 2]",0.9985,0,0.0005,0.11531469994224608,0.22402810002677143,8,0.004
heterogeneous3_n2000_ch1.4_s20004,heterogeneous3,2000,3,1.4,20004,poisson_scaled_fixed_k,4,True,-227048.53056476847,0.0,1,0.0005,0,2,"[0, 0, 1]",0.8820754716981132,940,0.198,0.13082110020332038,0.3386764000169933,8,0.004
heterogeneous3_n2000_ch1.4_s20004,heterogeneous3,2000,3,1.4,20004,poisson_scaled_remaining,3,True,-227048.5305648289,0.0,1,0.0005,0,3,"[0, 1, 2]",0.7401812688821753,345,0.0025,0.1275688000023365,0.23852849984541535,8,0.004
hierarchical4_n1000_ch0.8_s20000,hierarchical4,1000,4,0.8,20000,bernoulli_original,4,True,-85008.63792561897,0.0,3,0.003,0,3,"[3, 0, 2, 0]",0.529,0,0.037,0.028430899837985635,0.01124379993416369,3,0.003
hierarchical4_n1000_ch0.8_s20000,hierarchical4,1000,4,0.8,20000,bernoulli_scaled_fixed_k,3,True,-85008.63794314802,0.0,3,0.003,0,4,"[3, 1, 0, 2]",0.7784200385356455,481,0.008,0.03656619996763766,0.009809999959543347,3,0.003
hierarchical4_n1000_ch0.8_s20000,hierarchical4,1000,4,0.8,20000,bernoulli_scaled_remaining,5,True,-85008.63792591746,0.0,3,0.003,0,3,"[3, 1, 3, 0]",0.5834305717619603,143,0.223,0.033492499962449074,0.012541099917143583,3,0.003
hierarchical4_n1000_ch0.8_s20000,hierarchical4,1000,4,0.8,20000,poisson_original,4,True,-85560.45688202302,0.0,3,0.003,0,3,"[3, 0, 2, 0]",0.529,0,0.039,0.031192499911412597,0.07616249984130263,3,0.003
hierarchical4_n1000_ch0.8_s20000,hierarchical4,1000,4,0.8,20000,poisson_scaled_fixed_k,3,True,-85560.45690028943,0.0,3,0.003,0,4,"[3, 1, 0, 2]",0.7707129094412332,481,0.008,0.0357767001260072,0.05657420004718006,3,0.003
hierarchical4_n1000_ch0.8_s20000,hierarchical4,1000,4,0.8,20000,poisson_scaled_remaining,5,True,-85560.45688254051,0.0,3,0.003,0,3,"[3, 1, 3, 0]",0.5799299883313885,143,0.224,0.03644080017693341,0.07042009988799691,3,0.003
hierarchical4_n1000_ch0.8_s20001,hierarchical4,1000,4,0.8,20001,bernoulli_original,3,True,-83506.5269471484,0.0,1,0.001,0,4,"[3, 0, 2, 1]",0.572,0,0.004,0.027951700147241354,0.008213500026613474,1,0.001
hierarchical4_n1000_ch0.8_s20001,hierarchical4,1000,4,0.8,20001,bernoulli_scaled_fixed_k,3,True,-83506.52708685942,0.0,1,0.001,0,4,"[3, 1, 0, 2]",0.7938342967244701,481,0.012,0.035745699889957905,0.009146499913185835,1,0.001
hierarchical4_n1000_ch0.8_s20001,hierarchical4,1000,4,0.8,20001,bernoulli_scaled_remaining,3,True,-83506.52694710792,0.0,1,0.001,0,4,"[3, 1, 2, 0]",0.6499416569428238,143,0.006,0.03378889989107847,0.007993699982762337,1,0.001
hierarchical4_n1000_ch0.8_s20001,hierarchical4,1000,4,0.8,20001,poisson_original,3,True,-84038.16880630633,0.0,1,0.001,0,4,"[3, 0, 2, 1]",0.572,0,0.004,0.03071799990721047,0.06283170008100569,1,0.001
hierarchical4_n1000_ch0.8_s20001,hierarchical4,1000,4,0.8,20001,poisson_scaled_fixed_k,3,True,-84038.16894853885,0.0,1,0.001,0,4,"[3, 1, 0, 2]",0.789980732177264,481,0.012,0.03617660002782941,0.059090200113132596,1,0.001
hierarchical4_n1000_ch0.8_s20001,hierarchical4,1000,4,0.8,20001,poisson_scaled_remaining,3,True,-84038.1688062593,0.0,1,0.001,0,4,"[3, 1, 2, 0]",0.6452742123687282,143,0.006,0.039268899941816926,0.06029860000126064,1,0.001
hierarchical4_n1000_ch0.8_s20002,hierarchical4,1000,4,0.8,20002,bernoulli_original,3,True,-84673.86703541465,0.0,0,0.0,1,4,"[1, 2, 0, 3]",0.538,0,0.041,0.031471199821680784,0.008994999807327986,0,0.0
hierarchical4_n1000_ch0.8_s20002,hierarchical4,1000,4,0.8,20002,bernoulli_scaled_fixed_k,3,True,-84673.86703539212,0.0,0,0.0,1,4,"[0, 2, 3, 1]",0.8362235067437379,481,0.005,0.04235469992272556,0.013176599983125925,0,0.0
hierarchical4_n1000_ch0.8_s20002,hierarchical4,1000,4,0.8,20002,bernoulli_scaled_remaining,3,True,-84673.867035392,0.0,0,0.0,1,4,"[0, 2, 1, 3]",0.6371061843640606,143,0.001,0.035987199982628226,0.009973300155252218,0,0.0
hierarchical4_n1000_ch0.8_s20002,hierarchical4,1000,4,0.8,20002,poisson_original,3,True,-85230.95711103143,0.0,0,0.0,1,4,"[1, 2, 0, 3]",0.534,0,0.042,0.029257700080052018,0.058210300048813224,0,0.0
hierarchical4_n1000_ch0.8_s20002,hierarchical4,1000,4,0.8,20002,poisson_scaled_fixed_k,3,True,-85230.95711100035,0.0,0,0.0,1,4,"[0, 2, 3, 1]",0.8362235067437379,481,0.005,0.03650059993378818,0.05751579999923706,0,0.0
hierarchical4_n1000_ch0.8_s20002,hierarchical4,1000,4,0.8,20002,poisson_scaled_remaining,3,True,-85230.95711100014,0.0,0,0.0,1,4,"[0, 2, 1, 3]",0.6336056009334889,143,0.002,0.033342899987474084,0.059092599898576736,0,0.0
hierarchical4_n1000_ch0.8_s20003,hierarchical4,1000,4,0.8,20003,bernoulli_original,3,True,-85029.67186363536,0.0,0,0.0,1,4,"[0, 3, 1, 2]",0.527,0,0.019,0.030194499995559454,0.012192500056698918,0,0.0
hierarchical4_n1000_ch0.8_s20003,hierarchical4,1000,4,0.8,20003,bernoulli_scaled_fixed_k,3,True,-85029.67185935003,0.0,0,0.0,1,4,"[0, 2, 1, 3]",0.7379576107899807,481,0.008,0.03940959996543825,0.008523100055754185,0,0.0
hierarchical4_n1000_ch0.8_s20003,hierarchical4,1000,4,0.8,20003,bernoulli_scaled_remaining,3,True,-85029.6718627789,0.0,0,0.0,1,4,"[0, 2, 1, 3]",0.5950991831971996,143,0.018,0.04614160000346601,0.011992700165137649,0,0.0
hierarchical4_n1000_ch0.8_s20003,hierarchical4,1000,4,0.8,20003,poisson_original,3,True,-85584.98925808846,0.0,0,0.0,1,4,"[0, 3, 1, 2]",0.525,0,0.02,0.027323200134560466,0.064742999849841,0,0.0
hierarchical4_n1000_ch0.8_s20003,hierarchical4,1000,4,0.8,20003,poisson_scaled_fixed_k,3,True,-85584.9892535404,0.0,0,0.0,1,4,"[0, 2, 1, 3]",0.7321772639691715,481,0.008,0.03676909999921918,0.05676320008933544,0,0.0
hierarchical4_n1000_ch0.8_s20003,hierarchical4,1000,4,0.8,20003,poisson_scaled_remaining,3,True,-85584.98925686616,0.0,0,0.0,1,4,"[0, 2, 1, 3]",0.588098016336056,143,0.018,0.03470530011691153,0.06029860000126064,0,0.0
hierarchical4_n1000_ch0.8_s20004,hierarchical4,1000,4,0.8,20004,bernoulli_original,3,True,-85390.11782196231,0.0,1,0.001,0,4,"[3, 1, 2, 0]",0.561,0,0.018,0.030695199966430664,0.00888240011408925,1,0.001
hierarchical4_n1000_ch0.8_s20004,hierarchical4,1000,4,0.8,20004,bernoulli_scaled_fixed_k,3,True,-85390.11781995253,0.0,1,0.001,0,4,"[3, 1, 2, 0]",0.7630057803468208,481,0.012,0.03915610001422465,0.00926600000821054,1,0.001
hierarchical4_n1000_ch0.8_s20004,hierarchical4,1000,4,0.8,20004,bernoulli_scaled_remaining,3,True,-85390.1178224298,0.0,1,0.001,0,4,"[3, 1, 2, 0]",0.6301050175029171,143,0.02,0.0356366999913007,0.008569600060582161,1,0.001
hierarchical4_n1000_ch0.8_s20004,hierarchical4,1000,4,0.8,20004,poisson_original,3,True,-85946.91447003804,0.0,1,0.001,0,4,"[3, 1, 2, 0]",0.561,0,0.018,0.037397699896246195,0.08569539990276098,1,0.001
hierarchical4_n1000_ch0.8_s20004,hierarchical4,1000,4,0.8,20004,poisson_scaled_fixed_k,3,True,-85946.91446774935,0.0,1,0.001,0,4,"[3, 1, 2, 0]",0.7630057803468208,481,0.012,0.04220860009081662,0.06511750002391636,1,0.001
hierarchical4_n1000_ch0.8_s20004,hierarchical4,1000,4,0.8,20004,poisson_scaled_remaining,3,True,-85946.9144833534,0.0,1,0.001,0,4,"[3, 1, 2, 0]",0.6242707117852976,143,0.024,0.04445239994674921,0.0687706999015063,1,0.001
hierarchical4_n1000_ch1.4_s20000,hierarchical4,1000,4,1.4,20000,bernoulli_original,2,True,-125385.7322242559,0.0,0,0.0,1,4,"[2, 1, 3, 0]",0.732,0,0.0,0.032066899817436934,0.00654549989849329,0,0.0
hierarchical4_n1000_ch1.4_s20000,hierarchical4,1000,4,1.4,20000,bernoulli_scaled_fixed_k,2,True,-125385.73222425592,0.0,0,0.0,1,4,"[2, 1, 3, 0]",0.930635838150289,481,0.0,0.038301599910482764,0.006311799865216017,0,0.0
hierarchical4_n1000_ch1.4_s20000,hierarchical4,1000,4,1.4,20000,bernoulli_scaled_remaining,2,True,-125385.7322242559,0.0,0,0.0,1,4,"[2, 1, 3, 0]",0.852975495915986,143,0.0,0.0373925999738276,0.007041000062599778,0,0.0
hierarchical4_n1000_ch1.4_s20000,hierarchical4,1000,4,1.4,20000,poisson_original,2,True,-127023.39007598587,0.0,0,0.0,1,4,"[2, 1, 3, 0]",0.712,0,0.0,0.029616700019687414,0.06814819993451238,0,0.0
hierarchical4_n1000_ch1.4_s20000,hierarchical4,1000,4,1.4,20000,poisson_scaled_fixed_k,2,True,-127023.39007598702,0.0,0,0.0,1,4,"[2, 1, 3, 0]",0.905587668593449,481,0.001,0.04717539995908737,0.06980890012346208,0,0.0
hierarchical4_n1000_ch1.4_s20000,hierarchical4,1000,4,1.4,20000,poisson_scaled_remaining,2,True,-127023.39007598607,0.0,0,0.0,1,4,"[2, 1, 3, 0]",0.8319719953325554,143,0.0,0.04321209993213415,0.0782296999823302,0,0.0
hierarchical4_n1000_ch1.4_s20001,hierarchical4,1000,4,1.4,20001,bernoulli_original,2,True,-124655.86202204952,0.0,0,0.0,1,4,"[1, 3, 2, 0]",0.714,0,0.0,0.031876299995929,0.009118700167164207,0,0.0
hierarchical4_n1000_ch1.4_s20001,hierarchical4,1000,4,1.4,20001,bernoulli_scaled_fixed_k,2,True,-124655.86202204952,0.0,0,0.0,1,4,"[1, 3, 0, 2]",0.9653179190751445,481,0.0,0.03914269991219044,0.006347400136291981,0,0.0
hierarchical4_n1000_ch1.4_s20001,hierarchical4,1000,4,1.4,20001,bernoulli_scaled_remaining,2,True,-124655.86202204952,0.0,0,0.0,1,4,"[1, 3, 0, 2]",0.9031505250875146,143,0.0,0.038255699910223484,0.006177199771627784,0,0.0
hierarchical4_n1000_ch1.4_s20001,hierarchical4,1000,4,1.4,20001,poisson_original,2,True,-126296.01569856549,0.0,0,0.0,1,4,"[1, 3, 2, 0]",0.702,0,0.0,0.031392000149935484,0.06084660021588206,0,0.0
hierarchical4_n1000_ch1.4_s20001,hierarchical4,1000,4,1.4,20001,poisson_scaled_fixed_k,2,True,-126296.01569856549,0.0,0,0.0,1,4,"[1, 3, 2, 0]",0.9479768786127167,481,0.0,0.04305869992822409,0.07258139993064106,0,0.0
hierarchical4_n1000_ch1.4_s20001,hierarchical4,1000,4,1.4,20001,poisson_scaled_remaining,2,True,-126296.01569856549,0.0,0,0.0,1,4,"[1, 3, 0, 2]",0.8856476079346558,143,0.0,0.08522549993358552,0.10603720019571483,0,0.0
hierarchical4_n1000_ch1.4_s20002,hierarchical4,1000,4,1.4,20002,bernoulli_original,2,True,-125802.3172726997,0.0,0,0.0,1,4,"[3, 1, 2, 0]",0.732,0,0.0,0.03192580002360046,0.00684940000064671,0,0.0
hierarchical4_n1000_ch1.4_s20002,hierarchical4,1000,4,1.4,20002,bernoulli_scaled_fixed_k,2,True,-125802.3172726997,0.0,0,0.0,1,4,"[2, 0, 3, 1]",0.9710982658959537,481,0.0,0.04419899987988174,0.007175000151619315,0,0.0
hierarchical4_n1000_ch1.4_s20002,hierarchical4,1000,4,1.4,20002,bernoulli_scaled_remaining,2,True,-125802.3172726997,0.0,0,0.0,1,4,"[2, 0, 3, 1]",0.8879813302217037,143,0.0,0.03660760005004704,0.007191099924966693,0,0.0
hierarchical4_n1000_ch1.4_s20002,hierarchical4,1000,4,1.4,20002,poisson_original,2,True,-127497.27076133873,0.0,0,0.0,1,4,"[1, 3, 0, 2]",0.737,0,0.0,0.03423339989967644,0.15391179989092052,0,0.0
hierarchical4_n1000_ch1.4_s20002,hierarchical4,1000,4,1.4,20002,poisson_scaled_fixed_k,2,True,-127497.27076133873,0.0,0,0.0,1,4,"[2, 0, 3, 1]",0.9595375722543352,481,0.0,0.04327220004051924,0.06451629986986518,0,0.0
hierarchical4_n1000_ch1.4_s20002,hierarchical4,1000,4,1.4,20002,poisson_scaled_remaining,2,True,-127497.27076133873,0.0,0,0.0,1,4,"[2, 0, 3, 1]",0.8809801633605601,143,0.0,0.05011680000461638,0.07419800013303757,0,0.0
hierarchical4_n1000_ch1.4_s20003,hierarchical4,1000,4,1.4,20003,bernoulli_original,2,True,-126414.55935682612,0.0,0,0.0,1,4,"[0, 2, 3, 1]",0.768,0,0.0,0.04286719998344779,0.010610600002110004,0,0.0
hierarchical4_n1000_ch1.4_s20003,hierarchical4,1000,4,1.4,20003,bernoulli_scaled_fixed_k,2,True,-126414.55935682615,-1.4551915228366852e-11,0,0.0,1,4,"[0, 3, 2, 1]",0.9865125240847784,481,0.0,0.03894100012257695,0.006673400057479739,0,0.0
hierarchical4_n1000_ch1.4_s20003,hierarchical4,1000,4,1.4,20003,bernoulli_scaled_remaining,2,True,-126414.55935682614,0.0,0,0.0,1,4,"[0, 2, 1, 3]",0.9054842473745625,143,0.0,0.03807640005834401,0.00684799998998642,0,0.0
hierarchical4_n1000_ch1.4_s20003,hierarchical4,1000,4,1.4,20003,poisson_original,2,True,-128135.41681112953,0.0,0,0.0,1,4,"[0, 2, 3, 1]",0.747,0,0.0,0.03227380011230707,0.061074200086295605,0,0.0
hierarchical4_n1000_ch1.4_s20003,hierarchical4,1000,4,1.4,20003,poisson_scaled_fixed_k,2,True,-128135.41681112954,0.0,0,0.0,1,4,"[0, 3, 2, 1]",0.9691714836223507,481,0.0,0.04313959996215999,0.0596470998134464,0,0.0
hierarchical4_n1000_ch1.4_s20003,hierarchical4,1000,4,1.4,20003,poisson_scaled_remaining,2,True,-128135.41681112954,0.0,0,0.0,1,4,"[0, 3, 1, 2]",0.8833138856476079,143,0.0,0.035424800124019384,0.06569930003024638,0,0.0
hierarchical4_n1000_ch1.4_s20004,hierarchical4,1000,4,1.4,20004,bernoulli_original,2,True,-126543.64613196877,0.0,0,0.0,1,4,"[3, 0, 2, 1]",0.728,0,0.001,0.030330499866977334,0.006344499997794628,0,0.0
hierarchical4_n1000_ch1.4_s20004,hierarchical4,1000,4,1.4,20004,bernoulli_scaled_fixed_k,2,True,-126543.64613196877,0.0,0,0.0,1,4,"[3, 1, 0, 2]",0.9499036608863198,481,0.0,0.03638239996507764,0.006001099944114685,0,0.0
hierarchical4_n1000_ch1.4_s20004,hierarchical4,1000,4,1.4,20004,bernoulli_scaled_remaining,2,True,-126543.64613196875,0.0,0,0.0,1,4,"[3, 0, 2, 1]",0.8483080513418904,143,0.0,0.043628600193187594,0.00667780009098351,0,0.0
hierarchical4_n1000_ch1.4_s20004,hierarchical4,1000,4,1.4,20004,poisson_original,2,True,-128236.74452467242,0.0,0,0.0,1,4,"[3, 0, 2, 1]",0.716,0,0.001,0.02949999994598329,0.06824279995635152,0,0.0
hierarchical4_n1000_ch1.4_s20004,hierarchical4,1000,4,1.4,20004,poisson_scaled_fixed_k,2,True,-128236.74452467242,0.0,0,0.0,1,4,"[3, 1, 2, 0]",0.9441233140655106,481,0.0,0.039045599987730384,0.06540680001489818,0,0.0
hierarchical4_n1000_ch1.4_s20004,hierarchical4,1000,4,1.4,20004,poisson_scaled_remaining,2,True,-128236.74452467242,0.0,0,0.0,1,4,"[3, 0, 2, 1]",0.8401400233372228,143,0.0,0.039239299949258566,0.061028100084513426,0,0.0
hierarchical4_n2000_ch0.8_s20000,hierarchical4,2000,4,0.8,20000,bernoulli_original,3,True,-214875.8850148728,0.0,0,0.0,1,4,"[3, 0, 2, 1]",0.578,0,0.0075,0.14007199998013675,0.036944800056517124,0,0.0
hierarchical4_n2000_ch0.8_s20000,hierarchical4,2000,4,0.8,20000,bernoulli_scaled_fixed_k,3,True,-214875.88501487044,0.0,0,0.0,1,4,"[3, 0, 2, 1]",0.7859209257473481,963,0.008,0.20971950003877282,0.03404819988645613,0,0.0
hierarchical4_n2000_ch0.8_s20000,hierarchical4,2000,4,0.8,20000,bernoulli_scaled_remaining,3,True,-214875.8850148681,0.0,0,0.0,1,4,"[3, 0, 2, 1]",0.6409807355516638,287,0.001,0.16537479986436665,0.03796290000900626,0,0.0
hierarchical4_n2000_ch0.8_s20000,hierarchical4,2000,4,0.8,20000,poisson_original,3,True,-215539.46264948387,0.0,0,0.0,1,4,"[3, 0, 2, 1]",0.577,0,0.0075,0.134648900013417,0.2408141999039799,0,0.0
hierarchical4_n2000_ch0.8_s20000,hierarchical4,2000,4,0.8,20000,poisson_scaled_fixed_k,3,True,-215539.46264948056,0.0,0,0.0,1,4,"[3, 0, 2, 1]",0.7830279652844745,963,0.008,0.16936219995841384,0.24418859998695552,0,0.0
hierarchical4_n2000_ch0.8_s20000,hierarchical4,2000,4,0.8,20000,poisson_scaled_remaining,3,True,-215539.4626494776,0.0,0,0.0,1,4,"[3, 0, 2, 1]",0.637478108581436,287,0.001,0.1599770998582244,0.23433319991454482,0,0.0
hierarchical4_n2000_ch0.8_s20001,hierarchical4,2000,4,0.8,20001,bernoulli_original,3,True,-213039.23995046568,0.0,1,0.0005,0,4,"[0, 3, 1, 2]",0.5845,0,0.006,0.1400822999421507,0.03676420007832348,1,0.0005
hierarchical4_n2000_ch0.8_s20001,hierarchical4,2000,4,0.8,20001,bernoulli_scaled_fixed_k,3,True,-213039.23995004714,0.0,1,0.0005,0,4,"[0, 3, 1, 2]",0.7801350048216008,963,0.0055,0.18579000001773238,0.03701229998841882,1,0.0005
hierarchical4_n2000_ch0.8_s20001,hierarchical4,2000,4,0.8,20001,bernoulli_scaled_remaining,3,True,-213039.23995045183,0.0,1,0.0005,0,4,"[0, 3, 1, 2]",0.6298890834792761,287,0.0035,0.2142295998055488,0.03841469995677471,1,0.0005
hierarchical4_n2000_ch0.8_s20001,hierarchical4,2000,4,0.8,20001,poisson_original,4,True,-213699.11416586328,0.0,1,0.0005,0,3,"[1, 3, 0, 3]",0.5455,0,0.1825,0.1320998000446707,0.2563051001634449,1,0.0005
hierarchical4_n2000_ch0.8_s20001,hierarchical4,2000,4,0.8,20001,poisson_scaled_fixed_k,3,True,-213699.114108271,0.0,1,0.0005,0,4,"[0, 3, 1, 2]",0.7782063645130183,963,0.0055,0.15951850009150803,0.23242269991897047,1,0.0005
hierarchical4_n2000_ch0.8_s20001,hierarchical4,2000,4,0.8,20001,poisson_scaled_remaining,3,True,-213699.11410863634,0.0,1,0.0005,0,4,"[0, 3, 1, 2]",0.6258026853473438,287,0.0035,0.1599719999358058,0.22770079993642867,1,0.0005
hierarchical4_n2000_ch0.8_s20002,hierarchical4,2000,4,0.8,20002,bernoulli_original,3,True,-212021.42777242733,0.0,1,0.0005,0,4,"[1, 3, 0, 2]",0.54,0,0.019,0.15129939978942275,0.03186269989237189,1,0.0005
hierarchical4_n2000_ch0.8_s20002,hierarchical4,2000,4,0.8,20002,bernoulli_scaled_fixed_k,3,True,-212021.42777144493,0.0,1,0.0005,0,4,"[1, 3, 2, 0]",0.7463837994214079,963,0.0085,0.17376790009438992,0.03326120018027723,1,0.0005
hierarchical4_n2000_ch0.8_s20002,hierarchical4,2000,4,0.8,20002,bernoulli_scaled_remaining,3,True,-212021.4277714263,0.0,1,0.0005,0,4,"[1, 3, 0, 2]",0.5872737886748395,287,0.0025,0.16994479997083545,0.03483849996700883,1,0.0005
hierarchical4_n2000_ch0.8_s20002,hierarchical4,2000,4,0.8,20002,poisson_original,3,True,-212680.4956778298,0.0,1,0.0005,0,4,"[1, 3, 0, 2]",0.538,0,0.019,0.14129079994745553,0.24529599980451167,1,0.0005
hierarchical4_n2000_ch0.8_s20002,hierarchical4,2000,4,0.8,20002,poisson_scaled_fixed_k,3,True,-212680.49567691758,0.0,1,0.0005,0,4,"[1, 3, 2, 0]",0.742526518804243,963,0.0085,0.15963339991867542,0.2383319998625666,1,0.0005
hierarchical4_n2000_ch0.8_s20002,hierarchical4,2000,4,0.8,20002,poisson_scaled_remaining,3,True,-212680.49567690023,0.0,1,0.0005,0,4,"[1, 3, 0, 2]",0.5843549328663165,287,0.0025,0.162575300084427,0.2773480999749154,1,0.0005
hierarchical4_n2000_ch0.8_s20003,hierarchical4,2000,4,0.8,20003,bernoulli_original,3,True,-214872.94601998734,0.0,0,0.0,1,4,"[1, 2, 0, 3]",0.5385,0,0.005,0.13617199985310435,0.03310499992221594,0,0.0
hierarchical4_n2000_ch0.8_s20003,hierarchical4,2000,4,0.8,20003,bernoulli_scaled_fixed_k,3,True,-214872.94602000056,0.0,0,0.0,1,4,"[0, 3, 2, 1]",0.7434908389585342,963,0.008,0.16773819993250072,0.038808400044217706,0,0.0
hierarchical4_n2000_ch0.8_s20003,hierarchical4,2000,4,0.8,20003,bernoulli_scaled_remaining,4,True,-214872.94601998478,0.0,0,0.0,1,3,"[0, 3, 0, 2]",0.5925277291301809,287,0.0825,0.16116599994711578,0.03676149994134903,0,0.0
hierarchical4_n2000_ch0.8_s20003,hierarchical4,2000,4,0.8,20003,poisson_original,3,True,-215554.98032329412,0.0,0,0.0,1,4,"[1, 2, 0, 3]",0.537,0,0.005,0.1272260001860559,0.25214200001209974,0,0.0
hierarchical4_n2000_ch0.8_s20003,hierarchical4,2000,4,0.8,20003,poisson_scaled_fixed_k,3,True,-215554.98032329453,0.0,0,0.0,1,4,"[1, 2, 0, 3]",0.7830279652844745,963,0.0035,0.16768239997327328,0.2770903999917209,0,0.0
hierarchical4_n2000_ch0.8_s20003,hierarchical4,2000,4,0.8,20003,poisson_scaled_remaining,3,True,-215554.98032329406,0.0,0,0.0,1,4,"[1, 3, 0, 2]",0.6187974314068885,287,0.0015,0.1572830998338759,0.2380185998044908,0,0.0
hierarchical4_n2000_ch0.8_s20004,hierarchical4,2000,4,0.8,20004,bernoulli_original,4,True,-213171.71279668313,0.0,0,0.0,1,3,"[0, 3, 1, 3]",0.525,0,0.2255,0.1295731000136584,0.0395300998352468,0,0.0
hierarchical4_n2000_ch0.8_s20004,hierarchical4,2000,4,0.8,20004,bernoulli_scaled_fixed_k,3,True,-213171.7127961981,0.0,0,0.0,1,4,"[0, 3, 1, 2]",0.7280617164898746,963,0.009,0.15889349998906255,0.030732000013813376,0,0.0
hierarchical4_n2000_ch0.8_s20004,hierarchical4,2000,4,0.8,20004,bernoulli_scaled_remaining,3,True,-213171.7127959837,0.0,0,0.0,1,4,"[0, 3, 1, 2]",0.5837711617046117,287,0.0055,0.15380820003338158,0.030422399984672666,0,0.0
hierarchical4_n2000_ch0.8_s20004,hierarchical4,2000,4,0.8,20004,poisson_original,4,True,-213828.8313204922,0.0,0,0.0,1,3,"[0, 3, 1, 3]",0.523,0,0.2265,0.1303754998371005,0.26621869998052716,0,0.0
hierarchical4_n2000_ch0.8_s20004,hierarchical4,2000,4,0.8,20004,poisson_scaled_fixed_k,3,True,-213828.83131992756,0.0,0,0.0,1,4,"[0, 3, 1, 2]",0.7280617164898746,963,0.009,0.14885859983041883,0.2157921998295933,0,0.0
hierarchical4_n2000_ch0.8_s20004,hierarchical4,2000,4,0.8,20004,poisson_scaled_remaining,3,True,-213828.8313197138,0.0,0,0.0,1,4,"[0, 3, 1, 2]",0.5820198482194979,287,0.0055,0.14491869998164475,0.22072630003094673,0,0.0
hierarchical4_n2000_ch1.4_s20000,hierarchical4,2000,4,1.4,20000,bernoulli_original,2,True,-325390.2113763782,0.0,0,0.0,1,4,"[3, 1, 2, 0]",0.671,0,0.0,0.1315365000627935,0.023607100127264857,0,0.0
hierarchical4_n2000_ch1.4_s20000,hierarchical4,2000,4,1.4,20000,bernoulli_scaled_fixed_k,2,True,-325390.2113763782,0.0,0,0.0,1,4,"[3, 1, 2, 0]",0.9296046287367405,963,0.0,0.1599051000084728,0.02138400007970631,0,0.0
hierarchical4_n2000_ch1.4_s20000,hierarchical4,2000,4,1.4,20000,bernoulli_scaled_remaining,2,True,-325390.21137637825,0.0,0,0.0,1,4,"[3, 1, 2, 0]",0.8493870402802102,287,0.0,0.14897589990869164,0.021321900188922882,0,0.0
hierarchical4_n2000_ch1.4_s20000,hierarchical4,2000,4,1.4,20000,poisson_original,2,True,-327391.50807491946,0.0,0,0.0,1,4,"[3, 1, 2, 0]",0.662,0,0.0,0.12925520003773272,0.22871820000000298,0,0.0
hierarchical4_n2000_ch1.4_s20000,hierarchical4,2000,4,1.4,20000,poisson_scaled_fixed_k,2,True,-327391.50807491946,0.0,0,0.0,1,4,"[3, 1, 2, 0]",0.9247830279652844,963,0.0,0.1497797998599708,0.22276230016723275,0,0.0
hierarchical4_n2000_ch1.4_s20000,hierarchical4,2000,4,1.4,20000,poisson_scaled_remaining,2,True,-327391.50807491946,0.0,0,0.0,1,4,"[3, 1, 2, 0]",0.8453006421482778,287,0.0,0.14690960012376308,0.2081989999860525,0,0.0
hierarchical4_n2000_ch1.4_s20001,hierarchical4,2000,4,1.4,20001,bernoulli_original,3,True,-324036.30889199517,0.0,0,0.0,1,4,"[1, 2, 0, 3]",0.6315,0,0.003,0.12845190009102225,0.030330700101330876,0,0.0
hierarchical4_n2000_ch1.4_s20001,hierarchical4,2000,4,1.4,20001,bernoulli_scaled_fixed_k,2,True,-324036.3088919951,0.0,0,0.0,1,4,"[1, 2, 3, 0]",0.8804243008678881,963,0.0005,0.16570970020256937,0.022414200007915497,0,0.0
hierarchical4_n2000_ch1.4_s20001,hierarchical4,2000,4,1.4,20001,bernoulli_scaled_remaining,2,True,-324036.3088919951,0.0,0,0.0,1,4,"[1, 2, 0, 3]",0.7390542907180385,287,0.0,0.1610330999828875,0.024531400064006448,0,0.0
hierarchical4_n2000_ch1.4_s20001,hierarchical4,2000,4,1.4,20001,poisson_original,3,True,-326040.77529865195,0.0,0,0.0,1,4,"[1, 2, 0, 3]",0.6265,0,0.0035,0.12930470006540418,0.22426420007832348,0,0.0
hierarchical4_n2000_ch1.4_s20001,hierarchical4,2000,4,1.4,20001,poisson_scaled_fixed_k,2,True,-326040.77529865195,0.0,0,0.0,1,4,"[1, 2, 3, 0]",0.8784956605593057,963,0.0005,0.1495242000091821,0.21759009989909828,0,0.0
hierarchical4_n2000_ch1.4_s20001,hierarchical4,2000,4,1.4,20001,poisson_scaled_remaining,2,True,-326040.77529865195,0.0,0,0.0,1,4,"[1, 2, 0, 3]",0.7314652656158785,287,0.0,0.14115689997561276,0.21205230010673404,0,0.0
hierarchical4_n2000_ch1.4_s20002,hierarchical4,2000,4,1.4,20002,bernoulli_original,2,True,-323563.706158326,0.0,0,0.0,1,4,"[1, 3, 0, 2]",0.6935,0,0.0005,0.13350460003130138,0.021867099916562438,0,0.0
hierarchical4_n2000_ch1.4_s20002,hierarchical4,2000,4,1.4,20002,bernoulli_scaled_fixed_k,2,True,-323563.706158326,0.0,0,0.0,1,4,"[1, 3, 0, 2]",0.9189971070395371,963,0.0,0.15815829997882247,0.02052800008095801,0,0.0
hierarchical4_n2000_ch1.4_s20002,hierarchical4,2000,4,1.4,20002,bernoulli_scaled_remaining,2,True,-323563.706158326,0.0,0,0.0,1,4,"[1, 3, 0, 2]",0.8394629305312318,287,0.0,0.1641627000644803,0.02281400002539158,0,0.0
hierarchical4_n2000_ch1.4_s20002,hierarchical4,2000,4,1.4,20002,poisson_original,2,True,-325553.9496140089,0.0,0,0.0,1,4,"[1, 3, 0, 2]",0.685,0,0.0005,0.11822160007432103,0.21722549991682172,0,0.0
hierarchical4_n2000_ch1.4_s20002,hierarchical4,2000,4,1.4,20002,poisson_scaled_fixed_k,2,True,-325553.9496140089,0.0,0,0.0,1,4,"[1, 3, 2, 0]",0.837029893924783,963,0.0,0.16503180004656315,0.22880759998224676,0,0.0
hierarchical4_n2000_ch1.4_s20002,hierarchical4,2000,4,1.4,20002,poisson_scaled_remaining,2,True,-325553.9496140089,0.0,0,0.0,1,4,"[1, 3, 2, 0]",0.7548161120840631,287,0.0,0.13856220012530684,0.21199329989030957,0,0.0
hierarchical4_n2000_ch1.4_s20003,hierarchical4,2000,4,1.4,20003,bernoulli_original,2,True,-325447.7811025393,0.0,0,0.0,1,4,"[3, 1, 2, 0]",0.6515,0,0.0,0.14945829985663295,0.02139620017260313,0,0.0
hierarchical4_n2000_ch1.4_s20003,hierarchical4,2000,4,1.4,20003,bernoulli_scaled_fixed_k,2,True,-325447.7811025393,0.0,0,0.0,1,4,"[3, 1, 0, 2]",0.875602700096432,963,0.0,0.19866869994439185,0.024110800120979548,0,0.0
hierarchical4_n2000_ch1.4_s20003,hierarchical4,2000,4,1.4,20003,bernoulli_scaled_remaining,2,True,-325447.7811025393,0.0,0,0.0,1,4,"[3, 1, 2, 0]",0.7460595446584939,287,0.0,0.14788599987514317,0.020504799904301763,0,0.0
hierarchical4_n2000_ch1.4_s20003,hierarchical4,2000,4,1.4,20003,poisson_original,2,True,-327478.7369176828,0.0,0,0.0,1,4,"[3, 1, 2, 0]",0.6475,0,0.0,0.12938540009781718,0.22420199983753264,0,0.0
hierarchical4_n2000_ch1.4_s20003,hierarchical4,2000,4,1.4,20003,poisson_scaled_fixed_k,2,True,-327478.7369176828,0.0,0,0.0,1,4,"[3, 1, 0, 2]",0.8341369334619093,963,0.0,0.17266929987818003,0.250491299899295,0,0.0
hierarchical4_n2000_ch1.4_s20003,hierarchical4,2000,4,1.4,20003,poisson_scaled_remaining,2,True,-327478.7369176828,0.0,0,0.0,1,4,"[3, 1, 2, 0]",0.7408056042031523,287,0.0,0.15492630004882812,0.21501450007781386,0,0.0
hierarchical4_n2000_ch1.4_s20004,hierarchical4,2000,4,1.4,20004,bernoulli_original,2,True,-324393.5783280492,0.0,0,0.0,1,4,"[0, 3, 1, 2]",0.6765,0,0.0,0.13193710008636117,0.02139180013909936,0,0.0
hierarchical4_n2000_ch1.4_s20004,hierarchical4,2000,4,1.4,20004,bernoulli_scaled_fixed_k,2,True,-324393.5783280492,0.0,0,0.0,1,4,"[0, 3, 2, 1]",0.8987463837994214,963,0.0,0.16006959998048842,0.02227570000104606,0,0.0
hierarchical4_n2000_ch1.4_s20004,hierarchical4,2000,4,1.4,20004,bernoulli_scaled_remaining,2,True,-324393.5783280492,0.0,0,0.0,1,4,"[0, 3, 1, 2]",0.7676590776415645,287,0.0,0.14588349987752736,0.021620499901473522,0,0.0
hierarchical4_n2000_ch1.4_s20004,hierarchical4,2000,4,1.4,20004,poisson_original,2,True,-326372.07568901236,0.0,0,0.0,1,4,"[0, 3, 1, 2]",0.6725,0,0.0,0.12421409995295107,0.21381679992191494,0,0.0
hierarchical4_n2000_ch1.4_s20004,hierarchical4,2000,4,1.4,20004,poisson_scaled_fixed_k,2,True,-326372.07568901236,0.0,0,0.0,1,4,"[0, 3, 2, 1]",0.8948891031822566,963,0.0,0.18666449980810285,0.23212380008772016,0,0.0
hierarchical4_n2000_ch1.4_s20004,hierarchical4,2000,4,1.4,20004,poisson_scaled_remaining,2,True,-326372.07568901236,0.0,0,0.0,1,4,"[0, 3, 1, 2]",0.762405137186223,287,0.0,0.14951359992846847,0.21255919989198446,0,0.0
symmetric2_n1000_ch0.8_s20000,symmetric2,1000,2,0.8,20000,bernoulli_original,3,True,-121389.29723810792,0.0,0,0.0,1,2,"[0, 1]",0.511,0,0.014,0.019157199887558818,0.009593999944627285,0,0.0
symmetric2_n1000_ch0.8_s20000,symmetric2,1000,2,0.8,20000,bernoulli_scaled_fixed_k,4,True,-121389.29722934209,0.0,0,0.0,1,2,"[1, 0]",0.7271095152603232,443,0.028,0.022456899983808398,0.010476100025698543,0,0.0
symmetric2_n1000_ch0.8_s20000,symmetric2,1000,2,0.8,20000,bernoulli_scaled_remaining,3,True,-121389.2972336222,0.0,0,0.0,1,2,"[1, 0]",0.5776636713735558,221,0.03,0.021406799787655473,0.008069999981671572,0,0.0
symmetric2_n1000_ch0.8_s20000,symmetric2,1000,2,0.8,20000,poisson_original,3,True,-121948.6329870671,0.0,0,0.0,1,2,"[0, 1]",0.509,0,0.014,0.020813300041481853,0.059765599900856614,0,0.0
symmetric2_n1000_ch0.8_s20000,symmetric2,1000,2,0.8,20000,poisson_scaled_fixed_k,4,True,-121948.63297823777,0.0,0,0.0,1,2,"[1, 0]",0.7271095152603232,443,0.028,0.022002900019288063,0.06385839986614883,0,0.0
symmetric2_n1000_ch0.8_s20000,symmetric2,1000,2,0.8,20000,poisson_scaled_remaining,3,True,-121948.63298232527,0.0,0,0.0,1,2,"[1, 0]",0.576379974326059,221,0.03,0.02166519989259541,0.05809980002231896,0,0.0
symmetric2_n1000_ch0.8_s20001,symmetric2,1000,2,0.8,20001,bernoulli_original,3,True,-119204.42783611499,0.0,0,0.0,1,2,"[0, 1]",0.545,0,0.052,0.01814049994572997,0.007136799860745668,0,0.0
symmetric2_n1000_ch0.8_s20001,symmetric2,1000,2,0.8,20001,bernoulli_scaled_fixed_k,3,True,-119204.42782803233,0.0,0,0.0,1,2,"[0, 1]",0.7271095152603232,443,0.017,0.0205808999016881,0.0077772000804543495,0,0.0
symmetric2_n1000_ch0.8_s20001,symmetric2,1000,2,0.8,20001,bernoulli_scaled_remaining,3,True,-119204.42782073407,0.0,0,0.0,1,2,"[0, 1]",0.5866495507060334,221,0.019,0.021005099872127175,0.007034400012344122,0,0.0
symmetric2_n1000_ch0.8_s20001,symmetric2,1000,2,0.8,20001,poisson_original,4,True,-119739.96631150118,0.0,1,0.001,0,2,"[0, 1]",0.545,0,0.053,0.019166699843481183,0.059537800028920174,0,0.0
symmetric2_n1000_ch0.8_s20001,symmetric2,1000,2,0.8,20001,poisson_scaled_fixed_k,4,True,-119739.96631149329,0.0,1,0.001,0,2,"[0, 1]",0.725314183123878,443,0.017,0.022212899988517165,0.062274600146338344,0,0.0
symmetric2_n1000_ch0.8_s20001,symmetric2,1000,2,0.8,20001,poisson_scaled_remaining,4,True,-119739.96631197991,0.0,1,0.001,0,1,"[0, 0]",0.540436456996149,221,0.131,0.020529399858787656,0.06272920011542737,0,0.0
symmetric2_n1000_ch0.8_s20002,symmetric2,1000,2,0.8,20002,bernoulli_original,4,True,-119986.62245881607,0.0,2,0.002,0,2,"[1, 0]",0.527,0,0.037,0.018864399986341596,0.00920789991505444,2,0.002
symmetric2_n1000_ch0.8_s20002,symmetric2,1000,2,0.8,20002,bernoulli_scaled_fixed_k,3,True,-119986.62246063793,0.0,2,0.002,0,2,"[0, 1]",0.7468581687612208,443,0.018,0.025677500059828162,0.0086300999391824,2,0.002
symmetric2_n1000_ch0.8_s20002,symmetric2,1000,2,0.8,20002,bernoulli_scaled_remaining,3,True,-119986.62245893604,0.0,2,0.002,0,2,"[0, 1]",0.5969191270860077,221,0.004,0.02396360016427934,0.008474500151351094,2,0.002
symmetric2_n1000_ch0.8_s20002,symmetric2,1000,2,0.8,20002,poisson_original,4,True,-120527.50401821571,0.0,2,0.002,0,2,"[1, 0]",0.527,0,0.036,0.020022900076583028,0.05972480005584657,2,0.002
symmetric2_n1000_ch0.8_s20002,symmetric2,1000,2,0.8,20002,poisson_scaled_fixed_k,3,True,-120527.50402013859,0.0,2,0.002,0,2,"[0, 1]",0.7450628366247756,443,0.018,0.020526600070297718,0.055775699904188514,2,0.002
symmetric2_n1000_ch0.8_s20002,symmetric2,1000,2,0.8,20002,poisson_scaled_remaining,3,True,-120527.5040183213,0.0,2,0.002,0,2,"[0, 1]",0.5956354300385109,221,0.004,0.021191000007092953,0.0576154999434948,2,0.002
symmetric2_n1000_ch0.8_s20003,symmetric2,1000,2,0.8,20003,bernoulli_original,4,True,-121506.9825199628,0.0,0,0.0,1,2,"[1, 0]",0.509,0,0.157,0.018944599898532033,0.011108299950137734,0,0.0
symmetric2_n1000_ch0.8_s20003,symmetric2,1000,2,0.8,20003,bernoulli_scaled_fixed_k,3,True,-121506.9825424787,0.0,0,0.0,1,2,"[1, 0]",0.7342908438061041,443,0.02,0.0231651000212878,0.009678799891844392,0,0.0
symmetric2_n1000_ch0.8_s20003,symmetric2,1000,2,0.8,20003,bernoulli_scaled_remaining,3,True,-121506.98253151964,0.0,0,0.0,1,2,"[1, 0]",0.5994865211810013,221,0.013,0.02199119981378317,0.009395200060680509,0,0.0
symmetric2_n1000_ch0.8_s20003,symmetric2,1000,2,0.8,20003,poisson_original,4,True,-122063.22748083163,0.0,0,0.0,1,2,"[1, 0]",0.509,0,0.157,0.018475500168278813,0.057783399941399693,0,0.0
symmetric2_n1000_ch0.8_s20003,symmetric2,1000,2,0.8,20003,poisson_scaled_fixed_k,3,True,-122063.22750373888,0.0,0,0.0,1,2,"[1, 0]",0.7324955116696589,443,0.02,0.02237970009446144,0.05983719998039305,0,0.0
symmetric2_n1000_ch0.8_s20003,symmetric2,1000,2,0.8,20003,poisson_scaled_remaining,3,True,-122063.22748008826,0.0,0,0.0,1,2,"[1, 0]",0.5840821566110398,221,0.004,0.0210164999589324,0.06685740011744201,0,0.0
symmetric2_n1000_ch0.8_s20004,symmetric2,1000,2,0.8,20004,bernoulli_original,3,True,-119966.2790119095,0.0,0,0.0,1,1,"[0, 0]",0.501,0,0.084,0.023971699876710773,0.008555900072678924,0,0.0
symmetric2_n1000_ch0.8_s20004,symmetric2,1000,2,0.8,20004,bernoulli_scaled_fixed_k,3,True,-119966.27901143092,0.0,0,0.0,1,2,"[1, 0]",0.7378815080789947,443,0.02,0.024057799950242043,0.008281399961560965,0,0.0
symmetric2_n1000_ch0.8_s20004,symmetric2,1000,2,0.8,20004,bernoulli_scaled_remaining,3,True,-119966.27899938784,0.0,0,0.0,1,2,"[1, 0]",0.5776636713735558,221,0.008,0.023290899815037847,0.008560999995097518,0,0.0
symmetric2_n1000_ch0.8_s20004,symmetric2,1000,2,0.8,20004,poisson_original,3,True,-120512.52148666966,0.0,0,0.0,1,1,"[0, 0]",0.501,0,0.085,0.019707500003278255,0.06751500000245869,0,0.0
symmetric2_n1000_ch0.8_s20004,symmetric2,1000,2,0.8,20004,poisson_scaled_fixed_k,3,True,-120512.52148444924,0.0,0,0.0,1,2,"[1, 0]",0.7342908438061041,443,0.019,0.022159299813210964,0.06228800001554191,0,0.0
symmetric2_n1000_ch0.8_s20004,symmetric2,1000,2,0.8,20004,poisson_scaled_remaining,3,True,-120512.52147200753,0.0,0,0.0,1,2,"[1, 0]",0.5738125802310655,221,0.008,0.023625999921932817,0.06415729993022978,0,0.0
symmetric2_n1000_ch1.4_s20000,symmetric2,1000,2,1.4,20000,bernoulli_original,3,True,-182734.8368403779,0.0,0,0.0,1,2,"[0, 1]",0.593,0,0.0,0.022385399788618088,0.00894890003837645,0,0.0
symmetric2_n1000_ch1.4_s20000,symmetric2,1000,2,1.4,20000,bernoulli_scaled_fixed_k,3,True,-182734.83684037792,0.0,0,0.0,1,2,"[1, 0]",0.8132854578096947,443,0.003,0.03158850013278425,0.008710999973118305,0,0.0
symmetric2_n1000_ch1.4_s20000,symmetric2,1000,2,1.4,20000,bernoulli_scaled_remaining,2,True,-182734.8368403779,0.0,0,0.0,1,2,"[1, 0]",0.7753530166880617,221,0.0,0.023079999955371022,0.006633199984207749,0,0.0
symmetric2_n1000_ch1.4_s20000,symmetric2,1000,2,1.4,20000,poisson_original,3,True,-184370.3635361019,0.0,0,0.0,1,2,"[0, 1]",0.589,0,0.0,0.019510400015860796,0.059366500005126,0,0.0
symmetric2_n1000_ch1.4_s20000,symmetric2,1000,2,1.4,20000,poisson_scaled_fixed_k,3,True,-184370.36353610194,0.0,0,0.0,1,2,"[1, 0]",0.8114901256732495,443,0.003,0.02308230008929968,0.07304750010371208,0,0.0
symmetric2_n1000_ch1.4_s20000,symmetric2,1000,2,1.4,20000,poisson_scaled_remaining,2,True,-184370.36353610194,0.0,0,0.0,1,2,"[1, 0]",0.766367137355584,221,0.0,0.03204820002429187,0.06242119986563921,0,0.0
symmetric2_n1000_ch1.4_s20001,symmetric2,1000,2,1.4,20001,bernoulli_original,2,True,-181160.38050376216,0.0,0,0.0,1,2,"[0, 1]",0.651,0,0.0,0.020011400105431676,0.005527700064703822,0,0.0
symmetric2_n1000_ch1.4_s20001,symmetric2,1000,2,1.4,20001,bernoulli_scaled_fixed_k,2,True,-181160.38050376216,0.0,0,0.0,1,2,"[1, 0]",0.9012567324955116,443,0.0,0.0213083999697119,0.00713260006159544,0,0.0
symmetric2_n1000_ch1.4_s20001,symmetric2,1000,2,1.4,20001,bernoulli_scaled_remaining,2,True,-181160.38050376216,0.0,0,0.0,1,2,"[1, 0]",0.9178433889602053,221,0.0,0.02203559991903603,0.006792600033804774,0,0.0
symmetric2_n1000_ch1.4_s20001,symmetric2,1000,2,1.4,20001,poisson_original,2,True,-182786.4182494372,0.0,0,0.0,1,2,"[0, 1]",0.637,0,0.0,0.02070689992979169,0.06814619991928339,0,0.0
symmetric2_n1000_ch1.4_s20001,symmetric2,1000,2,1.4,20001,poisson_scaled_fixed_k,2,True,-182786.41824943724,0.0,0,0.0,1,2,"[1, 0]",0.8384201077199281,443,0.0,0.024296800140291452,0.06209879997186363,0,0.0
symmetric2_n1000_ch1.4_s20001,symmetric2,1000,2,1.4,20001,poisson_scaled_remaining,2,True,-182786.4182494372,0.0,0,0.0,1,2,"[1, 0]",0.8189987163029525,221,0.0,0.02421659999527037,0.06488459999673069,0,0.0
symmetric2_n1000_ch1.4_s20002,symmetric2,1000,2,1.4,20002,bernoulli_original,2,True,-183468.98091419434,0.0,0,0.0,1,2,"[0, 1]",0.719,0,0.0,0.021801700117066503,0.005814000032842159,0,0.0
symmetric2_n1000_ch1.4_s20002,symmetric2,1000,2,1.4,20002,bernoulli_scaled_fixed_k,2,True,-183468.98091419437,0.0,0,0.0,1,2,"[0, 1]",0.9210053859964094,443,0.0,0.026567300083115697,0.009131500031799078,0,0.0
symmetric2_n1000_ch1.4_s20002,symmetric2,1000,2,1.4,20002,bernoulli_scaled_remaining,2,True,-183468.98091419437,0.0,0,0.0,1,2,"[0, 1]",0.9370988446726572,221,0.0,0.02250730013474822,0.006484400015324354,0,0.0
symmetric2_n1000_ch1.4_s20002,symmetric2,1000,2,1.4,20002,poisson_original,2,True,-185140.94514076956,0.0,0,0.0,1,2,"[0, 1]",0.707,0,0.0,0.01898530009202659,0.0560846000444144,0,0.0
symmetric2_n1000_ch1.4_s20002,symmetric2,1000,2,1.4,20002,poisson_scaled_fixed_k,2,True,-185140.94514076956,0.0,0,0.0,1,2,"[0, 1]",0.8797127468581688,443,0.0,0.03833410004153848,0.07141330000013113,0,0.0
symmetric2_n1000_ch1.4_s20002,symmetric2,1000,2,1.4,20002,poisson_scaled_remaining,2,True,-185140.94514076956,0.0,0,0.0,1,2,"[0, 1]",0.8741976893453145,221,0.0,0.02149960002861917,0.0554105001501739,0,0.0
symmetric2_n1000_ch1.4_s20003,symmetric2,1000,2,1.4,20003,bernoulli_original,2,True,-183907.47610677604,0.0,0,0.0,1,2,"[1, 0]",0.669,0,0.0,0.02039829990826547,0.006521499948576093,0,0.0
symmetric2_n1000_ch1.4_s20003,symmetric2,1000,2,1.4,20003,bernoulli_scaled_fixed_k,2,True,-183907.47610677604,0.0,0,0.0,1,2,"[0, 1]",0.8456014362657092,443,0.0,0.02487299987114966,0.006302500143647194,0,0.0
symmetric2_n1000_ch1.4_s20003,symmetric2,1000,2,1.4,20003,bernoulli_scaled_remaining,2,True,-183907.47610677604,0.0,0,0.0,1,2,"[0, 1]",0.8369704749679076,221,0.0,0.023961700033396482,0.0068171999882906675,0,0.0
symmetric2_n1000_ch1.4_s20003,symmetric2,1000,2,1.4,20003,poisson_original,2,True,-185585.0565608519,0.0,0,0.0,1,2,"[1, 0]",0.661,0,0.0,0.020339000038802624,0.05989210004918277,0,0.0
symmetric2_n1000_ch1.4_s20003,symmetric2,1000,2,1.4,20003,poisson_scaled_fixed_k,2,True,-185585.0565608519,0.0,0,0.0,1,2,"[0, 1]",0.8420107719928187,443,0.0,0.02377339988015592,0.06659289984963834,0,0.0
symmetric2_n1000_ch1.4_s20003,symmetric2,1000,2,1.4,20003,poisson_scaled_remaining,2,True,-185585.0565608519,0.0,0,0.0,1,2,"[0, 1]",0.8228498074454429,221,0.0,0.02308350009843707,0.059554200153797865,0,0.0
symmetric2_n1000_ch1.4_s20004,symmetric2,1000,2,1.4,20004,bernoulli_original,3,True,-183751.59552283137,0.0,0,0.0,1,2,"[0, 1]",0.605,0,0.001,0.01932900003157556,0.007947499863803387,0,0.0
symmetric2_n1000_ch1.4_s20004,symmetric2,1000,2,1.4,20004,bernoulli_scaled_fixed_k,2,True,-183751.59552283137,0.0,0,0.0,1,2,"[0, 1]",0.8420107719928187,443,0.001,0.023093099938705564,0.006602399982511997,0,0.0
symmetric2_n1000_ch1.4_s20004,symmetric2,1000,2,1.4,20004,bernoulli_scaled_remaining,2,True,-183751.59552283134,0.0,0,0.0,1,2,"[0, 1]",0.8356867779204108,221,0.001,0.022943600080907345,0.010898299980908632,0,0.0
symmetric2_n1000_ch1.4_s20004,symmetric2,1000,2,1.4,20004,poisson_original,3,True,-185430.44880721727,0.0,0,0.0,1,2,"[0, 1]",0.599,0,0.001,0.020639699883759022,0.0644660999532789,0,0.0
symmetric2_n1000_ch1.4_s20004,symmetric2,1000,2,1.4,20004,poisson_scaled_fixed_k,2,True,-185430.4488072173,0.0,0,0.0,1,2,"[0, 1]",0.8348294434470377,443,0.001,0.02318000001832843,0.06309020007029176,0,0.0
symmetric2_n1000_ch1.4_s20004,symmetric2,1000,2,1.4,20004,poisson_scaled_remaining,2,True,-185430.44880721727,0.0,0,0.0,1,2,"[0, 1]",0.8164313222079589,221,0.0,0.03261150000616908,0.07850830000825226,0,0.0
symmetric2_n2000_ch0.8_s20000,symmetric2,2000,2,0.8,20000,bernoulli_original,4,True,-306051.03835322964,0.0,0,0.0,1,1,"[0, 0]",0.5055,0,0.1805,0.11583969998173416,0.06530800019390881,0,0.0
symmetric2_n2000_ch0.8_s20000,symmetric2,2000,2,0.8,20000,bernoulli_scaled_fixed_k,3,True,-306051.03835324745,0.0,0,0.0,1,2,"[0, 1]",0.685251798561151,888,0.0165,0.10918930009938776,0.03010790003463626,0,0.0
symmetric2_n2000_ch0.8_s20000,symmetric2,2000,2,0.8,20000,bernoulli_scaled_remaining,3,True,-306051.03835322993,0.0,0,0.0,1,2,"[0, 1]",0.5398457583547558,444,0.007,0.116943399887532,0.033191800117492676,0,0.0
symmetric2_n2000_ch0.8_s20000,symmetric2,2000,2,0.8,20000,poisson_original,4,True,-306730.7242745664,0.0,0,0.0,1,1,"[0, 0]",0.5055,0,0.1815,0.10028439993038774,0.2681692000478506,0,0.0
symmetric2_n2000_ch0.8_s20000,symmetric2,2000,2,0.8,20000,poisson_scaled_fixed_k,3,True,-306730.72427457426,0.0,0,0.0,1,2,"[0, 1]",0.6357913669064749,888,0.008,0.10119459987618029,0.24512350000441074,0,0.0
symmetric2_n2000_ch0.8_s20000,symmetric2,2000,2,0.8,20000,poisson_scaled_remaining,3,True,-306730.72427456663,0.0,0,0.0,1,2,"[0, 1]",0.537917737789203,444,0.007,0.1333127999678254,0.28550429991446435,0,0.0
symmetric2_n2000_ch0.8_s20001,symmetric2,2000,2,0.8,20001,bernoulli_original,3,True,-299911.9845685115,0.0,0,0.0,1,2,"[0, 1]",0.5385,0,0.0455,0.10562079981900752,0.03995150001719594,0,0.0
symmetric2_n2000_ch0.8_s20001,symmetric2,2000,2,0.8,20001,bernoulli_scaled_fixed_k,3,True,-299911.98456487164,0.0,0,0.0,1,2,"[0, 1]",0.7392086330935251,888,0.0175,0.1051129000261426,0.031438599806278944,0,0.0
symmetric2_n2000_ch0.8_s20001,symmetric2,2000,2,0.8,20001,bernoulli_scaled_remaining,3,True,-299911.984563805,0.0,0,0.0,1,2,"[0, 1]",0.5938303341902313,444,0.005,0.11207940010353923,0.03181029995903373,0,0.0
symmetric2_n2000_ch0.8_s20001,symmetric2,2000,2,0.8,20001,poisson_original,3,True,-300573.61523618357,0.0,0,0.0,1,2,"[0, 1]",0.5375,0,0.0455,0.1000718001741916,0.2598331000190228,0,0.0
symmetric2_n2000_ch0.8_s20001,symmetric2,2000,2,0.8,20001,poisson_scaled_fixed_k,3,True,-300573.61523253,0.0,0,0.0,1,2,"[0, 1]",0.7383093525179856,888,0.0175,0.10445570014417171,0.2321190000511706,0,0.0
symmetric2_n2000_ch0.8_s20001,symmetric2,2000,2,0.8,20001,poisson_scaled_remaining,3,True,-300573.6152314507,0.0,0,0.0,1,2,"[0, 1]",0.5925449871465296,444,0.005,0.13961159996688366,0.25961760012432933,0,0.0
symmetric2_n2000_ch0.8_s20002,symmetric2,2000,2,0.8,20002,bernoulli_original,3,True,-300414.69609039975,0.0,1,0.0005,0,2,"[1, 0]",0.5235,0,0.014,0.09492380009032786,0.030136400135234,1,0.0005
symmetric2_n2000_ch0.8_s20002,symmetric2,2000,2,0.8,20002,bernoulli_scaled_fixed_k,3,True,-300414.69609042665,0.0,1,0.0005,0,2,"[1, 0]",0.7347122302158273,888,0.0105,0.1106096999719739,0.032724899938330054,1,0.0005
symmetric2_n2000_ch0.8_s20002,symmetric2,2000,2,0.8,20002,bernoulli_scaled_remaining,3,True,-300414.69609037554,0.0,1,0.0005,0,2,"[1, 0]",0.5726221079691517,444,0.014,0.10712669999338686,0.0314514001365751,1,0.0005
symmetric2_n2000_ch0.8_s20002,symmetric2,2000,2,0.8,20002,poisson_original,3,True,-301065.00180841796,0.0,1,0.0005,0,2,"[1, 0]",0.5225,0,0.014,0.09671299997717142,0.2909316001459956,1,0.0005
symmetric2_n2000_ch0.8_s20002,symmetric2,2000,2,0.8,20002,poisson_scaled_fixed_k,3,True,-301065.0018084479,0.0,1,0.0005,0,2,"[1, 0]",0.7338129496402878,888,0.0105,0.10421969997696579,0.22635859996080399,1,0.0005
symmetric2_n2000_ch0.8_s20002,symmetric2,2000,2,0.8,20002,poisson_scaled_remaining,3,True,-301065.0018083954,0.0,1,0.0005,0,2,"[1, 0]",0.570694087403599,444,0.014,0.10466429986990988,0.2328927000053227,1,0.0005
symmetric2_n2000_ch0.8_s20003,symmetric2,2000,2,0.8,20003,bernoulli_original,4,True,-303668.4828807608,0.0,0,0.0,1,1,"[1, 1]",0.5035,0,0.339,0.10308100003749132,0.04090969986282289,0,0.0
symmetric2_n2000_ch0.8_s20003,symmetric2,2000,2,0.8,20003,bernoulli_scaled_fixed_k,3,True,-303668.48288261367,0.0,0,0.0,1,2,"[1, 0]",0.7149280575539568,888,0.018,0.11364399990998209,0.03231050004251301,0,0.0
symmetric2_n2000_ch0.8_s20003,symmetric2,2000,2,0.8,20003,bernoulli_scaled_remaining,3,True,-303668.4828838997,0.0,0,0.0,1,2,"[1, 0]",0.544344473007712,444,0.033,0.11230000015348196,0.031720400089398026,0,0.0
symmetric2_n2000_ch0.8_s20003,symmetric2,2000,2,0.8,20003,poisson_original,4,True,-304337.31406662706,0.0,0,0.0,1,1,"[1, 1]",0.5035,0,0.3415,0.12628929992206395,0.273099800106138,0,0.0
symmetric2_n2000_ch0.8_s20003,symmetric2,2000,2,0.8,20003,poisson_scaled_fixed_k,3,True,-304337.31406860333,0.0,0,0.0,1,2,"[1, 0]",0.7131294964028777,888,0.018,0.10916410014033318,0.24961509997956455,0,0.0
symmetric2_n2000_ch0.8_s20003,symmetric2,2000,2,0.8,20003,poisson_scaled_remaining,3,True,-304337.3140701667,0.0,0,0.0,1,2,"[1, 0]",0.5430591259640103,444,0.033,0.12044880003668368,0.2339405999518931,0,0.0
symmetric2_n2000_ch0.8_s20004,symmetric2,2000,2,0.8,20004,bernoulli_original,3,True,-302369.1589010749,0.0,0,0.0,1,2,"[0, 1]",0.5495,0,0.0045,0.09824289986863732,0.02873719995841384,0,0.0
symmetric2_n2000_ch0.8_s20004,symmetric2,2000,2,0.8,20004,bernoulli_scaled_fixed_k,3,True,-302369.1589011142,0.0,0,0.0,1,2,"[0, 1]",0.7356115107913669,888,0.0095,0.10837830021046102,0.032898399978876114,0,0.0
symmetric2_n2000_ch0.8_s20004,symmetric2,2000,2,0.8,20004,bernoulli_scaled_remaining,3,True,-302369.1589009788,0.0,0,0.0,1,2,"[0, 1]",0.5880462724935732,444,0.001,0.1104129001032561,0.03173040016554296,0,0.0
symmetric2_n2000_ch0.8_s20004,symmetric2,2000,2,0.8,20004,poisson_original,3,True,-303026.22926988045,0.0,0,0.0,1,2,"[0, 1]",0.5485,0,0.0045,0.10286199999973178,0.24547090008854866,0,0.0
symmetric2_n2000_ch0.8_s20004,symmetric2,2000,2,0.8,20004,poisson_scaled_fixed_k,3,True,-303026.22926991904,0.0,0,0.0,1,2,"[0, 1]",0.7347122302158273,888,0.0095,0.10215279995463789,0.22764849988743663,0,0.0
symmetric2_n2000_ch0.8_s20004,symmetric2,2000,2,0.8,20004,poisson_scaled_remaining,3,True,-303026.2292697837,0.0,0,0.0,1,2,"[0, 1]",0.5861182519280206,444,0.001,0.10216260002925992,0.22325180005282164,0,0.0
symmetric2_n2000_ch1.4_s20000,symmetric2,2000,2,1.4,20000,bernoulli_original,3,True,-472939.9612591137,-5.820766091346741e-11,0,0.0,1,2,"[1, 0]",0.5915,0,0.0015,0.09425240010023117,0.03150200005620718,0,0.0
symmetric2_n2000_ch1.4_s20000,symmetric2,2000,2,1.4,20000,bernoulli_scaled_fixed_k,3,True,-472939.9612591137,0.0,0,0.0,1,2,"[1, 0]",0.8138489208633094,888,0.001,0.10982799995690584,0.03399400017224252,0,0.0
symmetric2_n2000_ch1.4_s20000,symmetric2,2000,2,1.4,20000,bernoulli_scaled_remaining,2,True,-472939.9612591137,0.0,0,0.0,1,2,"[1, 0]",0.7352185089974294,444,0.0,0.10490139992907643,0.022171500138938427,0,0.0
symmetric2_n2000_ch1.4_s20000,symmetric2,2000,2,1.4,20000,poisson_original,3,True,-474969.2632856464,0.0,0,0.0,1,2,"[1, 0]",0.5885,0,0.0015,0.09909059992060065,0.24148470000363886,0,0.0
symmetric2_n2000_ch1.4_s20000,symmetric2,2000,2,1.4,20000,poisson_scaled_fixed_k,3,True,-474969.26328564645,0.0,0,0.0,1,2,"[1, 0]",0.810251798561151,888,0.001,0.09992279997095466,0.22534170001745224,0,0.0
symmetric2_n2000_ch1.4_s20000,symmetric2,2000,2,1.4,20000,poisson_scaled_remaining,2,True,-474969.2632856464,0.0,0,0.0,1,2,"[1, 0]",0.7281491002570694,444,0.0,0.09649040014483035,0.21220369986258447,0,0.0
symmetric2_n2000_ch1.4_s20001,symmetric2,2000,2,1.4,20001,bernoulli_original,2,True,-467074.497594978,0.0,0,0.0,1,2,"[1, 0]",0.6005,0,0.0,0.09702500002458692,0.023709499975666404,0,0.0
symmetric2_n2000_ch1.4_s20001,symmetric2,2000,2,1.4,20001,bernoulli_scaled_fixed_k,2,True,-467074.4975949781,0.0,0,0.0,1,2,"[0, 1]",0.8273381294964028,888,0.0,0.1075455998070538,0.023030399810522795,0,0.0
symmetric2_n2000_ch1.4_s20001,symmetric2,2000,2,1.4,20001,bernoulli_scaled_remaining,2,True,-467074.4975949781,0.0,0,0.0,1,2,"[0, 1]",0.781491002570694,444,0.0,0.11007799999788404,0.02201370010152459,0,0.0
symmetric2_n2000_ch1.4_s20001,symmetric2,2000,2,1.4,20001,poisson_original,2,True,-469082.7090482219,0.0,0,0.0,1,2,"[1, 0]",0.5965,0,0.0,0.09441480017267168,0.2246915001887828,0,0.0
symmetric2_n2000_ch1.4_s20001,symmetric2,2000,2,1.4,20001,poisson_scaled_fixed_k,2,True,-469082.70904822194,0.0,0,0.0,1,2,"[0, 1]",0.822841726618705,888,0.0,0.10203459998592734,0.2229923999402672,0,0.0
symmetric2_n2000_ch1.4_s20001,symmetric2,2000,2,1.4,20001,poisson_scaled_remaining,2,True,-469082.70904822194,0.0,0,0.0,1,2,"[0, 1]",0.7718508997429306,444,0.0,0.09689270006492734,0.2269993000663817,0,0.0
symmetric2_n2000_ch1.4_s20002,symmetric2,2000,2,1.4,20002,bernoulli_original,2,True,-468011.57891368365,0.0,0,0.0,1,2,"[0, 1]",0.6635,0,0.0,0.09293310018256307,0.023109700065106153,0,0.0
symmetric2_n2000_ch1.4_s20002,symmetric2,2000,2,1.4,20002,bernoulli_scaled_fixed_k,2,True,-468011.57891368365,0.0,0,0.0,1,2,"[0, 1]",0.8192446043165468,888,0.0,0.11184630007483065,0.02174369990825653,0,0.0
symmetric2_n2000_ch1.4_s20002,symmetric2,2000,2,1.4,20002,bernoulli_scaled_remaining,2,True,-468011.57891368365,0.0,0,0.0,1,2,"[0, 1]",0.7583547557840618,444,0.0,0.10644889995455742,0.021217700093984604,0,0.0
symmetric2_n2000_ch1.4_s20002,symmetric2,2000,2,1.4,20002,poisson_original,2,True,-469997.2611363098,0.0,0,0.0,1,2,"[0, 1]",0.6595,0,0.0,0.09027089993469417,0.21034790016710758,0,0.0
symmetric2_n2000_ch1.4_s20002,symmetric2,2000,2,1.4,20002,poisson_scaled_fixed_k,2,True,-469997.2611363098,0.0,0,0.0,1,2,"[0, 1]",0.814748201438849,888,0.0,0.10004360019229352,0.2485783000010997,0,0.0
symmetric2_n2000_ch1.4_s20002,symmetric2,2000,2,1.4,20002,poisson_scaled_remaining,2,True,-469997.2611363098,0.0,0,0.0,1,2,"[0, 1]",0.7487146529562982,444,0.0,0.10507460008375347,0.22034390014596283,0,0.0
symmetric2_n2000_ch1.4_s20003,symmetric2,2000,2,1.4,20003,bernoulli_original,2,True,-470320.52532057924,0.0,0,0.0,1,2,"[0, 1]",0.6085,0,0.0,0.09527839999645948,0.019742900040000677,0,0.0
symmetric2_n2000_ch1.4_s20003,symmetric2,2000,2,1.4,20003,bernoulli_scaled_fixed_k,3,True,-470320.5253205793,-5.820766091346741e-11,0,0.0,1,2,"[0, 1]",0.783273381294964,888,0.0025,0.10194210009649396,0.029653399949893355,0,0.0
symmetric2_n2000_ch1.4_s20003,symmetric2,2000,2,1.4,20003,bernoulli_scaled_remaining,2,True,-470320.5253205792,0.0,0,0.0,1,2,"[0, 1]",0.6812339331619537,444,0.0,0.10471260012127459,0.021134400041773915,0,0.0
symmetric2_n2000_ch1.4_s20003,symmetric2,2000,2,1.4,20003,poisson_original,2,True,-472343.0183504334,0.0,0,0.0,1,2,"[0, 1]",0.6055,0,0.0,0.09573719999752939,0.21201499993912876,0,0.0
symmetric2_n2000_ch1.4_s20003,symmetric2,2000,2,1.4,20003,poisson_scaled_fixed_k,3,True,-472343.0183504334,-5.820766091346741e-11,0,0.0,1,2,"[0, 1]",0.7814748201438849,888,0.0025,0.1005384000018239,0.21856619999743998,0,0.0
symmetric2_n2000_ch1.4_s20003,symmetric2,2000,2,1.4,20003,poisson_scaled_remaining,2,True,-472343.0183504333,0.0,0,0.0,1,2,"[0, 1]",0.6748071979434447,444,0.0,0.09869479993358254,0.21557369991205633,0,0.0
symmetric2_n2000_ch1.4_s20004,symmetric2,2000,2,1.4,20004,bernoulli_original,2,True,-468502.3954545655,0.0,0,0.0,1,2,"[1, 0]",0.6195,0,0.0005,0.09049630002118647,0.020541900070384145,0,0.0
symmetric2_n2000_ch1.4_s20004,symmetric2,2000,2,1.4,20004,bernoulli_scaled_fixed_k,2,True,-468502.39545456565,0.0,0,0.0,1,2,"[0, 1]",0.8282374100719424,888,0.0,0.10179019998759031,0.020989099983125925,0,0.0
symmetric2_n2000_ch1.4_s20004,symmetric2,2000,2,1.4,20004,bernoulli_scaled_remaining,2,True,-468502.3954545656,0.0,0,0.0,1,2,"[0, 1]",0.7834190231362468,444,0.0,0.10327069996856153,0.022020200034603477,0,0.0
symmetric2_n2000_ch1.4_s20004,symmetric2,2000,2,1.4,20004,poisson_original,2,True,-470482.4184594891,0.0,0,0.0,1,2,"[1, 0]",0.6165,0,0.0005,0.09306839993223548,0.2111580998171121,0,0.0
symmetric2_n2000_ch1.4_s20004,symmetric2,2000,2,1.4,20004,poisson_scaled_fixed_k,2,True,-470482.4184594891,0.0,0,0.0,1,2,"[0, 1]",0.8264388489208633,888,0.0,0.10255139996297657,0.21265199990011752,0,0.0
symmetric2_n2000_ch1.4_s20004,symmetric2,2000,2,1.4,20004,poisson_scaled_remaining,2,True,-470482.4184594891,0.0,0,0.0,1,2,"[0, 1]",0.7789203084832905,444,0.0,0.09812340000644326,0.22239849995821714,0,0.0
unequal3_n1000_ch0.8_s20000,unequal3,1000,3,0.8,20000,bernoulli_original,47,True,-95815.75242431802,0.0,354,0.354,0,2,"[1, 0, 0]",0.669,0,0.326,0.02253090008161962,0.11365570011548698,1,0.001
unequal3_n1000_ch0.8_s20000,unequal3,1000,3,0.8,20000,bernoulli_scaled_fixed_k,3,True,-93830.15118509621,0.0,3,0.003,0,3,"[2, 1, 0]",0.7570621468926554,469,0.011,0.027130900183692575,0.008347599999979138,1,0.001
unequal3_n1000_ch0.8_s20000,unequal3,1000,3,0.8,20000,bernoulli_scaled_remaining,3,True,-93830.15115375607,0.0,3,0.003,0,3,"[2, 1, 0]",0.7995169082125604,172,0.007,0.026654499815776944,0.008664699969813228,1,0.001
unequal3_n1000_ch0.8_s20000,unequal3,1000,3,0.8,20000,poisson_original,46,True,-96229.77326384958,0.0,355,0.355,0,2,"[1, 0, 0]",0.668,0,0.329,0.02483020001091063,0.17342919996008277,1,0.001
unequal3_n1000_ch0.8_s20000,unequal3,1000,3,0.8,20000,poisson_scaled_fixed_k,3,True,-94296.5342389681,0.0,3,0.003,0,3,"[2, 1, 0]",0.7570621468926554,469,0.011,0.027760700089856982,0.05708109983243048,1,0.001
unequal3_n1000_ch0.8_s20000,unequal3,1000,3,0.8,20000,poisson_scaled_remaining,3,True,-94296.53420879063,0.0,3,0.003,0,3,"[2, 1, 0]",0.7995169082125604,172,0.007,0.027926000067964196,0.05725109996274114,1,0.001
unequal3_n1000_ch0.8_s20001,unequal3,1000,3,0.8,20001,bernoulli_original,15,True,-88798.77490507232,0.0,423,0.423,0,2,"[2, 0, 0]",0.69,0,0.358,0.0219200998544693,0.03611310012638569,31,0.031
unequal3_n1000_ch0.8_s20001,unequal3,1000,3,0.8,20001,bernoulli_scaled_fixed_k,3,True,-88386.12913347923,0.0,7,0.007,0,3,"[2, 1, 0]",0.9340866290018832,469,0.007,0.029656199971213937,0.01014869986101985,31,0.031
unequal3_n1000_ch0.8_s20001,unequal3,1000,3,0.8,20001,bernoulli_scaled_remaining,5,True,-88386.1271764016,0.0,6,0.006,0,3,"[2, 1, 0]",0.9347826086956522,172,0.01,0.028691399842500687,0.013888699933886528,31,0.031
unequal3_n1000_ch0.8_s20001,unequal3,1000,3,0.8,20001,poisson_original,18,True,-89197.37699675935,0.0,425,0.425,0,2,"[2, 0, 0]",0.69,0,0.355,0.023867800133302808,0.09174249996431172,31,0.031
unequal3_n1000_ch0.8_s20001,unequal3,1000,3,0.8,20001,poisson_scaled_fixed_k,3,True,-88788.67221989986,0.0,6,0.006,0,3,"[2, 1, 0]",0.9340866290018832,469,0.007,0.02690719999372959,0.062301200116053224,31,0.031
unequal3_n1000_ch0.8_s20001,unequal3,1000,3,0.8,20001,poisson_scaled_remaining,4,True,-88788.67031083783,0.0,6,0.006,0,3,"[2, 1, 0]",0.9335748792270532,172,0.01,0.05067260004580021,0.06039460003376007,31,0.031
unequal3_n1000_ch0.8_s20002,unequal3,1000,3,0.8,20002,bernoulli_original,58,True,-94306.76094338851,0.0,288,0.288,0,2,"[1, 0, 0]",0.691,0,0.347,0.022728400072082877,0.13926480012014508,0,0.0
unequal3_n1000_ch0.8_s20002,unequal3,1000,3,0.8,20002,bernoulli_scaled_fixed_k,3,True,-91967.04669800165,0.0,0,0.0,1,3,"[2, 1, 0]",0.879472693032015,469,0.001,0.029347999952733517,0.008922399953007698,0,0.0
unequal3_n1000_ch0.8_s20002,unequal3,1000,3,0.8,20002,bernoulli_scaled_remaining,2,True,-91967.04670970762,0.0,0,0.0,1,3,"[2, 1, 0]",0.8526570048309179,172,0.0,0.0275906000752002,0.006568899843841791,0,0.0
unequal3_n1000_ch0.8_s20002,unequal3,1000,3,0.8,20002,poisson_original,59,True,-94700.45662927123,0.0,288,0.288,0,2,"[1, 0, 0]",0.691,0,0.347,0.0228538999799639,0.20057790004648268,0,0.0
unequal3_n1000_ch0.8_s20002,unequal3,1000,3,0.8,20002,poisson_scaled_fixed_k,3,True,-92420.60943250907,0.0,0,0.0,1,3,"[2, 1, 0]",0.8775894538606404,469,0.001,0.02696929988451302,0.055488500045612454,0,0.0
unequal3_n1000_ch0.8_s20002,unequal3,1000,3,0.8,20002,poisson_scaled_remaining,2,True,-92420.60944569389,0.0,0,0.0,1,3,"[2, 1, 0]",0.8490338164251208,172,0.0,0.027813600143417716,0.0614059001673013,0,0.0
unequal3_n1000_ch0.8_s20003,unequal3,1000,3,0.8,20003,bernoulli_original,19,True,-94692.47578999479,0.0,221,0.221,0,2,"[1, 0, 0]",0.671,0,0.22,0.02171849994920194,0.04737100005149841,1,0.001
unequal3_n1000_ch0.8_s20003,unequal3,1000,3,0.8,20003,bernoulli_scaled_fixed_k,3,True,-92364.13178325513,0.0,0,0.0,1,2,"[1, 1, 0]",0.7457627118644068,469,0.019,0.03061000001616776,0.009375400142744184,1,0.001
unequal3_n1000_ch0.8_s20003,unequal3,1000,3,0.8,20003,bernoulli_scaled_remaining,3,True,-92364.13185910846,0.0,0,0.0,1,2,"[1, 1, 0]",0.8007246376811594,172,0.021,0.027593699982389808,0.00876799994148314,1,0.001
unequal3_n1000_ch0.8_s20003,unequal3,1000,3,0.8,20003,poisson_original,18,True,-95095.63891975327,0.0,221,0.221,0,2,"[1, 0, 0]",0.671,0,0.219,0.023940000217407942,0.09702989994548261,1,0.001
unequal3_n1000_ch0.8_s20003,unequal3,1000,3,0.8,20003,poisson_scaled_fixed_k,3,True,-92827.84784605718,0.0,0,0.0,1,2,"[1, 1, 0]",0.743879472693032,469,0.019,0.02704830002039671,0.05520009994506836,1,0.001
unequal3_n1000_ch0.8_s20003,unequal3,1000,3,0.8,20003,poisson_scaled_remaining,3,True,-92827.8479229969,0.0,0,0.0,1,2,"[1, 1, 0]",0.8007246376811594,172,0.021,0.030188499949872494,0.06178839993663132,1,0.001
unequal3_n1000_ch0.8_s20004,unequal3,1000,3,0.8,20004,bernoulli_original,18,True,-95589.83521042998,0.0,413,0.413,0,2,"[1, 0, 0]",0.679,0,0.435,0.023941699881106615,0.046040100045502186,3,0.003
unequal3_n1000_ch0.8_s20004,unequal3,1000,3,0.8,20004,bernoulli_scaled_fixed_k,3,True,-93632.68445705294,0.0,0,0.0,1,3,"[2, 1, 0]",0.896421845574388,469,0.006,0.028167600044980645,0.009560099802911282,3,0.003
unequal3_n1000_ch0.8_s20004,unequal3,1000,3,0.8,20004,bernoulli_scaled_remaining,3,True,-93632.68445488322,0.0,0,0.0,1,3,"[2, 1, 0]",0.8743961352657005,172,0.003,0.029813900124281645,0.009706799872219563,3,0.003
unequal3_n1000_ch0.8_s20004,unequal3,1000,3,0.8,20004,poisson_original,14,True,-95993.30004420657,0.0,418,0.418,0,2,"[1, 0, 0]",0.678,0,0.431,0.025707999942824244,0.09074690006673336,3,0.003
unequal3_n1000_ch0.8_s20004,unequal3,1000,3,0.8,20004,poisson_scaled_fixed_k,3,True,-94084.82025594213,0.0,0,0.0,1,3,"[2, 1, 0]",0.896421845574388,469,0.006,0.030154200037941337,0.059088499983772635,3,0.003
unequal3_n1000_ch0.8_s20004,unequal3,1000,3,0.8,20004,poisson_scaled_remaining,3,True,-94084.82025311046,0.0,0,0.0,1,3,"[2, 1, 0]",0.8743961352657005,172,0.002,0.029445499880239367,0.06243179994635284,3,0.003
unequal3_n1000_ch1.4_s20000,unequal3,1000,3,1.4,20000,bernoulli_original,126,True,-142721.01628928108,0.0,442,0.442,0,2,"[2, 0, 0]",0.693,0,0.223,0.0282063998747617,0.35621199989691377,0,0.0
unequal3_n1000_ch1.4_s20000,unequal3,1000,3,1.4,20000,bernoulli_scaled_fixed_k,2,True,-138786.55632776866,0.0,0,0.0,1,3,"[2, 1, 0]",0.943502824858757,469,0.0,0.02750750002451241,0.0063841999508440495,0,0.0
unequal3_n1000_ch1.4_s20000,unequal3,1000,3,1.4,20000,bernoulli_scaled_remaining,2,True,-138786.55632776866,0.0,0,0.0,1,3,"[2, 1, 0]",0.9637681159420289,172,0.0,0.027099900180473924,0.006324900081381202,0,0.0
unequal3_n1000_ch1.4_s20000,unequal3,1000,3,1.4,20000,poisson_original,114,True,-143915.72986134127,0.0,431,0.431,0,2,"[2, 0, 0]",0.692,0,0.222,0.024295999901369214,0.34479399980045855,0,0.0
unequal3_n1000_ch1.4_s20000,unequal3,1000,3,1.4,20000,poisson_scaled_fixed_k,2,True,-140148.43270788423,0.0,0,0.0,1,3,"[2, 1, 0]",0.9133709981167608,469,0.0,0.028111800085753202,0.05636220006272197,0,0.0
unequal3_n1000_ch1.4_s20000,unequal3,1000,3,1.4,20000,poisson_scaled_remaining,2,True,-140148.43270788423,0.0,0,0.0,1,3,"[2, 1, 0]",0.9408212560386473,172,0.0,0.02995720016770065,0.05750849982723594,0,0.0
unequal3_n1000_ch1.4_s20001,unequal3,1000,3,1.4,20001,bernoulli_original,5,True,-141058.384455984,0.0,219,0.219,0,2,"[1, 0, 0]",0.671,0,0.227,0.02438590000383556,0.013683500001206994,0,0.0
unequal3_n1000_ch1.4_s20001,unequal3,1000,3,1.4,20001,bernoulli_scaled_fixed_k,2,True,-136924.44565709302,0.0,0,0.0,1,3,"[2, 1, 0]",0.943502824858757,469,0.0,0.030352500034496188,0.007712399819865823,0,0.0
unequal3_n1000_ch1.4_s20001,unequal3,1000,3,1.4,20001,bernoulli_scaled_remaining,2,True,-136924.44565709302,0.0,0,0.0,1,3,"[2, 1, 0]",0.9637681159420289,172,0.0,0.028167400043457747,0.007519799983128905,0,0.0
unequal3_n1000_ch1.4_s20001,unequal3,1000,3,1.4,20001,poisson_original,4,True,-142229.23901594488,0.0,220,0.22,0,2,"[1, 0, 0]",0.669,0,0.227,0.02479299996048212,0.06431699986569583,0,0.0
unequal3_n1000_ch1.4_s20001,unequal3,1000,3,1.4,20001,poisson_scaled_fixed_k,2,True,-138264.65075278698,0.0,0,0.0,1,3,"[2, 1, 0]",0.9416195856873822,469,0.0,0.031262499978765845,0.05835629999637604,0,0.0
unequal3_n1000_ch1.4_s20001,unequal3,1000,3,1.4,20001,poisson_scaled_remaining,2,True,-138264.65075278698,0.0,0,0.0,1,3,"[2, 1, 0]",0.9625603864734299,172,0.0,0.029030899982899427,0.05961090000346303,0,0.0
unequal3_n1000_ch1.4_s20002,unequal3,1000,3,1.4,20002,bernoulli_original,115,True,-143103.61949750962,0.0,274,0.274,0,2,"[2, 0, 0]",0.699,0,0.375,0.02332779997959733,0.28957520006224513,0,0.0
unequal3_n1000_ch1.4_s20002,unequal3,1000,3,1.4,20002,bernoulli_scaled_fixed_k,2,True,-138587.10311208956,0.0,0,0.0,1,3,"[2, 1, 0]",0.9453860640301318,469,0.0,0.02856949996203184,0.007130899932235479,0,0.0
unequal3_n1000_ch1.4_s20002,unequal3,1000,3,1.4,20002,bernoulli_scaled_remaining,2,True,-138587.10311208956,0.0,0,0.0,1,3,"[2, 1, 0]",0.964975845410628,172,0.0,0.03084979997947812,0.006715799914672971,0,0.0
unequal3_n1000_ch1.4_s20002,unequal3,1000,3,1.4,20002,poisson_original,110,True,-144316.50132300868,0.0,277,0.277,0,2,"[2, 0, 0]",0.699,0,0.366,0.02604250004515052,0.33618049998767674,0,0.0
unequal3_n1000_ch1.4_s20002,unequal3,1000,3,1.4,20002,poisson_scaled_fixed_k,2,True,-139992.34345043765,0.0,0,0.0,1,3,"[2, 1, 0]",0.9416195856873822,469,0.0,0.03197729983367026,0.07102859998121858,0,0.0
unequal3_n1000_ch1.4_s20002,unequal3,1000,3,1.4,20002,poisson_scaled_remaining,2,True,-139992.34345043765,0.0,0,0.0,1,3,"[2, 1, 0]",0.9601449275362319,172,0.0,0.026711100013926625,0.0569027999881655,0,0.0
unequal3_n1000_ch1.4_s20003,unequal3,1000,3,1.4,20003,bernoulli_original,15,True,-143141.45653400215,0.0,209,0.209,0,2,"[2, 0, 0]",0.695,0,0.326,0.023772899992763996,0.03960869996808469,0,0.0
unequal3_n1000_ch1.4_s20003,unequal3,1000,3,1.4,20003,bernoulli_scaled_fixed_k,2,True,-138730.90490053117,0.0,0,0.0,1,3,"[2, 1, 0]",0.943502824858757,469,0.0,0.030705699929967523,0.0063275001011788845,0,0.0
unequal3_n1000_ch1.4_s20003,unequal3,1000,3,1.4,20003,bernoulli_scaled_remaining,2,True,-138730.90490053117,0.0,0,0.0,1,3,"[2, 1, 0]",0.9625603864734299,172,0.0,0.028249699855223298,0.008250199956819415,0,0.0
unequal3_n1000_ch1.4_s20003,unequal3,1000,3,1.4,20003,poisson_original,10,True,-144361.75869336253,0.0,205,0.205,0,2,"[2, 0, 0]",0.695,0,0.327,0.024185099871829152,0.08045430015772581,0,0.0
unequal3_n1000_ch1.4_s20003,unequal3,1000,3,1.4,20003,poisson_scaled_fixed_k,2,True,-140137.5390030971,0.0,0,0.0,1,3,"[2, 1, 0]",0.943502824858757,469,0.0,0.029307899996638298,0.05674689984880388,0,0.0
unequal3_n1000_ch1.4_s20003,unequal3,1000,3,1.4,20003,poisson_scaled_remaining,2,True,-140137.5390030971,0.0,0,0.0,1,3,"[2, 1, 0]",0.9625603864734299,172,0.0,0.02952539990656078,0.06116360006853938,0,0.0
unequal3_n1000_ch1.4_s20004,unequal3,1000,3,1.4,20004,bernoulli_original,5,True,-143142.32942171983,0.0,209,0.209,0,2,"[1, 0, 0]",0.673,0,0.232,0.024250099901109934,0.01421310007572174,0,0.0
unequal3_n1000_ch1.4_s20004,unequal3,1000,3,1.4,20004,bernoulli_scaled_fixed_k,3,True,-138965.92662076838,0.0,0,0.0,1,2,"[2, 1, 1]",0.8813559322033898,469,0.023,0.027932099997997284,0.008417499950155616,0,0.0
unequal3_n1000_ch1.4_s20004,unequal3,1000,3,1.4,20004,bernoulli_scaled_remaining,2,True,-138965.92662076838,0.0,0,0.0,1,3,"[2, 1, 0]",0.966183574879227,172,0.0,0.027409099973738194,0.0065188000444322824,0,0.0
unequal3_n1000_ch1.4_s20004,unequal3,1000,3,1.4,20004,poisson_original,7,True,-144366.7058427993,0.0,208,0.208,0,2,"[1, 0, 0]",0.672,0,0.232,0.02709989994764328,0.07156519987620413,0,0.0
unequal3_n1000_ch1.4_s20004,unequal3,1000,3,1.4,20004,poisson_scaled_fixed_k,3,True,-140365.44068247738,-1.4551915228366852e-11,0,0.0,1,2,"[2, 1, 1]",0.8775894538606404,469,0.023,0.028828700073063374,0.060771499993279576,0,0.0
unequal3_n1000_ch1.4_s20004,unequal3,1000,3,1.4,20004,poisson_scaled_remaining,2,True,-140365.44068247738,0.0,0,0.0,1,3,"[2, 1, 0]",0.9637681159420289,172,0.0,0.02842450002208352,0.058402499882504344,0,0.0
unequal3_n2000_ch0.8_s20000,unequal3,2000,3,0.8,20000,bernoulli_original,16,True,-239745.43848253906,0.0,791,0.3955,0,2,"[1, 0, 0]",0.667,0,0.4025,0.10445860004983842,0.15754860010929406,0,0.0
unequal3_n2000_ch0.8_s20000,unequal3,2000,3,0.8,20000,bernoulli_scaled_fixed_k,3,True,-234819.28001666802,0.0,0,0.0,1,3,"[2, 1, 0]",0.8641509433962264,940,0.0015,0.14205490006133914,0.035062799928709865,0,0.0
unequal3_n2000_ch0.8_s20000,unequal3,2000,3,0.8,20000,bernoulli_scaled_remaining,3,True,-234819.28001666424,0.0,0,0.0,1,3,"[2, 1, 0]",0.8700906344410876,345,0.001,0.13211919995956123,0.03765479987487197,0,0.0
unequal3_n2000_ch0.8_s20000,unequal3,2000,3,0.8,20000,poisson_original,15,True,-240242.69764869404,0.0,791,0.3955,0,2,"[1, 0, 0]",0.6675,0,0.4035,0.11107670003548265,0.3522542000282556,0,0.0
unequal3_n2000_ch0.8_s20000,unequal3,2000,3,0.8,20000,poisson_scaled_fixed_k,3,True,-235385.10869556473,0.0,0,0.0,1,3,"[2, 1, 0]",0.8641509433962264,940,0.0015,0.13001549988985062,0.21978939999826252,0,0.0
unequal3_n2000_ch0.8_s20000,unequal3,2000,3,0.8,20000,poisson_scaled_remaining,3,True,-235385.10869556072,0.0,0,0.0,1,3,"[2, 1, 0]",0.8694864048338369,345,0.001,0.12451659981161356,0.2448607999831438,0,0.0
unequal3_n2000_ch0.8_s20001,unequal3,2000,3,0.8,20001,bernoulli_original,70,True,-237570.80910250463,0.0,609,0.3045,0,2,"[1, 0, 0]",0.666,0,0.277,0.1141210999339819,0.8043932998552918,1,0.0005
unequal3_n2000_ch0.8_s20001,unequal3,2000,3,0.8,20001,bernoulli_scaled_fixed_k,3,True,-232796.70287965998,0.0,0,0.0,1,3,"[2, 1, 0]",0.809433962264151,940,0.0035,0.1614646997768432,0.036830199882388115,1,0.0005
unequal3_n2000_ch0.8_s20001,unequal3,2000,3,0.8,20001,bernoulli_scaled_remaining,3,True,-232796.70287965977,0.0,0,0.0,1,3,"[2, 1, 0]",0.8501510574018127,345,0.001,0.1380460001528263,0.03582959994673729,1,0.0005
unequal3_n2000_ch0.8_s20001,unequal3,2000,3,0.8,20001,poisson_original,70,True,-238061.73077819622,0.0,609,0.3045,0,2,"[1, 0, 0]",0.666,0,0.277,0.10830170009285212,0.8774098998401314,1,0.0005
unequal3_n2000_ch0.8_s20001,unequal3,2000,3,0.8,20001,poisson_scaled_fixed_k,3,True,-233353.58326700967,0.0,0,0.0,1,3,"[2, 1, 0]",0.809433962264151,940,0.0035,0.13267700001597404,0.23567550000734627,1,0.0005
unequal3_n2000_ch0.8_s20001,unequal3,2000,3,0.8,20001,poisson_scaled_remaining,3,True,-233353.5832670095,0.0,0,0.0,1,3,"[2, 1, 0]",0.8501510574018127,345,0.001,0.12459949986077845,0.22398340003564954,1,0.0005
unequal3_n2000_ch0.8_s20002,unequal3,2000,3,0.8,20002,bernoulli_original,50,True,-236973.49562259525,0.0,700,0.35,0,2,"[1, 0, 0]",0.6685,0,0.248,0.12511629983782768,0.561471699969843,2,0.001
unequal3_n2000_ch0.8_s20002,unequal3,2000,3,0.8,20002,bernoulli_scaled_fixed_k,3,True,-232094.2122861652,0.0,0,0.0,1,3,"[2, 1, 0]",0.7764150943396226,940,0.0025,0.14831650000996888,0.038119700038805604,2,0.001
unequal3_n2000_ch0.8_s20002,unequal3,2000,3,0.8,20002,bernoulli_scaled_remaining,3,True,-232094.21228611775,0.0,0,0.0,1,3,"[2, 1, 0]",0.8380664652567976,345,0.0025,0.1517157000489533,0.03876370005309582,2,0.001
unequal3_n2000_ch0.8_s20002,unequal3,2000,3,0.8,20002,poisson_original,50,True,-237451.11040942426,0.0,700,0.35,0,2,"[1, 0, 0]",0.6685,0,0.2485,0.11419099988415837,0.6604156999383122,2,0.001
unequal3_n2000_ch0.8_s20002,unequal3,2000,3,0.8,20002,poisson_scaled_fixed_k,3,True,-232637.29837421738,0.0,0,0.0,1,3,"[2, 1, 0]",0.7764150943396226,940,0.0025,0.13232919992879033,0.22471949993632734,2,0.001
unequal3_n2000_ch0.8_s20002,unequal3,2000,3,0.8,20002,poisson_scaled_remaining,3,True,-232637.2983741809,0.0,0,0.0,1,3,"[2, 1, 0]",0.8380664652567976,345,0.0025,0.11913380003534257,0.22119740000925958,2,0.001
unequal3_n2000_ch0.8_s20003,unequal3,2000,3,0.8,20003,bernoulli_original,55,True,-237594.4096873692,0.0,673,0.3365,0,2,"[1, 0, 0]",0.674,0,0.24,0.1125479000620544,0.6320342000108212,0,0.0
unequal3_n2000_ch0.8_s20003,unequal3,2000,3,0.8,20003,bernoulli_scaled_fixed_k,3,True,-232750.3357598201,0.0,0,0.0,1,3,"[2, 1, 0]",0.8613207547169811,940,0.002,0.14276040019467473,0.036743100034072995,0,0.0
unequal3_n2000_ch0.8_s20003,unequal3,2000,3,0.8,20003,bernoulli_scaled_remaining,2,True,-232750.33576407726,0.0,0,0.0,1,3,"[2, 1, 0]",0.8719033232628399,345,0.0,0.14103790000081062,0.02761119999922812,0,0.0
unequal3_n2000_ch0.8_s20003,unequal3,2000,3,0.8,20003,poisson_original,7,True,-233302.60492900413,0.0,0,0.0,1,2,"[1, 0, 0]",0.667,0,0.214,0.10875359992496669,0.2942842999473214,0,0.0
unequal3_n2000_ch0.8_s20003,unequal3,2000,3,0.8,20003,poisson_scaled_fixed_k,3,True,-233302.60492870104,0.0,0,0.0,1,3,"[2, 1, 0]",0.8575471698113207,940,0.002,0.154579299967736,0.23119569988921285,0,0.0
unequal3_n2000_ch0.8_s20003,unequal3,2000,3,0.8,20003,poisson_scaled_remaining,2,True,-233302.60493309735,0.0,0,0.0,1,3,"[2, 1, 0]",0.8694864048338369,345,0.0,0.12290329998359084,0.21134490007534623,0,0.0
unequal3_n2000_ch0.8_s20004,unequal3,2000,3,0.8,20004,bernoulli_original,5,True,-231573.91112751188,0.0,0,0.0,1,2,"[2, 0, 0]",0.6775,0,0.2805,0.11455619987100363,0.054040499962866306,2,0.001
unequal3_n2000_ch0.8_s20004,unequal3,2000,3,0.8,20004,bernoulli_scaled_fixed_k,3,True,-231573.9111275089,0.0,0,0.0,1,3,"[2, 1, 0]",0.7952830188679245,940,0.001,0.13882420002482831,0.038144800113514066,2,0.001
unequal3_n2000_ch0.8_s20004,unequal3,2000,3,0.8,20004,bernoulli_scaled_remaining,3,True,-231573.9111275089,0.0,0,0.0,1,3,"[2, 1, 0]",0.8283987915407856,345,0.0,0.13702769996598363,0.034364499850198627,2,0.001
unequal3_n2000_ch0.8_s20004,unequal3,2000,3,0.8,20004,poisson_original,5,True,-232118.86759413802,0.0,0,0.0,1,2,"[2, 0, 0]",0.6775,0,0.2805,0.14597430010326207,0.2846337999217212,2,0.001
unequal3_n2000_ch0.8_s20004,unequal3,2000,3,0.8,20004,poisson_scaled_fixed_k,3,True,-232118.86759413395,0.0,0,0.0,1,3,"[2, 1, 0]",0.7933962264150943,940,0.001,0.14142820006236434,0.2492092999164015,2,0.001
unequal3_n2000_ch0.8_s20004,unequal3,2000,3,0.8,20004,poisson_scaled_remaining,3,True,-232118.86759413395,0.0,0,0.0,1,3,"[2, 1, 0]",0.8265861027190332,345,0.0,0.14014009991660714,0.2923439000733197,2,0.001
unequal3_n2000_ch1.4_s20000,unequal3,2000,3,1.4,20000,bernoulli_original,25,True,-366527.3500564792,0.0,512,0.256,0,2,"[2, 0, 0]",0.6985,0,0.293,0.14364759996533394,0.29290590016171336,0,0.0
unequal3_n2000_ch1.4_s20000,unequal3,2000,3,1.4,20000,bernoulli_scaled_fixed_k,3,True,-357165.6279413422,0.0,0,0.0,1,2,"[2, 1, 1]",0.8783018867924528,940,0.0425,0.16682410007342696,0.04439880000427365,0,0.0
unequal3_n2000_ch1.4_s20000,unequal3,2000,3,1.4,20000,bernoulli_scaled_remaining,2,True,-357165.6279413422,0.0,0,0.0,1,3,"[2, 1, 0]",0.9625377643504531,345,0.0,0.15174640016630292,0.0319159000646323,0,0.0
unequal3_n2000_ch1.4_s20000,unequal3,2000,3,1.4,20000,poisson_original,18,True,-368008.0278451809,0.0,500,0.25,0,2,"[2, 0, 0]",0.6985,0,0.2945,0.13003999995999038,0.42042310000397265,0,0.0
unequal3_n2000_ch1.4_s20000,unequal3,2000,3,1.4,20000,poisson_scaled_fixed_k,3,True,-358860.30963494274,0.0,0,0.0,1,2,"[2, 1, 1]",0.8764150943396226,940,0.0435,0.13850150001235306,0.2589797000400722,0,0.0
unequal3_n2000_ch1.4_s20000,unequal3,2000,3,1.4,20000,poisson_scaled_remaining,2,True,-358860.30963494274,0.0,0,0.0,1,3,"[2, 1, 0]",0.9619335347432024,345,0.0,0.13397570000961423,0.25806480017490685,0,0.0
unequal3_n2000_ch1.4_s20001,unequal3,2000,3,1.4,20001,bernoulli_original,97,True,-361344.73649867426,0.0,516,0.258,0,2,"[2, 0, 0]",0.6985,0,0.443,0.1315231998451054,1.1751329000107944,0,0.0
unequal3_n2000_ch1.4_s20001,unequal3,2000,3,1.4,20001,bernoulli_scaled_fixed_k,2,True,-351934.5349415685,0.0,0,0.0,1,3,"[2, 1, 0]",0.9377358490566038,940,0.0,0.17671509995125234,0.028870200039818883,0,0.0
unequal3_n2000_ch1.4_s20001,unequal3,2000,3,1.4,20001,bernoulli_scaled_remaining,2,True,-351934.5349415685,0.0,0,0.0,1,3,"[2, 1, 0]",0.9564954682779456,345,0.0,0.1463738998863846,0.02783329994417727,0,0.0
unequal3_n2000_ch1.4_s20001,unequal3,2000,3,1.4,20001,poisson_original,2,True,-353606.0309534127,0.0,0,0.0,1,3,"[2, 1, 0]",0.6985,0,0.0,0.1183502001222223,0.24297299981117249,0,0.0
unequal3_n2000_ch1.4_s20001,unequal3,2000,3,1.4,20001,poisson_scaled_fixed_k,2,True,-353606.0309534127,0.0,0,0.0,1,3,"[2, 1, 0]",0.9367924528301886,940,0.0,0.13598469994030893,0.2432752000167966,0,0.0
unequal3_n2000_ch1.4_s20001,unequal3,2000,3,1.4,20001,poisson_scaled_remaining,2,True,-353606.0309534127,0.0,0,0.0,1,3,"[2, 1, 0]",0.9558912386706948,345,0.0,0.13968640007078648,0.27044270001351833,0,0.0
unequal3_n2000_ch1.4_s20002,unequal3,2000,3,1.4,20002,bernoulli_original,16,True,-362083.5995012291,0.0,630,0.315,0,2,"[2, 0, 0]",0.6975,0,0.2385,0.13965899986214936,0.22332139988429844,0,0.0
unequal3_n2000_ch1.4_s20002,unequal3,2000,3,1.4,20002,bernoulli_scaled_fixed_k,3,True,-352804.7959458126,0.0,0,0.0,1,2,"[2, 1, 1]",0.8650943396226415,940,0.0385,0.15569969988428056,0.0507408999837935,0,0.0
unequal3_n2000_ch1.4_s20002,unequal3,2000,3,1.4,20002,bernoulli_scaled_remaining,2,True,-352804.7959458126,0.0,0,0.0,1,3,"[2, 1, 0]",0.9564954682779456,345,0.0,0.15210309997200966,0.02925839996896684,0,0.0
unequal3_n2000_ch1.4_s20002,unequal3,2000,3,1.4,20002,poisson_original,12,True,-363520.4455974989,0.0,631,0.3155,0,2,"[2, 0, 0]",0.6975,0,0.239,0.11709129996597767,0.3362098999787122,0,0.0
unequal3_n2000_ch1.4_s20002,unequal3,2000,3,1.4,20002,poisson_scaled_fixed_k,3,True,-354450.6822757083,0.0,0,0.0,1,2,"[2, 1, 1]",0.8650943396226415,940,0.0255,0.14101370004937053,0.26237180014140904,0,0.0
unequal3_n2000_ch1.4_s20002,unequal3,2000,3,1.4,20002,poisson_scaled_remaining,2,True,-354450.6822757083,0.0,0,0.0,1,3,"[2, 1, 0]",0.9564954682779456,345,0.0,0.15179260005243123,0.25723919994197786,0,0.0
unequal3_n2000_ch1.4_s20003,unequal3,2000,3,1.4,20003,bernoulli_original,68,True,-364690.26426036883,0.0,658,0.329,0,2,"[2, 0, 0]",0.6955,0,0.231,0.11543500004336238,0.7168285001534969,0,0.0
unequal3_n2000_ch1.4_s20003,unequal3,2000,3,1.4,20003,bernoulli_scaled_fixed_k,2,True,-355315.8554643214,0.0,0,0.0,1,3,"[2, 1, 0]",0.9433962264150944,940,0.0,0.1625798000022769,0.02818739996291697,0,0.0
unequal3_n2000_ch1.4_s20003,unequal3,2000,3,1.4,20003,bernoulli_scaled_remaining,2,True,-355315.8554643214,0.0,0,0.0,1,3,"[2, 1, 0]",0.9607250755287009,345,0.0,0.13604280003346503,0.02517849998548627,0,0.0
unequal3_n2000_ch1.4_s20003,unequal3,2000,3,1.4,20003,poisson_original,71,True,-366151.2284742972,0.0,654,0.327,0,2,"[2, 0, 0]",0.695,0,0.2305,0.1403461000882089,1.173745600041002,0,0.0
unequal3_n2000_ch1.4_s20003,unequal3,2000,3,1.4,20003,poisson_scaled_fixed_k,2,True,-356990.14891654364,0.0,0,0.0,1,3,"[2, 1, 0]",0.9424528301886792,940,0.0,0.21467130002565682,0.26794950012117624,0,0.0
unequal3_n2000_ch1.4_s20003,unequal3,2000,3,1.4,20003,poisson_scaled_remaining,2,True,-356990.14891654364,0.0,0,0.0,1,3,"[2, 1, 0]",0.9583081570996979,345,0.0,0.14795010001398623,0.2985288000199944,0,0.0
unequal3_n2000_ch1.4_s20004,unequal3,2000,3,1.4,20004,bernoulli_original,8,True,-362759.7874237524,0.0,412,0.206,0,2,"[2, 0, 0]",0.6945,0,0.245,0.11788349994458258,0.08465089998207986,0,0.0
unequal3_n2000_ch1.4_s20004,unequal3,2000,3,1.4,20004,bernoulli_scaled_fixed_k,2,True,-353355.6964555863,0.0,0,0.0,1,3,"[2, 1, 0]",0.9377358490566038,940,0.0,0.16058989986777306,0.027964399894699454,0,0.0
unequal3_n2000_ch1.4_s20004,unequal3,2000,3,1.4,20004,bernoulli_scaled_remaining,2,True,-353355.6964555863,0.0,0,0.0,1,3,"[2, 1, 0]",0.9546827794561934,345,0.0,0.16624270007014275,0.029921600129455328,0,0.0
unequal3_n2000_ch1.4_s20004,unequal3,2000,3,1.4,20004,poisson_original,9,True,-364185.3869844708,0.0,402,0.201,0,2,"[2, 0, 0]",0.6945,0,0.244,0.12669910001568496,0.3842271000612527,0,0.0
unequal3_n2000_ch1.4_s20004,unequal3,2000,3,1.4,20004,poisson_scaled_fixed_k,2,True,-354994.8779627171,0.0,0,0.0,1,3,"[2, 1, 0]",0.9349056603773584,940,0.0,0.13681669998914003,0.250834200065583,0,0.0
unequal3_n2000_ch1.4_s20004,unequal3,2000,3,1.4,20004,poisson_scaled_remaining,2,True,-354994.8779627171,0.0,0,0.0,1,3,"[2, 1, 0]",0.9498489425981873,345,0.0,0.16317790001630783,0.25368939992040396,0,0.0
