graph,method,restart,errors,error_rate,exact,converged,n_iter,objective
disassortative3_n1000_ch1.4_s20001,random_PG_0,0,0,0.0,1,True,15.0,-9381.796718391295
disassortative3_n1000_ch1.4_s20001,random_PG_1,1,0,0.0,1,True,15.0,-9381.796161437796
disassortative3_n1000_ch1.4_s20001,random_PG_2,2,0,0.0,1,True,15.0,-9381.796521691796
disassortative3_n1000_ch1.4_s20001,random_PG_3,3,0,0.0,1,True,15.0,-9381.796746435426
disassortative3_n1000_ch1.4_s20001,random_PG_4,4,0,0.0,1,True,15.0,-9381.796285313358
disassortative3_n1000_ch1.4_s20001,random_PG_5,5,0,0.0,1,True,14.0,-9381.797017346871
disassortative3_n1000_ch1.4_s20001,random_PG_6,6,0,0.0,1,True,14.0,-9381.79662730021
disassortative3_n1000_ch1.4_s20001,random_PG_7,7,0,0.0,1,True,14.0,-9381.79677393859
disassortative3_n1000_ch1.4_s20001,random_PG_8,8,0,0.0,1,True,15.0,-9381.796241898424
disassortative3_n1000_ch1.4_s20001,random_PG_9,9,0,0.0,1,True,14.0,-9381.797020487744
disassortative3_n1000_ch1.4_s20001,km_start_PG,-1,0,0.0,1,True,1.0,-9494.340469824208
disassortative3_n1000_ch1.4_s20001,random_Gaussian_X,0,0,0.0,1,True,22.0,-2785.8870525702764
disassortative3_n1000_ch1.4_s20001,random_H_and_labels_PG,0,31,0.031,0,True,11.0,-201930915.94228736
disassortative3_n1000_ch1.4_s20001,random_PG_best,1,0,0.0,1,True,15.0,-9381.796161437796
disassortative3_n1000_ch1.4_s20001,km_X,-1,0,0.0,1,,,
disassortative3_n1000_ch1.4_s20002,random_PG_0,0,0,0.0,1,True,15.0,-9117.716239753125
disassortative3_n1000_ch1.4_s20002,random_PG_1,1,0,0.0,1,True,15.0,-9117.716139822653
disassortative3_n1000_ch1.4_s20002,random_PG_2,2,0,0.0,1,True,16.0,-9117.71589422172
disassortative3_n1000_ch1.4_s20002,random_PG_3,3,0,0.0,1,True,15.0,-9117.716197355006
disassortative3_n1000_ch1.4_s20002,random_PG_4,4,0,0.0,1,True,15.0,-9117.716347496029
disassortative3_n1000_ch1.4_s20002,random_PG_5,5,0,0.0,1,True,15.0,-9117.71650595204
disassortative3_n1000_ch1.4_s20002,random_PG_6,6,0,0.0,1,True,15.0,-9117.716664112117
disassortative3_n1000_ch1.4_s20002,random_PG_7,7,0,0.0,1,True,15.0,-9117.71626248206
disassortative3_n1000_ch1.4_s20002,random_PG_8,8,0,0.0,1,True,16.0,-9117.716116007818
disassortative3_n1000_ch1.4_s20002,random_PG_9,9,0,0.0,1,True,15.0,-9117.715961635844
disassortative3_n1000_ch1.4_s20002,km_start_PG,-1,0,0.0,1,True,29.0,-9117.715759135152
disassortative3_n1000_ch1.4_s20002,random_Gaussian_X,0,0,0.0,1,True,17.0,-2718.3315784485403
disassortative3_n1000_ch1.4_s20002,random_H_and_labels_PG,0,4,0.004,0,True,9.0,-61678871.68029632
disassortative3_n1000_ch1.4_s20002,random_PG_best,2,0,0.0,1,True,16.0,-9117.71589422172
disassortative3_n1000_ch1.4_s20002,km_X,-1,0,0.0,1,,,
disassortative3_n1000_ch1.4_s20000,random_PG_0,0,0,0.0,1,True,14.0,-9317.870117143228
disassortative3_n1000_ch1.4_s20000,random_PG_1,1,0,0.0,1,True,15.0,-9317.869564408398
disassortative3_n1000_ch1.4_s20000,random_PG_2,2,0,0.0,1,True,16.0,-9317.869774851048
disassortative3_n1000_ch1.4_s20000,random_PG_3,3,0,0.0,1,True,15.0,-9317.869593322745
disassortative3_n1000_ch1.4_s20000,random_PG_4,4,0,0.0,1,True,14.0,-9317.869889961472
disassortative3_n1000_ch1.4_s20000,random_PG_5,5,0,0.0,1,True,16.0,-9317.869666697374
disassortative3_n1000_ch1.4_s20000,random_PG_6,6,0,0.0,1,True,14.0,-9317.869951654897
disassortative3_n1000_ch1.4_s20000,random_PG_7,7,0,0.0,1,True,15.0,-9317.869985611998
disassortative3_n1000_ch1.4_s20000,random_PG_8,8,0,0.0,1,True,14.0,-9317.870166995675
disassortative3_n1000_ch1.4_s20000,random_PG_9,9,0,0.0,1,True,14.0,-9317.869951523688
disassortative3_n1000_ch1.4_s20000,km_start_PG,-1,0,0.0,1,True,27.0,-9317.869673490626
disassortative3_n1000_ch1.4_s20000,random_Gaussian_X,0,0,0.0,1,True,26.0,-2813.9817045306727
disassortative3_n1000_ch1.4_s20000,random_H_and_labels_PG,0,200,0.2,0,True,20.0,-148005065.70437038
disassortative3_n1000_ch1.4_s20000,random_PG_best,1,0,0.0,1,True,15.0,-9317.869564408398
disassortative3_n1000_ch1.4_s20000,km_X,-1,0,0.0,1,,,
disassortative3_n1000_ch0.8_s20003,random_PG_0,0,7,0.007,0,True,19.0,-9419.774672350386
disassortative3_n1000_ch0.8_s20003,random_PG_1,1,7,0.007,0,True,19.0,-9419.774340329728
disassortative3_n1000_ch0.8_s20003,random_PG_2,2,7,0.007,0,True,21.0,-9419.77372886936
disassortative3_n1000_ch0.8_s20003,random_PG_3,3,7,0.007,0,True,20.0,-9419.774002287984
disassortative3_n1000_ch0.8_s20003,random_PG_4,4,7,0.007,0,True,18.0,-9419.775496889652
disassortative3_n1000_ch0.8_s20003,random_PG_5,5,7,0.007,0,True,19.0,-9419.7741982791
disassortative3_n1000_ch0.8_s20003,random_PG_6,6,7,0.007,0,True,20.0,-9419.774639327085
disassortative3_n1000_ch0.8_s20003,random_PG_7,7,7,0.007,0,True,19.0,-9419.774181755707
disassortative3_n1000_ch0.8_s20003,random_PG_8,8,7,0.007,0,True,19.0,-9419.774852010847
disassortative3_n1000_ch0.8_s20003,random_PG_9,9,7,0.007,0,True,19.0,-9419.775442191622
disassortative3_n1000_ch0.8_s20003,km_start_PG,-1,7,0.007,0,True,2.0,-9465.698942810432
disassortative3_n1000_ch0.8_s20003,random_Gaussian_X,0,9,0.009,0,True,22.0,-3480.7377566282075
disassortative3_n1000_ch0.8_s20003,random_H_and_labels_PG,0,30,0.03,0,True,10.0,-64779174.284113295
disassortative3_n1000_ch0.8_s20003,random_PG_best,2,7,0.007,0,True,21.0,-9419.77372886936
disassortative3_n1000_ch0.8_s20003,km_X,-1,7,0.007,0,,,
disassortative3_n1000_ch0.8_s20002,random_PG_0,0,8,0.008,0,True,19.0,-9492.824799916558
disassortative3_n1000_ch0.8_s20002,random_PG_1,1,8,0.008,0,True,19.0,-9492.823044767045
disassortative3_n1000_ch0.8_s20002,random_PG_2,2,8,0.008,0,True,20.0,-9492.822399208151
disassortative3_n1000_ch0.8_s20002,random_PG_3,3,8,0.008,0,True,19.0,-9492.822830021669
disassortative3_n1000_ch0.8_s20002,random_PG_4,4,8,0.008,0,True,20.0,-9492.821954931867
disassortative3_n1000_ch0.8_s20002,random_PG_5,5,8,0.008,0,True,22.0,-9492.821825523795
disassortative3_n1000_ch0.8_s20002,random_PG_6,6,8,0.008,0,True,20.0,-9492.822893653512
disassortative3_n1000_ch0.8_s20002,random_PG_7,7,8,0.008,0,True,19.0,-9492.823332133808
disassortative3_n1000_ch0.8_s20002,random_PG_8,8,8,0.008,0,True,23.0,-9492.824793013737
disassortative3_n1000_ch0.8_s20002,random_PG_9,9,8,0.008,0,True,20.0,-9492.822763865144
disassortative3_n1000_ch0.8_s20002,km_start_PG,-1,8,0.008,0,True,2.0,-9526.06954832979
disassortative3_n1000_ch0.8_s20002,random_Gaussian_X,0,8,0.008,0,True,17.0,-3443.4365895545097
disassortative3_n1000_ch0.8_s20002,random_H_and_labels_PG,0,101,0.101,0,True,8.0,-75806190.46595766
disassortative3_n1000_ch0.8_s20002,random_PG_best,5,8,0.008,0,True,22.0,-9492.821825523795
disassortative3_n1000_ch0.8_s20002,km_X,-1,8,0.008,0,,,
disassortative3_n1000_ch0.8_s20001,random_PG_0,0,7,0.007,0,True,21.0,-9776.653934783404
disassortative3_n1000_ch0.8_s20001,random_PG_1,1,7,0.007,0,True,21.0,-9776.650791750024
disassortative3_n1000_ch0.8_s20001,random_PG_2,2,7,0.007,0,True,22.0,-9776.651162864331
disassortative3_n1000_ch0.8_s20001,random_PG_3,3,7,0.007,0,True,20.0,-9776.655837783152
disassortative3_n1000_ch0.8_s20001,random_PG_4,4,7,0.007,0,True,20.0,-9776.655232994675
disassortative3_n1000_ch0.8_s20001,random_PG_5,5,7,0.007,0,True,20.0,-9776.652760603662
disassortative3_n1000_ch0.8_s20001,random_PG_6,6,7,0.007,0,True,20.0,-9776.650670018224
disassortative3_n1000_ch0.8_s20001,random_PG_7,7,7,0.007,0,True,20.0,-9776.65137818749
disassortative3_n1000_ch0.8_s20001,random_PG_8,8,7,0.007,0,True,21.0,-9776.652851004275
disassortative3_n1000_ch0.8_s20001,random_PG_9,9,7,0.007,0,True,20.0,-9776.65487397103
disassortative3_n1000_ch0.8_s20001,km_start_PG,-1,6,0.006,0,True,2.0,-9802.973011335334
disassortative3_n1000_ch0.8_s20001,random_Gaussian_X,0,10,0.01,0,True,39.0,-3508.347691284805
disassortative3_n1000_ch0.8_s20001,random_H_and_labels_PG,0,11,0.011,0,True,10.0,-31415434.641943254
disassortative3_n1000_ch0.8_s20001,random_PG_best,6,7,0.007,0,True,20.0,-9776.650670018224
disassortative3_n1000_ch0.8_s20001,km_X,-1,7,0.007,0,,,
disassortative3_n1000_ch0.8_s20000,random_PG_0,0,4,0.004,0,True,17.0,-9373.724747466942
disassortative3_n1000_ch0.8_s20000,random_PG_1,1,4,0.004,0,True,16.0,-9373.723674790224
disassortative3_n1000_ch0.8_s20000,random_PG_2,2,4,0.004,0,True,18.0,-9373.723298864905
disassortative3_n1000_ch0.8_s20000,random_PG_3,3,4,0.004,0,True,16.0,-9373.725952301504
disassortative3_n1000_ch0.8_s20000,random_PG_4,4,4,0.004,0,True,15.0,-9373.725523520185
disassortative3_n1000_ch0.8_s20000,random_PG_5,5,4,0.004,0,True,18.0,-9373.723268811042
disassortative3_n1000_ch0.8_s20000,random_PG_6,6,4,0.004,0,True,16.0,-9373.723720729802
disassortative3_n1000_ch0.8_s20000,random_PG_7,7,4,0.004,0,True,17.0,-9373.723124892946
disassortative3_n1000_ch0.8_s20000,random_PG_8,8,4,0.004,0,True,17.0,-9373.72320606575
disassortative3_n1000_ch0.8_s20000,random_PG_9,9,4,0.004,0,True,16.0,-9373.72430096103
disassortative3_n1000_ch0.8_s20000,km_start_PG,-1,4,0.004,0,True,2.0,-9429.563241888358
disassortative3_n1000_ch0.8_s20000,random_Gaussian_X,0,3,0.003,0,True,21.0,-3490.5546207125826
disassortative3_n1000_ch0.8_s20000,random_H_and_labels_PG,0,232,0.232,0,True,52.0,-7741799855.074392
disassortative3_n1000_ch0.8_s20000,random_PG_best,7,4,0.004,0,True,17.0,-9373.723124892946
disassortative3_n1000_ch0.8_s20000,km_X,-1,3,0.003,0,,,
disassortative3_n1000_ch0.8_s20004,random_PG_0,0,6,0.006,0,True,22.0,-9127.338681551922
disassortative3_n1000_ch0.8_s20004,random_PG_1,1,6,0.006,0,True,23.0,-9127.33898017896
disassortative3_n1000_ch0.8_s20004,random_PG_2,2,6,0.006,0,True,26.0,-9127.33654470904
disassortative3_n1000_ch0.8_s20004,random_PG_3,3,6,0.006,0,True,23.0,-9127.338789395444
disassortative3_n1000_ch0.8_s20004,random_PG_4,4,6,0.006,0,True,24.0,-9127.33864239812
disassortative3_n1000_ch0.8_s20004,random_PG_5,5,6,0.006,0,True,22.0,-9127.339160291638
disassortative3_n1000_ch0.8_s20004,random_PG_6,6,6,0.006,0,True,24.0,-9127.333306056476
disassortative3_n1000_ch0.8_s20004,random_PG_7,7,6,0.006,0,True,23.0,-9127.335732765478
disassortative3_n1000_ch0.8_s20004,random_PG_8,8,6,0.006,0,True,22.0,-9127.337822446276
disassortative3_n1000_ch0.8_s20004,random_PG_9,9,6,0.006,0,True,23.0,-9127.339062602765
disassortative3_n1000_ch0.8_s20004,km_start_PG,-1,6,0.006,0,True,2.0,-9137.473510935068
disassortative3_n1000_ch0.8_s20004,random_Gaussian_X,0,6,0.006,0,True,17.0,-3399.5869437791207
disassortative3_n1000_ch0.8_s20004,random_H_and_labels_PG,0,311,0.311,0,True,13.0,-117116936.6744661
disassortative3_n1000_ch0.8_s20004,random_PG_best,6,6,0.006,0,True,24.0,-9127.333306056476
disassortative3_n1000_ch0.8_s20004,km_X,-1,6,0.006,0,,,
disassortative3_n1000_ch1.4_s20003,random_PG_0,0,0,0.0,1,True,15.0,-9110.3540505285
disassortative3_n1000_ch1.4_s20003,random_PG_1,1,0,0.0,1,True,17.0,-9110.354054389132
disassortative3_n1000_ch1.4_s20003,random_PG_2,2,0,0.0,1,True,15.0,-9110.354014978266
disassortative3_n1000_ch1.4_s20003,random_PG_3,3,0,0.0,1,True,15.0,-9110.353842012946
disassortative3_n1000_ch1.4_s20003,random_PG_4,4,0,0.0,1,True,15.0,-9110.353959002368
disassortative3_n1000_ch1.4_s20003,random_PG_5,5,0,0.0,1,True,15.0,-9110.35399074718
disassortative3_n1000_ch1.4_s20003,random_PG_6,6,0,0.0,1,True,17.0,-9110.354496310138
disassortative3_n1000_ch1.4_s20003,random_PG_7,7,0,0.0,1,True,15.0,-9110.354047875018
disassortative3_n1000_ch1.4_s20003,random_PG_8,8,0,0.0,1,True,15.0,-9110.353821124518
disassortative3_n1000_ch1.4_s20003,random_PG_9,9,0,0.0,1,True,15.0,-9110.35422552218
disassortative3_n1000_ch1.4_s20003,km_start_PG,-1,0,0.0,1,True,25.0,-9110.35432145003
disassortative3_n1000_ch1.4_s20003,random_Gaussian_X,0,0,0.0,1,True,17.0,-2738.200604183224
disassortative3_n1000_ch1.4_s20003,random_H_and_labels_PG,0,19,0.019,0,True,9.0,-114260206.30642696
disassortative3_n1000_ch1.4_s20003,random_PG_best,8,0,0.0,1,True,15.0,-9110.353821124518
disassortative3_n1000_ch1.4_s20003,km_X,-1,0,0.0,1,,,
disassortative3_n1000_ch1.4_s20004,random_PG_0,0,0,0.0,1,True,15.0,-9115.96816525574
disassortative3_n1000_ch1.4_s20004,random_PG_1,1,0,0.0,1,True,16.0,-9115.96683144416
disassortative3_n1000_ch1.4_s20004,random_PG_2,2,0,0.0,1,True,16.0,-9115.967755104995
disassortative3_n1000_ch1.4_s20004,random_PG_3,3,0,0.0,1,True,16.0,-9115.967685569176
disassortative3_n1000_ch1.4_s20004,random_PG_4,4,0,0.0,1,True,15.0,-9115.96806692308
disassortative3_n1000_ch1.4_s20004,random_PG_5,5,0,0.0,1,True,15.0,-9115.967621849031
disassortative3_n1000_ch1.4_s20004,random_PG_6,6,0,0.0,1,True,16.0,-9115.968401637092
disassortative3_n1000_ch1.4_s20004,random_PG_7,7,0,0.0,1,True,16.0,-9115.966759895471
disassortative3_n1000_ch1.4_s20004,random_PG_8,8,0,0.0,1,True,15.0,-9115.96725894182
disassortative3_n1000_ch1.4_s20004,random_PG_9,9,0,0.0,1,True,17.0,-9115.96666458698
disassortative3_n1000_ch1.4_s20004,km_start_PG,-1,0,0.0,1,True,1.0,-9207.894259591008
disassortative3_n1000_ch1.4_s20004,random_Gaussian_X,0,0,0.0,1,True,15.0,-2721.2817272659568
disassortative3_n1000_ch1.4_s20004,random_H_and_labels_PG,0,199,0.199,0,True,13.0,-1147763308.1394477
disassortative3_n1000_ch1.4_s20004,random_PG_best,9,0,0.0,1,True,17.0,-9115.96666458698
disassortative3_n1000_ch1.4_s20004,km_X,-1,0,0.0,1,,,
disassortative3_n2000_ch1.4_s20000,random_PG_0,0,0,0.0,1,True,13.0,-18672.376573019355
disassortative3_n2000_ch1.4_s20000,random_PG_1,1,0,0.0,1,True,13.0,-18672.376229674053
disassortative3_n2000_ch1.4_s20000,random_PG_2,2,0,0.0,1,True,13.0,-18672.37658951051
disassortative3_n2000_ch1.4_s20000,random_PG_3,3,0,0.0,1,True,14.0,-18672.376036297348
disassortative3_n2000_ch1.4_s20000,random_PG_4,4,0,0.0,1,True,13.0,-18672.376256107163
disassortative3_n2000_ch1.4_s20000,random_PG_5,5,0,0.0,1,True,13.0,-18672.377028138333
disassortative3_n2000_ch1.4_s20000,random_PG_6,6,0,0.0,1,True,14.0,-18672.37583913229
disassortative3_n2000_ch1.4_s20000,random_PG_7,7,0,0.0,1,True,13.0,-18672.37630316007
disassortative3_n2000_ch1.4_s20000,random_PG_8,8,0,0.0,1,True,13.0,-18672.376622891315
disassortative3_n2000_ch1.4_s20000,random_PG_9,9,0,0.0,1,True,15.0,-18672.375789536836
disassortative3_n2000_ch1.4_s20000,km_start_PG,-1,0,0.0,1,True,11.0,-18672.376710803223
disassortative3_n2000_ch1.4_s20000,random_Gaussian_X,0,0,0.0,1,True,21.0,-5352.639866679287
disassortative3_n2000_ch1.4_s20000,random_H_and_labels_PG,0,462,0.231,0,True,8.0,-3255705731.702218
disassortative3_n2000_ch1.4_s20000,random_PG_best,9,0,0.0,1,True,15.0,-18672.375789536836
disassortative3_n2000_ch1.4_s20000,km_X,-1,0,0.0,1,,,
disassortative3_n2000_ch0.8_s20003,random_PG_0,0,10,0.005,0,True,16.0,-18871.278247458748
disassortative3_n2000_ch0.8_s20003,random_PG_1,1,10,0.005,0,True,16.0,-18871.280331360555
disassortative3_n2000_ch0.8_s20003,random_PG_2,2,10,0.005,0,True,15.0,-18871.28226024664
disassortative3_n2000_ch0.8_s20003,random_PG_3,3,10,0.005,0,True,17.0,-18871.278336957384
disassortative3_n2000_ch0.8_s20003,random_PG_4,4,10,0.005,0,True,16.0,-18871.278763089795
disassortative3_n2000_ch0.8_s20003,random_PG_5,5,10,0.005,0,True,16.0,-18871.27817815929
disassortative3_n2000_ch0.8_s20003,random_PG_6,6,10,0.005,0,True,16.0,-18871.28008075333
disassortative3_n2000_ch0.8_s20003,random_PG_7,7,10,0.005,0,True,15.0,-18871.28133263681
disassortative3_n2000_ch0.8_s20003,random_PG_8,8,10,0.005,0,True,16.0,-18871.27930415745
disassortative3_n2000_ch0.8_s20003,random_PG_9,9,10,0.005,0,True,16.0,-18871.278122071373
disassortative3_n2000_ch0.8_s20003,km_start_PG,-1,10,0.005,0,True,2.0,-18991.567134399134
disassortative3_n2000_ch0.8_s20003,random_Gaussian_X,0,12,0.006,0,True,25.0,-6735.759081800372
disassortative3_n2000_ch0.8_s20003,random_H_and_labels_PG,0,49,0.0245,0,True,9.0,-88782848.0618988
disassortative3_n2000_ch0.8_s20003,random_PG_best,9,10,0.005,0,True,16.0,-18871.278122071373
disassortative3_n2000_ch0.8_s20003,km_X,-1,11,0.0055,0,,,
disassortative3_n2000_ch0.8_s20000,random_PG_0,0,12,0.006,0,True,17.0,-18865.66711315552
disassortative3_n2000_ch0.8_s20000,random_PG_1,1,12,0.006,0,True,18.0,-18865.666658236703
disassortative3_n2000_ch0.8_s20000,random_PG_2,2,12,0.006,0,True,18.0,-18865.66604256805
disassortative3_n2000_ch0.8_s20000,random_PG_3,3,12,0.006,0,True,17.0,-18865.668413504573
disassortative3_n2000_ch0.8_s20000,random_PG_4,4,12,0.006,0,True,17.0,-18865.6671857332
disassortative3_n2000_ch0.8_s20000,random_PG_5,5,12,0.006,0,True,17.0,-18865.6677815485
disassortative3_n2000_ch0.8_s20000,random_PG_6,6,12,0.006,0,True,18.0,-18865.668375402493
disassortative3_n2000_ch0.8_s20000,random_PG_7,7,12,0.006,0,True,18.0,-18865.66711648418
disassortative3_n2000_ch0.8_s20000,random_PG_8,8,12,0.006,0,True,20.0,-18865.664973439845
disassortative3_n2000_ch0.8_s20000,random_PG_9,9,12,0.006,0,True,18.0,-18865.66658467185
disassortative3_n2000_ch0.8_s20000,km_start_PG,-1,12,0.006,0,True,2.0,-18976.682161584988
disassortative3_n2000_ch0.8_s20000,random_Gaussian_X,0,13,0.0065,0,True,16.0,-6737.9174026861365
disassortative3_n2000_ch0.8_s20000,random_H_and_labels_PG,0,663,0.3315,0,True,24.0,-339384160.88434446
disassortative3_n2000_ch0.8_s20000,random_PG_best,8,12,0.006,0,True,20.0,-18865.664973439845
disassortative3_n2000_ch0.8_s20000,km_X,-1,12,0.006,0,,,
disassortative3_n2000_ch0.8_s20001,random_PG_0,0,15,0.0075,0,True,18.0,-18949.05911087362
disassortative3_n2000_ch0.8_s20001,random_PG_1,1,15,0.0075,0,True,17.0,-18949.058640567724
disassortative3_n2000_ch0.8_s20001,random_PG_2,2,15,0.0075,0,True,18.0,-18949.05685224917
disassortative3_n2000_ch0.8_s20001,random_PG_3,3,15,0.0075,0,True,18.0,-18949.05590561447
disassortative3_n2000_ch0.8_s20001,random_PG_4,4,15,0.0075,0,True,17.0,-18949.0588669192
disassortative3_n2000_ch0.8_s20001,random_PG_5,5,15,0.0075,0,True,17.0,-18949.06006021716
disassortative3_n2000_ch0.8_s20001,random_PG_6,6,15,0.0075,0,True,17.0,-18949.058576586503
disassortative3_n2000_ch0.8_s20001,random_PG_7,7,15,0.0075,0,True,17.0,-18949.05941455756
disassortative3_n2000_ch0.8_s20001,random_PG_8,8,15,0.0075,0,True,19.0,-18949.05656454745
disassortative3_n2000_ch0.8_s20001,random_PG_9,9,15,0.0075,0,True,19.0,-18949.0585552938
disassortative3_n2000_ch0.8_s20001,km_start_PG,-1,15,0.0075,0,True,2.0,-19042.937862336275
disassortative3_n2000_ch0.8_s20001,random_Gaussian_X,0,13,0.0065,0,True,42.0,-6822.523858668781
disassortative3_n2000_ch0.8_s20001,random_H_and_labels_PG,0,466,0.233,0,True,18.0,-226821597.42202252
disassortative3_n2000_ch0.8_s20001,random_PG_best,3,15,0.0075,0,True,18.0,-18949.05590561447
disassortative3_n2000_ch0.8_s20001,km_X,-1,15,0.0075,0,,,
disassortative3_n2000_ch0.8_s20004,random_PG_0,0,13,0.0065,0,True,18.0,-18852.26255577578
disassortative3_n2000_ch0.8_s20004,random_PG_1,1,13,0.0065,0,True,18.0,-18852.25815195406
disassortative3_n2000_ch0.8_s20004,random_PG_2,2,13,0.0065,0,True,18.0,-18852.25948099422
disassortative3_n2000_ch0.8_s20004,random_PG_3,3,13,0.0065,0,True,21.0,-18852.257425124
disassortative3_n2000_ch0.8_s20004,random_PG_4,4,13,0.0065,0,True,18.0,-18852.261627929664
disassortative3_n2000_ch0.8_s20004,random_PG_5,5,13,0.0065,0,True,21.0,-18852.25776672812
disassortative3_n2000_ch0.8_s20004,random_PG_6,6,13,0.0065,0,True,18.0,-18852.260482263428
disassortative3_n2000_ch0.8_s20004,random_PG_7,7,13,0.0065,0,True,18.0,-18852.258386869493
disassortative3_n2000_ch0.8_s20004,random_PG_8,8,13,0.0065,0,True,19.0,-18852.25705465707
disassortative3_n2000_ch0.8_s20004,random_PG_9,9,13,0.0065,0,True,18.0,-18852.26143054896
disassortative3_n2000_ch0.8_s20004,km_start_PG,-1,13,0.0065,0,True,2.0,-18905.218996440257
disassortative3_n2000_ch0.8_s20004,random_Gaussian_X,0,16,0.008,0,True,16.0,-6678.490004358559
disassortative3_n2000_ch0.8_s20004,random_H_and_labels_PG,0,561,0.2805,0,True,19.0,-6266909495.943204
disassortative3_n2000_ch0.8_s20004,random_PG_best,8,13,0.0065,0,True,19.0,-18852.25705465707
disassortative3_n2000_ch0.8_s20004,km_X,-1,14,0.007,0,,,
disassortative3_n2000_ch0.8_s20002,random_PG_0,0,6,0.003,0,True,20.0,-18914.19184213009
disassortative3_n2000_ch0.8_s20002,random_PG_1,1,6,0.003,0,True,20.0,-18914.19487403749
disassortative3_n2000_ch0.8_s20002,random_PG_2,2,6,0.003,0,True,20.0,-18914.19630397876
disassortative3_n2000_ch0.8_s20002,random_PG_3,3,6,0.003,0,True,20.0,-18914.192817295738
disassortative3_n2000_ch0.8_s20002,random_PG_4,4,6,0.003,0,True,21.0,-18914.193406053484
disassortative3_n2000_ch0.8_s20002,random_PG_5,5,6,0.003,0,True,20.0,-18914.191220854897
disassortative3_n2000_ch0.8_s20002,random_PG_6,6,6,0.003,0,True,20.0,-18914.194354798336
disassortative3_n2000_ch0.8_s20002,random_PG_7,7,6,0.003,0,True,20.0,-18914.189973368306
disassortative3_n2000_ch0.8_s20002,random_PG_8,8,6,0.003,0,True,20.0,-18914.193066472533
disassortative3_n2000_ch0.8_s20002,random_PG_9,9,6,0.003,0,True,20.0,-18914.19302774506
disassortative3_n2000_ch0.8_s20002,km_start_PG,-1,6,0.003,0,True,2.0,-18981.78415178416
disassortative3_n2000_ch0.8_s20002,random_Gaussian_X,0,6,0.003,0,True,19.0,-6743.067919089319
disassortative3_n2000_ch0.8_s20002,random_H_and_labels_PG,0,349,0.1745,0,True,26.0,-193955397.9156057
disassortative3_n2000_ch0.8_s20002,random_PG_best,7,6,0.003,0,True,20.0,-18914.189973368306
disassortative3_n2000_ch0.8_s20002,km_X,-1,6,0.003,0,,,
disassortative3_n2000_ch1.4_s20001,random_PG_0,0,0,0.0,1,True,15.0,-18649.61422732035
disassortative3_n2000_ch1.4_s20001,random_PG_1,1,0,0.0,1,True,14.0,-18649.613778637955
disassortative3_n2000_ch1.4_s20001,random_PG_2,2,0,0.0,1,True,14.0,-18649.613792720917
disassortative3_n2000_ch1.4_s20001,random_PG_3,3,0,0.0,1,True,14.0,-18649.61369017863
disassortative3_n2000_ch1.4_s20001,random_PG_4,4,0,0.0,1,True,14.0,-18649.61381919095
disassortative3_n2000_ch1.4_s20001,random_PG_5,5,0,0.0,1,True,14.0,-18649.614093854685
disassortative3_n2000_ch1.4_s20001,random_PG_6,6,0,0.0,1,True,14.0,-18649.61361135868
disassortative3_n2000_ch1.4_s20001,random_PG_7,7,0,0.0,1,True,14.0,-18649.613533310025
disassortative3_n2000_ch1.4_s20001,random_PG_8,8,0,0.0,1,True,15.0,-18649.613573544528
disassortative3_n2000_ch1.4_s20001,random_PG_9,9,0,0.0,1,True,14.0,-18649.614507853905
disassortative3_n2000_ch1.4_s20001,km_start_PG,-1,0,0.0,1,True,14.0,-18649.61354441829
disassortative3_n2000_ch1.4_s20001,random_Gaussian_X,0,0,0.0,1,True,40.0,-5348.788816414227
disassortative3_n2000_ch1.4_s20001,random_H_and_labels_PG,0,4,0.002,0,True,7.0,-203625998.54825065
disassortative3_n2000_ch1.4_s20001,random_PG_best,7,0,0.0,1,True,14.0,-18649.613533310025
disassortative3_n2000_ch1.4_s20001,km_X,-1,0,0.0,1,,,
equal3_n1000_ch0.8_s20001,random_PG_0,0,0,0.0,1,True,10.0,-7924.272659981658
equal3_n1000_ch0.8_s20001,random_PG_1,1,0,0.0,1,True,9.0,-7924.272710002842
equal3_n1000_ch0.8_s20001,random_PG_2,2,0,0.0,1,True,9.0,-7924.27268264817
equal3_n1000_ch0.8_s20001,random_PG_3,3,0,0.0,1,True,9.0,-7924.2727069878065
equal3_n1000_ch0.8_s20001,random_PG_4,4,0,0.0,1,True,9.0,-7924.27270839616
equal3_n1000_ch0.8_s20001,random_PG_5,5,0,0.0,1,True,9.0,-7924.272688579694
equal3_n1000_ch0.8_s20001,random_PG_6,6,0,0.0,1,True,8.0,-7924.272865359827
equal3_n1000_ch0.8_s20001,random_PG_7,7,0,0.0,1,True,8.0,-7924.272951841143
equal3_n1000_ch0.8_s20001,random_PG_8,8,0,0.0,1,True,9.0,-7924.272683510607
equal3_n1000_ch0.8_s20001,random_PG_9,9,0,0.0,1,True,9.0,-7924.272691059324
equal3_n1000_ch0.8_s20001,km_start_PG,-1,0,0.0,1,True,4.0,-7924.272725315945
equal3_n1000_ch0.8_s20001,random_Gaussian_X,0,0,0.0,1,True,17.0,-2231.487617917318
equal3_n1000_ch0.8_s20001,random_H_and_labels_PG,0,2,0.002,0,True,6.0,-77299010.87952441
equal3_n1000_ch0.8_s20001,random_PG_best,0,0,0.0,1,True,10.0,-7924.272659981658
equal3_n1000_ch0.8_s20001,km_X,-1,0,0.0,1,,,
disassortative3_n2000_ch1.4_s20002,random_PG_0,0,0,0.0,1,True,14.0,-18881.16774010956
disassortative3_n2000_ch1.4_s20002,random_PG_1,1,0,0.0,1,True,15.0,-18881.167302335343
disassortative3_n2000_ch1.4_s20002,random_PG_2,2,0,0.0,1,True,14.0,-18881.16846399498
disassortative3_n2000_ch1.4_s20002,random_PG_3,3,0,0.0,1,True,15.0,-18881.166791269563
disassortative3_n2000_ch1.4_s20002,random_PG_4,4,0,0.0,1,True,15.0,-18881.167218528
disassortative3_n2000_ch1.4_s20002,random_PG_5,5,0,0.0,1,True,14.0,-18881.168402306776
disassortative3_n2000_ch1.4_s20002,random_PG_6,6,0,0.0,1,True,14.0,-18881.16850104056
disassortative3_n2000_ch1.4_s20002,random_PG_7,7,0,0.0,1,True,14.0,-18881.167291759928
disassortative3_n2000_ch1.4_s20002,random_PG_8,8,0,0.0,1,True,15.0,-18881.16687103204
disassortative3_n2000_ch1.4_s20002,random_PG_9,9,0,0.0,1,True,14.0,-18881.168740722293
disassortative3_n2000_ch1.4_s20002,km_start_PG,-1,0,0.0,1,True,25.0,-18881.16768754838
disassortative3_n2000_ch1.4_s20002,random_Gaussian_X,0,0,0.0,1,True,18.0,-5382.179286243342
disassortative3_n2000_ch1.4_s20002,random_H_and_labels_PG,0,851,0.4255,0,True,15.0,-574862421.7426322
disassortative3_n2000_ch1.4_s20002,random_PG_best,3,0,0.0,1,True,15.0,-18881.166791269563
disassortative3_n2000_ch1.4_s20002,km_X,-1,0,0.0,1,,,
equal3_n1000_ch0.8_s20002,random_PG_0,0,0,0.0,1,True,11.0,-7881.992044268887
equal3_n1000_ch0.8_s20002,random_PG_1,1,0,0.0,1,True,9.0,-7881.9923445606255
equal3_n1000_ch0.8_s20002,random_PG_2,2,0,0.0,1,True,9.0,-7881.992421482566
equal3_n1000_ch0.8_s20002,random_PG_3,3,0,0.0,1,True,9.0,-7881.992219763878
equal3_n1000_ch0.8_s20002,random_PG_4,4,0,0.0,1,True,9.0,-7881.992287172418
equal3_n1000_ch0.8_s20002,random_PG_5,5,0,0.0,1,True,10.0,-7881.992104813755
equal3_n1000_ch0.8_s20002,random_PG_6,6,0,0.0,1,True,10.0,-7881.992149713704
equal3_n1000_ch0.8_s20002,random_PG_7,7,0,0.0,1,True,10.0,-7881.992107885546
equal3_n1000_ch0.8_s20002,random_PG_8,8,0,0.0,1,True,10.0,-7881.992074234347
equal3_n1000_ch0.8_s20002,random_PG_9,9,0,0.0,1,True,9.0,-7881.992257495105
equal3_n1000_ch0.8_s20002,km_start_PG,-1,0,0.0,1,True,5.0,-7881.992074356451
equal3_n1000_ch0.8_s20002,random_Gaussian_X,0,1,0.001,0,True,23.0,-2092.314442428643
equal3_n1000_ch0.8_s20002,random_H_and_labels_PG,0,236,0.236,0,True,21.0,-14711734345.176968
equal3_n1000_ch0.8_s20002,random_PG_best,0,0,0.0,1,True,11.0,-7881.992044268887
equal3_n1000_ch0.8_s20002,km_X,-1,0,0.0,1,,,
equal3_n1000_ch0.8_s20003,random_PG_0,0,0,0.0,1,True,9.0,-7977.018076257074
equal3_n1000_ch0.8_s20003,random_PG_1,1,0,0.0,1,True,9.0,-7977.01811841544
equal3_n1000_ch0.8_s20003,random_PG_2,2,0,0.0,1,True,9.0,-7977.018099254742
equal3_n1000_ch0.8_s20003,random_PG_3,3,0,0.0,1,True,9.0,-7977.018055198916
equal3_n1000_ch0.8_s20003,random_PG_4,4,0,0.0,1,True,9.0,-7977.018101583684
equal3_n1000_ch0.8_s20003,random_PG_5,5,0,0.0,1,True,9.0,-7977.018073956578
equal3_n1000_ch0.8_s20003,random_PG_6,6,0,0.0,1,True,9.0,-7977.018092612182
equal3_n1000_ch0.8_s20003,random_PG_7,7,0,0.0,1,True,9.0,-7977.018084977139
equal3_n1000_ch0.8_s20003,random_PG_8,8,0,0.0,1,True,10.0,-7977.018024258532
equal3_n1000_ch0.8_s20003,random_PG_9,9,0,0.0,1,True,9.0,-7977.018047721341
equal3_n1000_ch0.8_s20003,km_start_PG,-1,0,0.0,1,True,4.0,-7977.018082876639
equal3_n1000_ch0.8_s20003,random_Gaussian_X,0,0,0.0,1,True,17.0,-2149.751641979517
equal3_n1000_ch0.8_s20003,random_H_and_labels_PG,0,0,0.0,1,True,5.0,-73694165.88592629
equal3_n1000_ch0.8_s20003,random_PG_best,8,0,0.0,1,True,10.0,-7977.018024258532
equal3_n1000_ch0.8_s20003,km_X,-1,0,0.0,1,,,
equal3_n1000_ch0.8_s20000,random_PG_0,0,1,0.001,0,True,9.0,-8069.539002541548
equal3_n1000_ch0.8_s20000,random_PG_1,1,1,0.001,0,True,9.0,-8069.538979750177
equal3_n1000_ch0.8_s20000,random_PG_2,2,1,0.001,0,True,8.0,-8069.539230667869
equal3_n1000_ch0.8_s20000,random_PG_3,3,1,0.001,0,True,9.0,-8069.53898325167
equal3_n1000_ch0.8_s20000,random_PG_4,4,1,0.001,0,True,9.0,-8069.539033915049
equal3_n1000_ch0.8_s20000,random_PG_5,5,1,0.001,0,True,19.0,-8069.5389627199875
equal3_n1000_ch0.8_s20000,random_PG_6,6,1,0.001,0,True,8.0,-8069.539169285772
equal3_n1000_ch0.8_s20000,random_PG_7,7,1,0.001,0,True,9.0,-8069.539070809319
equal3_n1000_ch0.8_s20000,random_PG_8,8,1,0.001,0,True,8.0,-8069.53919036341
equal3_n1000_ch0.8_s20000,random_PG_9,9,339,0.339,0,True,71.0,-11345.511238503634
equal3_n1000_ch0.8_s20000,km_start_PG,-1,1,0.001,0,True,4.0,-8069.538968374872
equal3_n1000_ch0.8_s20000,random_Gaussian_X,0,1,0.001,0,True,16.0,-2175.4941042000564
equal3_n1000_ch0.8_s20000,random_H_and_labels_PG,0,7,0.007,0,True,7.0,-570856543.640188
equal3_n1000_ch0.8_s20000,random_PG_best,5,1,0.001,0,True,19.0,-8069.5389627199875
equal3_n1000_ch0.8_s20000,km_X,-1,1,0.001,0,,,
equal3_n1000_ch0.8_s20004,random_PG_0,0,1,0.001,0,True,9.0,-7966.96829473201
equal3_n1000_ch0.8_s20004,random_PG_1,1,1,0.001,0,True,9.0,-7966.968305955212
equal3_n1000_ch0.8_s20004,random_PG_2,2,1,0.001,0,True,9.0,-7966.968238554144
equal3_n1000_ch0.8_s20004,random_PG_3,3,1,0.001,0,True,9.0,-7966.968241501345
equal3_n1000_ch0.8_s20004,random_PG_4,4,1,0.001,0,True,9.0,-7966.968236350021
equal3_n1000_ch0.8_s20004,random_PG_5,5,1,0.001,0,True,9.0,-7966.968226388501
equal3_n1000_ch0.8_s20004,random_PG_6,6,1,0.001,0,True,8.0,-7966.968554616248
equal3_n1000_ch0.8_s20004,random_PG_7,7,1,0.001,0,True,10.0,-7966.96819562247
equal3_n1000_ch0.8_s20004,random_PG_8,8,1,0.001,0,True,9.0,-7966.968262472077
equal3_n1000_ch0.8_s20004,random_PG_9,9,1,0.001,0,True,9.0,-7966.968239782884
equal3_n1000_ch0.8_s20004,km_start_PG,-1,1,0.001,0,True,4.0,-7966.968319852556
equal3_n1000_ch0.8_s20004,random_Gaussian_X,0,1,0.001,0,True,24.0,-2156.040892987537
equal3_n1000_ch0.8_s20004,random_H_and_labels_PG,0,271,0.271,0,True,24.0,-789656554.199595
equal3_n1000_ch0.8_s20004,random_PG_best,7,1,0.001,0,True,10.0,-7966.96819562247
equal3_n1000_ch0.8_s20004,km_X,-1,1,0.001,0,,,
equal3_n1000_ch1.4_s20001,random_PG_0,0,0,0.0,1,True,9.0,-8536.79482857375
equal3_n1000_ch1.4_s20001,random_PG_1,1,0,0.0,1,True,7.0,-8536.794840993689
equal3_n1000_ch1.4_s20001,random_PG_2,2,0,0.0,1,True,7.0,-8536.794886820962
equal3_n1000_ch1.4_s20001,random_PG_3,3,0,0.0,1,True,7.0,-8536.794871535381
equal3_n1000_ch1.4_s20001,random_PG_4,4,0,0.0,1,True,7.0,-8536.794876836617
equal3_n1000_ch1.4_s20001,random_PG_5,5,0,0.0,1,True,7.0,-8536.794858057716
equal3_n1000_ch1.4_s20001,random_PG_6,6,0,0.0,1,True,6.0,-8536.794955988142
equal3_n1000_ch1.4_s20001,random_PG_7,7,0,0.0,1,True,6.0,-8536.795013434576
equal3_n1000_ch1.4_s20001,random_PG_8,8,0,0.0,1,True,7.0,-8536.794855617405
equal3_n1000_ch1.4_s20001,random_PG_9,9,0,0.0,1,True,7.0,-8536.794843001935
equal3_n1000_ch1.4_s20001,km_start_PG,-1,0,0.0,1,True,3.0,-8536.79482774364
equal3_n1000_ch1.4_s20001,random_Gaussian_X,0,0,0.0,1,True,24.0,-1580.2524458551327
equal3_n1000_ch1.4_s20001,random_H_and_labels_PG,0,2,0.002,0,True,8.0,-449208118.5339284
equal3_n1000_ch1.4_s20001,random_PG_best,0,0,0.0,1,True,9.0,-8536.79482857375
equal3_n1000_ch1.4_s20001,km_X,-1,0,0.0,1,,,
equal3_n1000_ch1.4_s20003,random_PG_0,0,0,0.0,1,True,7.0,-8557.154509366106
equal3_n1000_ch1.4_s20003,random_PG_1,1,0,0.0,1,True,7.0,-8557.154491343581
equal3_n1000_ch1.4_s20003,random_PG_2,2,0,0.0,1,True,7.0,-8557.154507379177
equal3_n1000_ch1.4_s20003,random_PG_3,3,0,0.0,1,True,7.0,-8557.15448140023
equal3_n1000_ch1.4_s20003,random_PG_4,4,0,0.0,1,True,7.0,-8557.154530277532
equal3_n1000_ch1.4_s20003,random_PG_5,5,0,0.0,1,True,7.0,-8557.154530560856
equal3_n1000_ch1.4_s20003,random_PG_6,6,0,0.0,1,True,8.0,-8557.154458643081
equal3_n1000_ch1.4_s20003,random_PG_7,7,0,0.0,1,True,7.0,-8557.154499592902
equal3_n1000_ch1.4_s20003,random_PG_8,8,0,0.0,1,True,7.0,-8557.15451791446
equal3_n1000_ch1.4_s20003,random_PG_9,9,0,0.0,1,True,7.0,-8557.154484072165
equal3_n1000_ch1.4_s20003,km_start_PG,-1,0,0.0,1,True,3.0,-8557.154465893163
equal3_n1000_ch1.4_s20003,random_Gaussian_X,0,0,0.0,1,True,25.0,-1551.9277434209375
equal3_n1000_ch1.4_s20003,random_H_and_labels_PG,0,0,0.0,1,True,3.0,-210651896.8198565
equal3_n1000_ch1.4_s20003,random_PG_best,6,0,0.0,1,True,8.0,-8557.154458643081
equal3_n1000_ch1.4_s20003,km_X,-1,0,0.0,1,,,
disassortative3_n2000_ch1.4_s20003,random_PG_0,0,0,0.0,1,True,14.0,-18728.16928375446
disassortative3_n2000_ch1.4_s20003,random_PG_1,1,0,0.0,1,True,14.0,-18728.1707135495
disassortative3_n2000_ch1.4_s20003,random_PG_2,2,0,0.0,1,True,13.0,-18728.1699233026
disassortative3_n2000_ch1.4_s20003,random_PG_3,3,0,0.0,1,True,14.0,-18728.169768487587
disassortative3_n2000_ch1.4_s20003,random_PG_4,4,0,0.0,1,True,13.0,-18728.17006779501
disassortative3_n2000_ch1.4_s20003,random_PG_5,5,0,0.0,1,True,13.0,-18728.17034786098
disassortative3_n2000_ch1.4_s20003,random_PG_6,6,0,0.0,1,True,14.0,-18728.169486635048
disassortative3_n2000_ch1.4_s20003,random_PG_7,7,0,0.0,1,True,13.0,-18728.169950005067
disassortative3_n2000_ch1.4_s20003,random_PG_8,8,0,0.0,1,True,14.0,-18728.170156089465
disassortative3_n2000_ch1.4_s20003,random_PG_9,9,0,0.0,1,True,14.0,-18728.169458468878
disassortative3_n2000_ch1.4_s20003,km_start_PG,-1,0,0.0,1,True,20.0,-18728.168949604427
disassortative3_n2000_ch1.4_s20003,random_Gaussian_X,0,0,0.0,1,True,15.0,-5368.341632553498
disassortative3_n2000_ch1.4_s20003,random_H_and_labels_PG,0,0,0.0,1,True,5.0,-343395795.7767176
disassortative3_n2000_ch1.4_s20003,random_PG_best,0,0,0.0,1,True,14.0,-18728.16928375446
disassortative3_n2000_ch1.4_s20003,km_X,-1,0,0.0,1,,,
equal3_n1000_ch1.4_s20002,random_PG_0,0,0,0.0,1,True,8.0,-8541.842180654237
equal3_n1000_ch1.4_s20002,random_PG_1,1,0,0.0,1,True,7.0,-8541.842255064155
equal3_n1000_ch1.4_s20002,random_PG_2,2,0,0.0,1,True,8.0,-8541.842202377464
equal3_n1000_ch1.4_s20002,random_PG_3,3,0,0.0,1,True,7.0,-8541.842212345593
equal3_n1000_ch1.4_s20002,random_PG_4,4,0,0.0,1,True,7.0,-8541.842250734611
equal3_n1000_ch1.4_s20002,random_PG_5,5,0,0.0,1,True,7.0,-8541.84225781669
equal3_n1000_ch1.4_s20002,random_PG_6,6,0,0.0,1,True,7.0,-8541.84231853253
equal3_n1000_ch1.4_s20002,random_PG_7,7,0,0.0,1,True,7.0,-8541.842293429085
equal3_n1000_ch1.4_s20002,random_PG_8,8,383,0.383,0,True,35.0,-17245.39880107209
equal3_n1000_ch1.4_s20002,random_PG_9,9,0,0.0,1,True,7.0,-8541.842224988923
equal3_n1000_ch1.4_s20002,km_start_PG,-1,0,0.0,1,True,3.0,-8541.842199035804
equal3_n1000_ch1.4_s20002,random_Gaussian_X,0,0,0.0,1,True,24.0,-1522.979091142147
equal3_n1000_ch1.4_s20002,random_H_and_labels_PG,0,0,0.0,1,True,4.0,-374381054.022267
equal3_n1000_ch1.4_s20002,random_PG_best,0,0,0.0,1,True,8.0,-8541.842180654237
equal3_n1000_ch1.4_s20002,km_X,-1,0,0.0,1,,,
equal3_n1000_ch1.4_s20000,random_PG_0,0,0,0.0,1,True,8.0,-8635.731966317635
equal3_n1000_ch1.4_s20000,random_PG_1,1,0,0.0,1,True,7.0,-8635.731986419403
equal3_n1000_ch1.4_s20000,random_PG_2,2,0,0.0,1,True,7.0,-8635.731990958668
equal3_n1000_ch1.4_s20000,random_PG_3,3,0,0.0,1,True,7.0,-8635.731997250194
equal3_n1000_ch1.4_s20000,random_PG_4,4,0,0.0,1,True,7.0,-8635.731995278613
equal3_n1000_ch1.4_s20000,random_PG_5,5,0,0.0,1,True,7.0,-8635.73202137477
equal3_n1000_ch1.4_s20000,random_PG_6,6,0,0.0,1,True,7.0,-8635.731970484232
equal3_n1000_ch1.4_s20000,random_PG_7,7,0,0.0,1,True,10.0,-8635.731956325946
equal3_n1000_ch1.4_s20000,random_PG_8,8,0,0.0,1,True,7.0,-8635.73197202733
equal3_n1000_ch1.4_s20000,random_PG_9,9,333,0.333,0,True,82.0,-14317.01437691374
equal3_n1000_ch1.4_s20000,km_start_PG,-1,0,0.0,1,True,3.0,-8635.731962080434
equal3_n1000_ch1.4_s20000,random_Gaussian_X,0,0,0.0,1,True,18.0,-1616.8139398943056
equal3_n1000_ch1.4_s20000,random_H_and_labels_PG,0,5,0.005,0,True,6.0,-72110595056.34732
equal3_n1000_ch1.4_s20000,random_PG_best,7,0,0.0,1,True,10.0,-8635.731956325946
equal3_n1000_ch1.4_s20000,km_X,-1,0,0.0,1,,,
equal3_n1000_ch1.4_s20004,random_PG_0,0,0,0.0,1,True,8.0,-8573.156651853202
equal3_n1000_ch1.4_s20004,random_PG_1,1,0,0.0,1,True,7.0,-8573.156688481402
equal3_n1000_ch1.4_s20004,random_PG_2,2,0,0.0,1,True,7.0,-8573.15669011173
equal3_n1000_ch1.4_s20004,random_PG_3,3,0,0.0,1,True,7.0,-8573.156685404007
equal3_n1000_ch1.4_s20004,random_PG_4,4,0,0.0,1,True,7.0,-8573.156679237569
equal3_n1000_ch1.4_s20004,random_PG_5,5,0,0.0,1,True,7.0,-8573.156680975146
equal3_n1000_ch1.4_s20004,random_PG_6,6,0,0.0,1,True,7.0,-8573.15666728872
equal3_n1000_ch1.4_s20004,random_PG_7,7,0,0.0,1,True,7.0,-8573.15672894245
equal3_n1000_ch1.4_s20004,random_PG_8,8,0,0.0,1,True,7.0,-8573.15671880907
equal3_n1000_ch1.4_s20004,random_PG_9,9,0,0.0,1,True,7.0,-8573.156687486571
equal3_n1000_ch1.4_s20004,km_start_PG,-1,0,0.0,1,True,3.0,-8573.156664736183
equal3_n1000_ch1.4_s20004,random_Gaussian_X,0,385,0.385,0,True,60.0,-2208.119247786201
equal3_n1000_ch1.4_s20004,random_H_and_labels_PG,0,130,0.13,0,True,16.0,-1932886299.13152
equal3_n1000_ch1.4_s20004,random_PG_best,0,0,0.0,1,True,8.0,-8573.156651853202
equal3_n1000_ch1.4_s20004,km_X,-1,0,0.0,1,,,
disassortative3_n2000_ch1.4_s20004,random_PG_0,0,0,0.0,1,True,14.0,-18787.415692726667
disassortative3_n2000_ch1.4_s20004,random_PG_1,1,0,0.0,1,True,13.0,-18787.415013090504
disassortative3_n2000_ch1.4_s20004,random_PG_2,2,0,0.0,1,True,13.0,-18787.415312322257
disassortative3_n2000_ch1.4_s20004,random_PG_3,3,0,0.0,1,True,14.0,-18787.414614009293
disassortative3_n2000_ch1.4_s20004,random_PG_4,4,0,0.0,1,True,14.0,-18787.41566929682
disassortative3_n2000_ch1.4_s20004,random_PG_5,5,0,0.0,1,True,14.0,-18787.415054271045
disassortative3_n2000_ch1.4_s20004,random_PG_6,6,0,0.0,1,True,14.0,-18787.415084617343
disassortative3_n2000_ch1.4_s20004,random_PG_7,7,0,0.0,1,True,13.0,-18787.41513336362
disassortative3_n2000_ch1.4_s20004,random_PG_8,8,0,0.0,1,True,14.0,-18787.414619292693
disassortative3_n2000_ch1.4_s20004,random_PG_9,9,0,0.0,1,True,13.0,-18787.416323421203
disassortative3_n2000_ch1.4_s20004,km_start_PG,-1,0,0.0,1,True,23.0,-18787.413952874973
disassortative3_n2000_ch1.4_s20004,random_Gaussian_X,0,0,0.0,1,True,14.0,-5382.321677079544
disassortative3_n2000_ch1.4_s20004,random_H_and_labels_PG,0,307,0.1535,0,True,18.0,-855895497768.0667
disassortative3_n2000_ch1.4_s20004,random_PG_best,3,0,0.0,1,True,14.0,-18787.414614009293
disassortative3_n2000_ch1.4_s20004,km_X,-1,0,0.0,1,,,
equal3_n2000_ch0.8_s20000,random_PG_0,0,0,0.0,1,True,10.0,-16141.61638562696
equal3_n2000_ch0.8_s20000,random_PG_1,1,0,0.0,1,True,8.0,-16141.616574540578
equal3_n2000_ch0.8_s20000,random_PG_2,2,0,0.0,1,True,8.0,-16141.616607978096
equal3_n2000_ch0.8_s20000,random_PG_3,3,0,0.0,1,True,9.0,-16141.616347414109
equal3_n2000_ch0.8_s20000,random_PG_4,4,0,0.0,1,True,8.0,-16141.616639003389
equal3_n2000_ch0.8_s20000,random_PG_5,5,0,0.0,1,True,8.0,-16141.616550597666
equal3_n2000_ch0.8_s20000,random_PG_6,6,0,0.0,1,True,9.0,-16141.616294130325
equal3_n2000_ch0.8_s20000,random_PG_7,7,0,0.0,1,True,8.0,-16141.61663027848
equal3_n2000_ch0.8_s20000,random_PG_8,8,0,0.0,1,True,9.0,-16141.616312159556
equal3_n2000_ch0.8_s20000,random_PG_9,9,0,0.0,1,True,9.0,-16141.616282942512
equal3_n2000_ch0.8_s20000,km_start_PG,-1,0,0.0,1,True,3.0,-16141.616847763218
equal3_n2000_ch0.8_s20000,random_Gaussian_X,0,0,0.0,1,True,17.0,-4111.868118439394
equal3_n2000_ch0.8_s20000,random_H_and_labels_PG,0,14,0.007,0,True,9.0,-9130716197.665363
equal3_n2000_ch0.8_s20000,random_PG_best,9,0,0.0,1,True,9.0,-16141.616282942512
equal3_n2000_ch0.8_s20000,km_X,-1,0,0.0,1,,,
equal3_n2000_ch1.4_s20001,random_PG_0,0,0,0.0,1,True,7.0,-17499.855612757063
equal3_n2000_ch1.4_s20001,random_PG_1,1,0,0.0,1,True,7.0,-17499.85547980057
equal3_n2000_ch1.4_s20001,random_PG_2,2,0,0.0,1,True,8.0,-17499.85548220863
equal3_n2000_ch1.4_s20001,random_PG_3,3,0,0.0,1,True,7.0,-17499.855515806972
equal3_n2000_ch1.4_s20001,random_PG_4,4,0,0.0,1,True,7.0,-17499.855514093404
equal3_n2000_ch1.4_s20001,random_PG_5,5,0,0.0,1,True,7.0,-17499.85557705979
equal3_n2000_ch1.4_s20001,random_PG_6,6,0,0.0,1,True,7.0,-17499.855515778087
equal3_n2000_ch1.4_s20001,random_PG_7,7,0,0.0,1,True,7.0,-17499.85549689106
equal3_n2000_ch1.4_s20001,random_PG_8,8,0,0.0,1,True,8.0,-17499.855443058634
equal3_n2000_ch1.4_s20001,random_PG_9,9,0,0.0,1,True,7.0,-17499.855531590678
equal3_n2000_ch1.4_s20001,km_start_PG,-1,0,0.0,1,True,3.0,-17499.85545039054
equal3_n2000_ch1.4_s20001,random_Gaussian_X,0,0,0.0,1,True,17.0,-2922.78498076749
equal3_n2000_ch1.4_s20001,random_H_and_labels_PG,0,666,0.333,0,True,3.0,-47869603127.53589
equal3_n2000_ch1.4_s20001,random_PG_best,8,0,0.0,1,True,8.0,-17499.855443058634
equal3_n2000_ch1.4_s20001,km_X,-1,0,0.0,1,,,
equal3_n2000_ch1.4_s20000,random_PG_0,0,0,0.0,1,True,11.0,-17493.56229707916
equal3_n2000_ch1.4_s20000,random_PG_1,1,0,0.0,1,True,7.0,-17493.56228147796
equal3_n2000_ch1.4_s20000,random_PG_2,2,0,0.0,1,True,7.0,-17493.562287572677
equal3_n2000_ch1.4_s20000,random_PG_3,3,0,0.0,1,True,7.0,-17493.56231667187
equal3_n2000_ch1.4_s20000,random_PG_4,4,0,0.0,1,True,7.0,-17493.562284804542
equal3_n2000_ch1.4_s20000,random_PG_5,5,0,0.0,1,True,7.0,-17493.5622928457
equal3_n2000_ch1.4_s20000,random_PG_6,6,0,0.0,1,True,7.0,-17493.562312251815
equal3_n2000_ch1.4_s20000,random_PG_7,7,0,0.0,1,True,7.0,-17493.562303577637
equal3_n2000_ch1.4_s20000,random_PG_8,8,0,0.0,1,True,7.0,-17493.562344026494
equal3_n2000_ch1.4_s20000,random_PG_9,9,0,0.0,1,True,8.0,-17493.562263002685
equal3_n2000_ch1.4_s20000,km_start_PG,-1,0,0.0,1,True,2.0,-17493.56245905399
equal3_n2000_ch1.4_s20000,random_Gaussian_X,0,0,0.0,1,True,20.0,-2984.2441985544574
equal3_n2000_ch1.4_s20000,random_H_and_labels_PG,0,0,0.0,1,True,6.0,-4834785373.528846
equal3_n2000_ch1.4_s20000,random_PG_best,9,0,0.0,1,True,8.0,-17493.562263002685
equal3_n2000_ch1.4_s20000,km_X,-1,0,0.0,1,,,
equal3_n2000_ch0.8_s20001,random_PG_0,0,0,0.0,1,True,9.0,-16258.093738000203
equal3_n2000_ch0.8_s20001,random_PG_1,1,0,0.0,1,True,8.0,-16258.093579367003
equal3_n2000_ch0.8_s20001,random_PG_2,2,0,0.0,1,True,10.0,-16258.093277192926
equal3_n2000_ch0.8_s20001,random_PG_3,3,0,0.0,1,True,8.0,-16258.093670363274
equal3_n2000_ch0.8_s20001,random_PG_4,4,0,0.0,1,True,9.0,-16258.093448597365
equal3_n2000_ch0.8_s20001,random_PG_5,5,0,0.0,1,True,8.0,-16258.093753681684
equal3_n2000_ch0.8_s20001,random_PG_6,6,0,0.0,1,True,9.0,-16258.093256097967
equal3_n2000_ch0.8_s20001,random_PG_7,7,0,0.0,1,True,9.0,-16258.093259730083
equal3_n2000_ch0.8_s20001,random_PG_8,8,0,0.0,1,True,9.0,-16258.093365577455
equal3_n2000_ch0.8_s20001,random_PG_9,9,0,0.0,1,True,9.0,-16258.093234700087
equal3_n2000_ch0.8_s20001,km_start_PG,-1,0,0.0,1,True,4.0,-16258.093240613283
equal3_n2000_ch0.8_s20001,random_Gaussian_X,0,0,0.0,1,True,17.0,-4197.120462960578
equal3_n2000_ch0.8_s20001,random_H_and_labels_PG,0,666,0.333,0,True,21.0,-55977559475.78482
equal3_n2000_ch0.8_s20001,random_PG_best,9,0,0.0,1,True,9.0,-16258.093234700087
equal3_n2000_ch0.8_s20001,km_X,-1,0,0.0,1,,,
equal3_n2000_ch0.8_s20002,random_PG_0,0,0,0.0,1,True,8.0,-16212.739996810697
equal3_n2000_ch0.8_s20002,random_PG_1,1,0,0.0,1,True,12.0,-16212.739637281702
equal3_n2000_ch0.8_s20002,random_PG_2,2,0,0.0,1,True,10.0,-16212.739600109318
equal3_n2000_ch0.8_s20002,random_PG_3,3,0,0.0,1,True,9.0,-16212.739630380782
equal3_n2000_ch0.8_s20002,random_PG_4,4,0,0.0,1,True,9.0,-16212.7397549567
equal3_n2000_ch0.8_s20002,random_PG_5,5,0,0.0,1,True,20.0,-16212.739574138168
equal3_n2000_ch0.8_s20002,random_PG_6,6,0,0.0,1,True,10.0,-16212.739606689269
equal3_n2000_ch0.8_s20002,random_PG_7,7,0,0.0,1,True,8.0,-16212.740050531122
equal3_n2000_ch0.8_s20002,random_PG_8,8,0,0.0,1,True,13.0,-16212.739710847933
equal3_n2000_ch0.8_s20002,random_PG_9,9,0,0.0,1,True,9.0,-16212.73985765538
equal3_n2000_ch0.8_s20002,km_start_PG,-1,0,0.0,1,True,4.0,-16212.739640466758
equal3_n2000_ch0.8_s20002,random_Gaussian_X,0,0,0.0,1,True,17.0,-4212.223571777695
equal3_n2000_ch0.8_s20002,random_H_and_labels_PG,0,18,0.009,0,True,4.0,-1949837032.8192728
equal3_n2000_ch0.8_s20002,random_PG_best,5,0,0.0,1,True,20.0,-16212.739574138168
equal3_n2000_ch0.8_s20002,km_X,-1,0,0.0,1,,,
equal3_n2000_ch0.8_s20003,random_PG_0,0,0,0.0,1,True,9.0,-16249.248063455456
equal3_n2000_ch0.8_s20003,random_PG_1,1,0,0.0,1,True,9.0,-16249.248348423098
equal3_n2000_ch0.8_s20003,random_PG_2,2,0,0.0,1,True,8.0,-16249.24842120058
equal3_n2000_ch0.8_s20003,random_PG_3,3,0,0.0,1,True,11.0,-16249.248054428068
equal3_n2000_ch0.8_s20003,random_PG_4,4,0,0.0,1,True,8.0,-16249.248438509358
equal3_n2000_ch0.8_s20003,random_PG_5,5,763,0.3815,0,True,30.0,-23659.73553306555
equal3_n2000_ch0.8_s20003,random_PG_6,6,0,0.0,1,True,8.0,-16249.248355800288
equal3_n2000_ch0.8_s20003,random_PG_7,7,0,0.0,1,True,8.0,-16249.248508459108
equal3_n2000_ch0.8_s20003,random_PG_8,8,0,0.0,1,True,9.0,-16249.248064289835
equal3_n2000_ch0.8_s20003,random_PG_9,9,0,0.0,1,True,9.0,-16249.248128624724
equal3_n2000_ch0.8_s20003,km_start_PG,-1,0,0.0,1,True,4.0,-16249.248041516454
equal3_n2000_ch0.8_s20003,random_Gaussian_X,0,0,0.0,1,True,14.0,-4195.179820071298
equal3_n2000_ch0.8_s20003,random_H_and_labels_PG,0,2,0.001,0,True,4.0,-1296232508.643938
equal3_n2000_ch0.8_s20003,random_PG_best,3,0,0.0,1,True,11.0,-16249.248054428068
equal3_n2000_ch0.8_s20003,km_X,-1,0,0.0,1,,,
equal3_n2000_ch0.8_s20004,random_PG_0,0,0,0.0,1,True,10.0,-16223.011565484889
equal3_n2000_ch0.8_s20004,random_PG_1,1,0,0.0,1,True,8.0,-16223.011780667446
equal3_n2000_ch0.8_s20004,random_PG_2,2,0,0.0,1,True,10.0,-16223.011602779205
equal3_n2000_ch0.8_s20004,random_PG_3,3,0,0.0,1,True,10.0,-16223.011564500855
equal3_n2000_ch0.8_s20004,random_PG_4,4,0,0.0,1,True,10.0,-16223.011551154535
equal3_n2000_ch0.8_s20004,random_PG_5,5,0,0.0,1,True,11.0,-16223.011544069594
equal3_n2000_ch0.8_s20004,random_PG_6,6,0,0.0,1,True,8.0,-16223.011990920337
equal3_n2000_ch0.8_s20004,random_PG_7,7,0,0.0,1,True,8.0,-16223.011865906445
equal3_n2000_ch0.8_s20004,random_PG_8,8,0,0.0,1,True,12.0,-16223.011548682209
equal3_n2000_ch0.8_s20004,random_PG_9,9,0,0.0,1,True,9.0,-16223.011584253796
equal3_n2000_ch0.8_s20004,km_start_PG,-1,0,0.0,1,True,4.0,-16223.011582789692
equal3_n2000_ch0.8_s20004,random_Gaussian_X,0,1,0.0005,0,True,20.0,-4200.945768786889
equal3_n2000_ch0.8_s20004,random_H_and_labels_PG,0,985,0.4925,0,True,20.0,-11819038532.002974
equal3_n2000_ch0.8_s20004,random_PG_best,5,0,0.0,1,True,11.0,-16223.011544069594
equal3_n2000_ch0.8_s20004,km_X,-1,1,0.0005,0,,,
equal3_n2000_ch1.4_s20003,random_PG_0,0,0,0.0,1,True,7.0,-17577.39191759983
equal3_n2000_ch1.4_s20003,random_PG_1,1,0,0.0,1,True,7.0,-17577.391929548045
equal3_n2000_ch1.4_s20003,random_PG_2,2,0,0.0,1,True,7.0,-17577.39187162865
equal3_n2000_ch1.4_s20003,random_PG_3,3,0,0.0,1,True,8.0,-17577.391881239062
equal3_n2000_ch1.4_s20003,random_PG_4,4,0,0.0,1,True,7.0,-17577.391874943467
equal3_n2000_ch1.4_s20003,random_PG_5,5,0,0.0,1,True,8.0,-17577.39186252832
equal3_n2000_ch1.4_s20003,random_PG_6,6,0,0.0,1,True,7.0,-17577.391865890888
equal3_n2000_ch1.4_s20003,random_PG_7,7,0,0.0,1,True,7.0,-17577.391899006827
equal3_n2000_ch1.4_s20003,random_PG_8,8,0,0.0,1,True,8.0,-17577.39188217576
equal3_n2000_ch1.4_s20003,random_PG_9,9,0,0.0,1,True,7.0,-17577.391981229415
equal3_n2000_ch1.4_s20003,km_start_PG,-1,0,0.0,1,True,2.0,-17577.391997162707
equal3_n2000_ch1.4_s20003,random_Gaussian_X,0,0,0.0,1,True,17.0,-3047.071100905107
equal3_n2000_ch1.4_s20003,random_H_and_labels_PG,0,0,0.0,1,True,3.0,-2466073250.4535613
equal3_n2000_ch1.4_s20003,random_PG_best,5,0,0.0,1,True,8.0,-17577.39186252832
equal3_n2000_ch1.4_s20003,km_X,-1,0,0.0,1,,,
equal3_n2000_ch1.4_s20004,random_PG_0,0,0,0.0,1,True,7.0,-17564.61171056982
equal3_n2000_ch1.4_s20004,random_PG_1,1,0,0.0,1,True,6.0,-17564.611779458035
equal3_n2000_ch1.4_s20004,random_PG_2,2,0,0.0,1,True,8.0,-17564.611596234525
equal3_n2000_ch1.4_s20004,random_PG_3,3,0,0.0,1,True,8.0,-17564.611596856616
equal3_n2000_ch1.4_s20004,random_PG_4,4,0,0.0,1,True,9.0,-17564.611611119384
equal3_n2000_ch1.4_s20004,random_PG_5,5,0,0.0,1,True,9.0,-17564.61159911313
equal3_n2000_ch1.4_s20004,random_PG_6,6,0,0.0,1,True,7.0,-17564.611623144527
equal3_n2000_ch1.4_s20004,random_PG_7,7,0,0.0,1,True,7.0,-17564.611611471504
equal3_n2000_ch1.4_s20004,random_PG_8,8,0,0.0,1,True,8.0,-17564.611619331175
equal3_n2000_ch1.4_s20004,random_PG_9,9,0,0.0,1,True,7.0,-17564.61163887833
equal3_n2000_ch1.4_s20004,km_start_PG,-1,0,0.0,1,True,2.0,-17564.611822873638
equal3_n2000_ch1.4_s20004,random_Gaussian_X,0,0,0.0,1,True,15.0,-2991.159129983012
equal3_n2000_ch1.4_s20004,random_H_and_labels_PG,0,10,0.005,0,True,7.0,-204920796834.84872
equal3_n2000_ch1.4_s20004,random_PG_best,2,0,0.0,1,True,8.0,-17564.611596234525
equal3_n2000_ch1.4_s20004,km_X,-1,0,0.0,1,,,
equal3_n2000_ch1.4_s20002,random_PG_0,0,0,0.0,1,True,7.0,-17484.69011509885
equal3_n2000_ch1.4_s20002,random_PG_1,1,796,0.398,0,True,29.0,-30127.210447363963
equal3_n2000_ch1.4_s20002,random_PG_2,2,0,0.0,1,True,8.0,-17484.69012793056
equal3_n2000_ch1.4_s20002,random_PG_3,3,0,0.0,1,True,7.0,-17484.690149220674
equal3_n2000_ch1.4_s20002,random_PG_4,4,0,0.0,1,True,8.0,-17484.690116938873
equal3_n2000_ch1.4_s20002,random_PG_5,5,0,0.0,1,True,9.0,-17484.690099617437
equal3_n2000_ch1.4_s20002,random_PG_6,6,0,0.0,1,True,7.0,-17484.69019608296
equal3_n2000_ch1.4_s20002,random_PG_7,7,0,0.0,1,True,7.0,-17484.69012051504
equal3_n2000_ch1.4_s20002,random_PG_8,8,683,0.3415,0,True,144.0,-37351.27799030737
equal3_n2000_ch1.4_s20002,random_PG_9,9,0,0.0,1,True,8.0,-17484.690103787507
equal3_n2000_ch1.4_s20002,km_start_PG,-1,0,0.0,1,True,3.0,-17484.690109145035
equal3_n2000_ch1.4_s20002,random_Gaussian_X,0,0,0.0,1,True,29.0,-3012.495622483648
equal3_n2000_ch1.4_s20002,random_H_and_labels_PG,0,4,0.002,0,True,5.0,-109338379144.09122
equal3_n2000_ch1.4_s20002,random_PG_best,5,0,0.0,1,True,9.0,-17484.690099617437
equal3_n2000_ch1.4_s20002,km_X,-1,0,0.0,1,,,
heterogeneous3_n1000_ch1.4_s20000,random_PG_0,0,0,0.0,1,True,20.0,-8234.137696444319
heterogeneous3_n1000_ch1.4_s20000,random_PG_1,1,0,0.0,1,True,20.0,-8234.137554380606
heterogeneous3_n1000_ch1.4_s20000,random_PG_2,2,0,0.0,1,True,20.0,-8234.13820642533
heterogeneous3_n1000_ch1.4_s20000,random_PG_3,3,0,0.0,1,True,21.0,-8234.136324913648
heterogeneous3_n1000_ch1.4_s20000,random_PG_4,4,0,0.0,1,True,21.0,-8234.136235485961
heterogeneous3_n1000_ch1.4_s20000,random_PG_5,5,0,0.0,1,True,20.0,-8234.13796720466
heterogeneous3_n1000_ch1.4_s20000,random_PG_6,6,0,0.0,1,True,20.0,-8234.13748109637
heterogeneous3_n1000_ch1.4_s20000,random_PG_7,7,0,0.0,1,True,21.0,-8234.136756363776
heterogeneous3_n1000_ch1.4_s20000,random_PG_8,8,0,0.0,1,True,20.0,-8234.137838882663
heterogeneous3_n1000_ch1.4_s20000,random_PG_9,9,0,0.0,1,True,20.0,-8234.137428001959
heterogeneous3_n1000_ch1.4_s20000,km_start_PG,-1,0,0.0,1,True,13.0,-8234.138587577087
heterogeneous3_n1000_ch1.4_s20000,random_Gaussian_X,0,315,0.315,0,True,42.0,-400.0105121340376
heterogeneous3_n1000_ch1.4_s20000,random_H_and_labels_PG,0,3,0.003,0,True,6.0,-57512777.80016405
heterogeneous3_n1000_ch1.4_s20000,random_PG_best,4,0,0.0,1,True,21.0,-8234.136235485961
heterogeneous3_n1000_ch1.4_s20000,km_X,-1,6,0.006,0,,,
heterogeneous3_n1000_ch0.8_s20000,random_PG_0,0,5,0.005,0,True,35.0,-7829.922076060682
heterogeneous3_n1000_ch0.8_s20000,random_PG_1,1,5,0.005,0,True,36.0,-7829.916137305476
heterogeneous3_n1000_ch0.8_s20000,random_PG_2,2,5,0.005,0,True,36.0,-7829.919618971651
heterogeneous3_n1000_ch0.8_s20000,random_PG_3,3,5,0.005,0,True,37.0,-7829.919780976268
heterogeneous3_n1000_ch0.8_s20000,random_PG_4,4,5,0.005,0,True,37.0,-7829.917096461537
heterogeneous3_n1000_ch0.8_s20000,random_PG_5,5,5,0.005,0,True,36.0,-7829.91914215059
heterogeneous3_n1000_ch0.8_s20000,random_PG_6,6,5,0.005,0,True,35.0,-7829.921815881459
heterogeneous3_n1000_ch0.8_s20000,random_PG_7,7,5,0.005,0,True,36.0,-7829.915477335209
heterogeneous3_n1000_ch0.8_s20000,random_PG_8,8,5,0.005,0,True,36.0,-7829.916975913176
heterogeneous3_n1000_ch0.8_s20000,random_PG_9,9,5,0.005,0,True,35.0,-7829.920262177109
heterogeneous3_n1000_ch0.8_s20000,km_start_PG,-1,5,0.005,0,True,29.0,-7829.925406334745
heterogeneous3_n1000_ch0.8_s20000,random_Gaussian_X,0,297,0.297,0,True,18.0,-513.7833839166881
heterogeneous3_n1000_ch0.8_s20000,random_H_and_labels_PG,0,59,0.059,0,True,7.0,-127337796.52712578
heterogeneous3_n1000_ch0.8_s20000,random_PG_best,7,5,0.005,0,True,36.0,-7829.915477335209
heterogeneous3_n1000_ch0.8_s20000,km_X,-1,28,0.028,0,,,
heterogeneous3_n1000_ch1.4_s20001,random_PG_0,0,0,0.0,1,True,24.0,-8247.872197096693
heterogeneous3_n1000_ch1.4_s20001,random_PG_1,1,0,0.0,1,True,24.0,-8247.872483407627
heterogeneous3_n1000_ch1.4_s20001,random_PG_2,2,0,0.0,1,True,23.0,-8247.874969980023
heterogeneous3_n1000_ch1.4_s20001,random_PG_3,3,0,0.0,1,True,24.0,-8247.871935950598
heterogeneous3_n1000_ch1.4_s20001,random_PG_4,4,0,0.0,1,True,24.0,-8247.871381017676
heterogeneous3_n1000_ch1.4_s20001,random_PG_5,5,0,0.0,1,True,24.0,-8247.871621016937
heterogeneous3_n1000_ch1.4_s20001,random_PG_6,6,0,0.0,1,True,23.0,-8247.873656024552
heterogeneous3_n1000_ch1.4_s20001,random_PG_7,7,0,0.0,1,True,23.0,-8247.873730261595
heterogeneous3_n1000_ch1.4_s20001,random_PG_8,8,0,0.0,1,True,23.0,-8247.873936827764
heterogeneous3_n1000_ch1.4_s20001,random_PG_9,9,0,0.0,1,True,23.0,-8247.873946926147
heterogeneous3_n1000_ch1.4_s20001,km_start_PG,-1,0,0.0,1,True,13.0,-8247.874876536844
heterogeneous3_n1000_ch1.4_s20001,random_Gaussian_X,0,327,0.327,0,True,28.0,-307.71369084801006
heterogeneous3_n1000_ch1.4_s20001,random_H_and_labels_PG,0,0,0.0,1,True,6.0,-5882499637.985165
heterogeneous3_n1000_ch1.4_s20001,random_PG_best,4,0,0.0,1,True,24.0,-8247.871381017676
heterogeneous3_n1000_ch1.4_s20001,km_X,-1,2,0.002,0,,,
heterogeneous3_n1000_ch0.8_s20004,random_PG_0,0,5,0.005,0,True,36.0,-7710.75801106492
heterogeneous3_n1000_ch0.8_s20004,random_PG_1,1,472,0.472,0,True,40.0,-10346.348398712016
heterogeneous3_n1000_ch0.8_s20004,random_PG_2,2,5,0.005,0,True,35.0,-7710.760811241373
heterogeneous3_n1000_ch0.8_s20004,random_PG_3,3,5,0.005,0,True,36.0,-7710.758894609573
heterogeneous3_n1000_ch0.8_s20004,random_PG_4,4,5,0.005,0,True,36.0,-7710.759398689964
heterogeneous3_n1000_ch0.8_s20004,random_PG_5,5,5,0.005,0,True,35.0,-7710.762785649715
heterogeneous3_n1000_ch0.8_s20004,random_PG_6,6,5,0.005,0,True,35.0,-7710.761306908695
heterogeneous3_n1000_ch0.8_s20004,random_PG_7,7,5,0.005,0,True,35.0,-7710.76367811965
heterogeneous3_n1000_ch0.8_s20004,random_PG_8,8,473,0.473,0,True,40.0,-10346.349401316082
heterogeneous3_n1000_ch0.8_s20004,random_PG_9,9,5,0.005,0,True,36.0,-7710.757403541526
heterogeneous3_n1000_ch0.8_s20004,km_start_PG,-1,5,0.005,0,True,22.0,-7710.716980643749
heterogeneous3_n1000_ch0.8_s20004,random_Gaussian_X,0,327,0.327,0,True,24.0,-601.3116305707828
heterogeneous3_n1000_ch0.8_s20004,random_H_and_labels_PG,0,5,0.005,0,True,9.0,-35021071.730765745
heterogeneous3_n1000_ch0.8_s20004,random_PG_best,9,5,0.005,0,True,36.0,-7710.757403541526
heterogeneous3_n1000_ch0.8_s20004,km_X,-1,38,0.038,0,,,
heterogeneous3_n1000_ch0.8_s20002,random_PG_0,0,2,0.002,0,True,39.0,-7726.517380288348
heterogeneous3_n1000_ch0.8_s20002,random_PG_1,1,2,0.002,0,True,39.0,-7726.518213208268
heterogeneous3_n1000_ch0.8_s20002,random_PG_2,2,2,0.002,0,True,39.0,-7726.516851829948
heterogeneous3_n1000_ch0.8_s20002,random_PG_3,3,2,0.002,0,True,40.0,-7726.511641412914
heterogeneous3_n1000_ch0.8_s20002,random_PG_4,4,2,0.002,0,True,40.0,-7726.514763003615
heterogeneous3_n1000_ch0.8_s20002,random_PG_5,5,2,0.002,0,True,40.0,-7726.511546575277
heterogeneous3_n1000_ch0.8_s20002,random_PG_6,6,2,0.002,0,True,40.0,-7726.514121943628
heterogeneous3_n1000_ch0.8_s20002,random_PG_7,7,2,0.002,0,True,40.0,-7726.514424043776
heterogeneous3_n1000_ch0.8_s20002,random_PG_8,8,2,0.002,0,True,40.0,-7726.513706482279
heterogeneous3_n1000_ch0.8_s20002,random_PG_9,9,2,0.002,0,True,40.0,-7726.513257351315
heterogeneous3_n1000_ch0.8_s20002,km_start_PG,-1,2,0.002,0,True,24.0,-7726.467697953977
heterogeneous3_n1000_ch0.8_s20002,random_Gaussian_X,0,478,0.478,0,True,49.0,-916.1187428810576
heterogeneous3_n1000_ch0.8_s20002,random_H_and_labels_PG,0,475,0.475,0,True,11.0,-34875031.97750139
heterogeneous3_n1000_ch0.8_s20002,random_PG_best,5,2,0.002,0,True,40.0,-7726.511546575277
heterogeneous3_n1000_ch0.8_s20002,km_X,-1,25,0.025,0,,,
heterogeneous3_n1000_ch0.8_s20003,random_PG_0,0,4,0.004,0,True,38.0,-7659.812830639124
heterogeneous3_n1000_ch0.8_s20003,random_PG_1,1,4,0.004,0,True,38.0,-7659.81486075576
heterogeneous3_n1000_ch0.8_s20003,random_PG_2,2,4,0.004,0,True,38.0,-7659.810238459806
heterogeneous3_n1000_ch0.8_s20003,random_PG_3,3,4,0.004,0,True,38.0,-7659.810037309546
heterogeneous3_n1000_ch0.8_s20003,random_PG_4,4,4,0.004,0,True,39.0,-7659.814789212471
heterogeneous3_n1000_ch0.8_s20003,random_PG_5,5,4,0.004,0,True,38.0,-7659.81243317342
heterogeneous3_n1000_ch0.8_s20003,random_PG_6,6,4,0.004,0,True,38.0,-7659.81437050464
heterogeneous3_n1000_ch0.8_s20003,random_PG_7,7,4,0.004,0,True,38.0,-7659.809450730741
heterogeneous3_n1000_ch0.8_s20003,random_PG_8,8,4,0.004,0,True,38.0,-7659.813420755829
heterogeneous3_n1000_ch0.8_s20003,random_PG_9,9,4,0.004,0,True,39.0,-7659.807569354365
heterogeneous3_n1000_ch0.8_s20003,km_start_PG,-1,4,0.004,0,True,29.0,-7659.813526323061
heterogeneous3_n1000_ch0.8_s20003,random_Gaussian_X,0,467,0.467,0,True,172.0,-939.4715424668196
heterogeneous3_n1000_ch0.8_s20003,random_H_and_labels_PG,0,2,0.002,0,True,6.0,-85576059.86254591
heterogeneous3_n1000_ch0.8_s20003,random_PG_best,9,4,0.004,0,True,39.0,-7659.807569354365
heterogeneous3_n1000_ch0.8_s20003,km_X,-1,36,0.036,0,,,
heterogeneous3_n1000_ch0.8_s20001,random_PG_0,0,5,0.005,0,True,49.0,-7758.585594878095
heterogeneous3_n1000_ch0.8_s20001,random_PG_1,1,5,0.005,0,True,50.0,-7758.5823181804335
heterogeneous3_n1000_ch0.8_s20001,random_PG_2,2,5,0.005,0,True,49.0,-7758.586902718195
heterogeneous3_n1000_ch0.8_s20001,random_PG_3,3,5,0.005,0,True,49.0,-7758.583814999336
heterogeneous3_n1000_ch0.8_s20001,random_PG_4,4,5,0.005,0,True,49.0,-7758.584798454254
heterogeneous3_n1000_ch0.8_s20001,random_PG_5,5,5,0.005,0,True,49.0,-7758.583480228966
heterogeneous3_n1000_ch0.8_s20001,random_PG_6,6,5,0.005,0,True,48.0,-7758.586911405519
heterogeneous3_n1000_ch0.8_s20001,random_PG_7,7,5,0.005,0,True,48.0,-7758.588748093189
heterogeneous3_n1000_ch0.8_s20001,random_PG_8,8,5,0.005,0,True,49.0,-7758.581823476299
heterogeneous3_n1000_ch0.8_s20001,random_PG_9,9,5,0.005,0,True,49.0,-7758.582714214823
heterogeneous3_n1000_ch0.8_s20001,km_start_PG,-1,5,0.005,0,True,40.0,-7758.586022574093
heterogeneous3_n1000_ch0.8_s20001,random_Gaussian_X,0,318,0.318,0,True,22.0,-264.3635536409374
heterogeneous3_n1000_ch0.8_s20001,random_H_and_labels_PG,0,4,0.004,0,True,7.0,-327147867.1270859
heterogeneous3_n1000_ch0.8_s20001,random_PG_best,8,5,0.005,0,True,49.0,-7758.581823476299
heterogeneous3_n1000_ch0.8_s20001,km_X,-1,17,0.017,0,,,
heterogeneous3_n1000_ch1.4_s20003,random_PG_0,0,0,0.0,1,True,23.0,-10170.772474450809
heterogeneous3_n1000_ch1.4_s20003,random_PG_1,1,487,0.487,0,True,20.0,-12081.6362348262
heterogeneous3_n1000_ch1.4_s20003,random_PG_2,2,0,0.0,1,True,22.0,-10170.774215396925
heterogeneous3_n1000_ch1.4_s20003,random_PG_3,3,0,0.0,1,True,24.0,-10170.773557901332
heterogeneous3_n1000_ch1.4_s20003,random_PG_4,4,487,0.487,0,True,20.0,-12081.635775290404
heterogeneous3_n1000_ch1.4_s20003,random_PG_5,5,487,0.487,0,True,20.0,-12081.635719215004
heterogeneous3_n1000_ch1.4_s20003,random_PG_6,6,0,0.0,1,True,24.0,-10170.773567202456
heterogeneous3_n1000_ch1.4_s20003,random_PG_7,7,0,0.0,1,True,23.0,-10170.77318945109
heterogeneous3_n1000_ch1.4_s20003,random_PG_8,8,0,0.0,1,True,23.0,-10170.772799088589
heterogeneous3_n1000_ch1.4_s20003,random_PG_9,9,0,0.0,1,True,24.0,-10170.772383885022
heterogeneous3_n1000_ch1.4_s20003,km_start_PG,-1,0,0.0,1,True,17.0,-10170.77414514297
heterogeneous3_n1000_ch1.4_s20003,random_Gaussian_X,0,332,0.332,0,True,46.0,-594.3249468223005
heterogeneous3_n1000_ch1.4_s20003,random_H_and_labels_PG,0,0,0.0,1,True,5.0,-124110137.58967865
heterogeneous3_n1000_ch1.4_s20003,random_PG_best,9,0,0.0,1,True,24.0,-10170.772383885022
heterogeneous3_n1000_ch1.4_s20003,km_X,-1,6,0.006,0,,,
heterogeneous3_n1000_ch1.4_s20002,random_PG_0,0,0,0.0,1,True,25.0,-8158.189471536347
heterogeneous3_n1000_ch1.4_s20002,random_PG_1,1,0,0.0,1,True,25.0,-8158.189435096344
heterogeneous3_n1000_ch1.4_s20002,random_PG_2,2,0,0.0,1,True,25.0,-8158.189559231662
heterogeneous3_n1000_ch1.4_s20002,random_PG_3,3,0,0.0,1,True,25.0,-8158.188712479777
heterogeneous3_n1000_ch1.4_s20002,random_PG_4,4,0,0.0,1,True,26.0,-8158.187752865656
heterogeneous3_n1000_ch1.4_s20002,random_PG_5,5,0,0.0,1,True,25.0,-8158.189405274852
heterogeneous3_n1000_ch1.4_s20002,random_PG_6,6,0,0.0,1,True,26.0,-8158.18646046283
heterogeneous3_n1000_ch1.4_s20002,random_PG_7,7,0,0.0,1,True,26.0,-8158.186858452053
heterogeneous3_n1000_ch1.4_s20002,random_PG_8,8,0,0.0,1,True,25.0,-8158.189796361534
heterogeneous3_n1000_ch1.4_s20002,random_PG_9,9,0,0.0,1,True,25.0,-8158.190280707178
heterogeneous3_n1000_ch1.4_s20002,km_start_PG,-1,0,0.0,1,True,14.0,-8158.154681084772
heterogeneous3_n1000_ch1.4_s20002,random_Gaussian_X,0,456,0.456,0,True,71.0,-583.1914814792601
heterogeneous3_n1000_ch1.4_s20002,random_H_and_labels_PG,0,1,0.001,0,True,6.0,-221846772.7463592
heterogeneous3_n1000_ch1.4_s20002,random_PG_best,6,0,0.0,1,True,26.0,-8158.18646046283
heterogeneous3_n1000_ch1.4_s20002,km_X,-1,6,0.006,0,,,
heterogeneous3_n1000_ch1.4_s20004,random_PG_0,0,0,0.0,1,True,21.0,-8180.50095930306
heterogeneous3_n1000_ch1.4_s20004,random_PG_1,1,0,0.0,1,True,20.0,-8180.501770407769
heterogeneous3_n1000_ch1.4_s20004,random_PG_2,2,0,0.0,1,True,20.0,-8180.501631929762
heterogeneous3_n1000_ch1.4_s20004,random_PG_3,3,0,0.0,1,True,20.0,-8180.503304758395
heterogeneous3_n1000_ch1.4_s20004,random_PG_4,4,0,0.0,1,True,20.0,-8180.503278261387
heterogeneous3_n1000_ch1.4_s20004,random_PG_5,5,0,0.0,1,True,20.0,-8180.501898051578
heterogeneous3_n1000_ch1.4_s20004,random_PG_6,6,0,0.0,1,True,20.0,-8180.501505682598
heterogeneous3_n1000_ch1.4_s20004,random_PG_7,7,0,0.0,1,True,20.0,-8180.502292565857
heterogeneous3_n1000_ch1.4_s20004,random_PG_8,8,0,0.0,1,True,20.0,-8180.503035226457
heterogeneous3_n1000_ch1.4_s20004,random_PG_9,9,481,0.481,0,True,17.0,-13210.260223773294
heterogeneous3_n1000_ch1.4_s20004,km_start_PG,-1,0,0.0,1,True,11.0,-8180.501530292678
heterogeneous3_n1000_ch1.4_s20004,random_Gaussian_X,0,332,0.332,0,True,22.0,-698.2560172379856
heterogeneous3_n1000_ch1.4_s20004,random_H_and_labels_PG,0,0,0.0,1,True,6.0,-277058804.72025585
heterogeneous3_n1000_ch1.4_s20004,random_PG_best,0,0,0.0,1,True,21.0,-8180.50095930306
heterogeneous3_n1000_ch1.4_s20004,km_X,-1,6,0.006,0,,,
heterogeneous3_n2000_ch1.4_s20000,random_PG_0,0,0,0.0,1,True,19.0,-16831.652190263892
heterogeneous3_n2000_ch1.4_s20000,random_PG_1,1,0,0.0,1,True,18.0,-16831.65280241538
heterogeneous3_n2000_ch1.4_s20000,random_PG_2,2,0,0.0,1,True,18.0,-16831.654150593407
heterogeneous3_n2000_ch1.4_s20000,random_PG_3,3,0,0.0,1,True,18.0,-16831.65430488484
heterogeneous3_n2000_ch1.4_s20000,random_PG_4,4,0,0.0,1,True,18.0,-16831.65392720634
heterogeneous3_n2000_ch1.4_s20000,random_PG_5,5,0,0.0,1,True,18.0,-16831.654547259153
heterogeneous3_n2000_ch1.4_s20000,random_PG_6,6,0,0.0,1,True,18.0,-16831.65246098061
heterogeneous3_n2000_ch1.4_s20000,random_PG_7,7,0,0.0,1,True,18.0,-16831.653116205634
heterogeneous3_n2000_ch1.4_s20000,random_PG_8,8,0,0.0,1,True,19.0,-16831.65238518049
heterogeneous3_n2000_ch1.4_s20000,random_PG_9,9,0,0.0,1,True,18.0,-16831.654486016705
heterogeneous3_n2000_ch1.4_s20000,km_start_PG,-1,0,0.0,1,True,11.0,-16831.650736681477
heterogeneous3_n2000_ch1.4_s20000,random_Gaussian_X,0,610,0.305,0,True,47.0,-664.9287313997689
heterogeneous3_n2000_ch1.4_s20000,random_H_and_labels_PG,0,0,0.0,1,True,6.0,-45530082978.73396
heterogeneous3_n2000_ch1.4_s20000,random_PG_best,0,0,0.0,1,True,19.0,-16831.652190263892
heterogeneous3_n2000_ch1.4_s20000,km_X,-1,10,0.005,0,,,
heterogeneous3_n2000_ch1.4_s20001,random_PG_0,0,0,0.0,1,True,18.0,-16983.759852016712
heterogeneous3_n2000_ch1.4_s20001,random_PG_1,1,0,0.0,1,True,18.0,-16983.75927426594
heterogeneous3_n2000_ch1.4_s20001,random_PG_2,2,0,0.0,1,True,20.0,-16983.759493221707
heterogeneous3_n2000_ch1.4_s20001,random_PG_3,3,0,0.0,1,True,18.0,-16983.76086795803
heterogeneous3_n2000_ch1.4_s20001,random_PG_4,4,0,0.0,1,True,18.0,-16983.761106314858
heterogeneous3_n2000_ch1.4_s20001,random_PG_5,5,0,0.0,1,True,18.0,-16983.760675585418
heterogeneous3_n2000_ch1.4_s20001,random_PG_6,6,0,0.0,1,True,18.0,-16983.761803671063
heterogeneous3_n2000_ch1.4_s20001,random_PG_7,7,0,0.0,1,True,18.0,-16983.761167258795
heterogeneous3_n2000_ch1.4_s20001,random_PG_8,8,0,0.0,1,True,17.0,-16983.7631560593
heterogeneous3_n2000_ch1.4_s20001,random_PG_9,9,0,0.0,1,True,18.0,-16983.760093747787
heterogeneous3_n2000_ch1.4_s20001,km_start_PG,-1,0,0.0,1,True,10.0,-16983.757496880644
heterogeneous3_n2000_ch1.4_s20001,random_Gaussian_X,0,580,0.29,0,True,98.0,-869.5062802084719
heterogeneous3_n2000_ch1.4_s20001,random_H_and_labels_PG,0,112,0.056,0,True,9.0,-106399323346.38995
heterogeneous3_n2000_ch1.4_s20001,random_PG_best,1,0,0.0,1,True,18.0,-16983.75927426594
heterogeneous3_n2000_ch1.4_s20001,km_X,-1,6,0.003,0,,,
heterogeneous3_n2000_ch1.4_s20002,random_PG_0,0,0,0.0,1,True,23.0,-16894.92484809653
heterogeneous3_n2000_ch1.4_s20002,random_PG_1,1,0,0.0,1,True,23.0,-16894.92546179838
heterogeneous3_n2000_ch1.4_s20002,random_PG_2,2,0,0.0,1,True,23.0,-16894.926698614985
heterogeneous3_n2000_ch1.4_s20002,random_PG_3,3,0,0.0,1,True,23.0,-16894.92711026923
heterogeneous3_n2000_ch1.4_s20002,random_PG_4,4,0,0.0,1,True,24.0,-16894.92284833513
heterogeneous3_n2000_ch1.4_s20002,random_PG_5,5,932,0.466,0,True,21.0,-28222.25504093361
heterogeneous3_n2000_ch1.4_s20002,random_PG_6,6,0,0.0,1,True,24.0,-16894.923504533548
heterogeneous3_n2000_ch1.4_s20002,random_PG_7,7,0,0.0,1,True,23.0,-16894.92475020294
heterogeneous3_n2000_ch1.4_s20002,random_PG_8,8,0,0.0,1,True,23.0,-16894.927875837064
heterogeneous3_n2000_ch1.4_s20002,random_PG_9,9,0,0.0,1,True,23.0,-16894.92588419911
heterogeneous3_n2000_ch1.4_s20002,km_start_PG,-1,0,0.0,1,True,14.0,-16894.924235068225
heterogeneous3_n2000_ch1.4_s20002,random_Gaussian_X,0,2,0.001,0,True,34.0,81.42206186239704
heterogeneous3_n2000_ch1.4_s20002,random_H_and_labels_PG,0,53,0.0265,0,True,10.0,-5086279879.879751
heterogeneous3_n2000_ch1.4_s20002,random_PG_best,4,0,0.0,1,True,24.0,-16894.92284833513
heterogeneous3_n2000_ch1.4_s20002,km_X,-1,10,0.005,0,,,
heterogeneous3_n2000_ch0.8_s20002,random_PG_0,0,5,0.0025,0,True,35.0,-15824.132089624763
heterogeneous3_n2000_ch0.8_s20002,random_PG_1,1,5,0.0025,0,True,35.0,-15824.129274573494
heterogeneous3_n2000_ch0.8_s20002,random_PG_2,2,5,0.0025,0,True,37.0,-15824.117067236328
heterogeneous3_n2000_ch0.8_s20002,random_PG_3,3,5,0.0025,0,True,35.0,-15824.1339148611
heterogeneous3_n2000_ch0.8_s20002,random_PG_4,4,5,0.0025,0,True,35.0,-15824.13507646095
heterogeneous3_n2000_ch0.8_s20002,random_PG_5,5,993,0.4965,0,True,33.0,-21710.86045197866
heterogeneous3_n2000_ch0.8_s20002,random_PG_6,6,5,0.0025,0,True,37.0,-15824.120014629152
heterogeneous3_n2000_ch0.8_s20002,random_PG_7,7,5,0.0025,0,True,35.0,-15824.133215378017
heterogeneous3_n2000_ch0.8_s20002,random_PG_8,8,5,0.0025,0,True,36.0,-15824.121053977668
heterogeneous3_n2000_ch0.8_s20002,random_PG_9,9,5,0.0025,0,True,35.0,-15824.134006920322
heterogeneous3_n2000_ch0.8_s20002,km_start_PG,-1,5,0.0025,0,True,26.0,-15824.113818999373
heterogeneous3_n2000_ch0.8_s20002,random_Gaussian_X,0,958,0.479,0,True,137.0,-1970.3254737781888
heterogeneous3_n2000_ch0.8_s20002,random_H_and_labels_PG,0,849,0.4245,0,True,7.0,-95713698.44571242
heterogeneous3_n2000_ch0.8_s20002,random_PG_best,2,5,0.0025,0,True,37.0,-15824.117067236328
heterogeneous3_n2000_ch0.8_s20002,km_X,-1,45,0.0225,0,,,
heterogeneous3_n2000_ch0.8_s20000,random_PG_0,0,9,0.0045,0,True,41.0,-15615.439107242442
heterogeneous3_n2000_ch0.8_s20000,random_PG_1,1,9,0.0045,0,True,41.0,-15615.42808373701
heterogeneous3_n2000_ch0.8_s20000,random_PG_2,2,9,0.0045,0,True,41.0,-15615.432492804954
heterogeneous3_n2000_ch0.8_s20000,random_PG_3,3,9,0.0045,0,True,41.0,-15615.436967408295
heterogeneous3_n2000_ch0.8_s20000,random_PG_4,4,9,0.0045,0,True,41.0,-15615.429621676012
heterogeneous3_n2000_ch0.8_s20000,random_PG_5,5,9,0.0045,0,True,42.0,-15615.432594850445
heterogeneous3_n2000_ch0.8_s20000,random_PG_6,6,9,0.0045,0,True,41.0,-15615.427641525232
heterogeneous3_n2000_ch0.8_s20000,random_PG_7,7,9,0.0045,0,True,41.0,-15615.431155305349
heterogeneous3_n2000_ch0.8_s20000,random_PG_8,8,9,0.0045,0,True,41.0,-15615.431954054196
heterogeneous3_n2000_ch0.8_s20000,random_PG_9,9,9,0.0045,0,True,41.0,-15615.434278537756
heterogeneous3_n2000_ch0.8_s20000,km_start_PG,-1,9,0.0045,0,True,34.0,-15615.430968325878
heterogeneous3_n2000_ch0.8_s20000,random_Gaussian_X,0,849,0.4245,0,True,75.0,-1861.1074983724525
heterogeneous3_n2000_ch0.8_s20000,random_H_and_labels_PG,0,9,0.0045,0,True,7.0,-4472131401.192981
heterogeneous3_n2000_ch0.8_s20000,random_PG_best,6,9,0.0045,0,True,41.0,-15615.427641525232
heterogeneous3_n2000_ch0.8_s20000,km_X,-1,55,0.0275,0,,,
heterogeneous3_n2000_ch0.8_s20004,random_PG_0,0,925,0.4625,0,True,34.0,-21476.27050332116
heterogeneous3_n2000_ch0.8_s20004,random_PG_1,1,10,0.005,0,True,39.0,-15921.480109167403
heterogeneous3_n2000_ch0.8_s20004,random_PG_2,2,10,0.005,0,True,39.0,-15921.483697773376
heterogeneous3_n2000_ch0.8_s20004,random_PG_3,3,10,0.005,0,True,39.0,-15921.483655906772
heterogeneous3_n2000_ch0.8_s20004,random_PG_4,4,10,0.005,0,True,41.0,-15921.478902249482
heterogeneous3_n2000_ch0.8_s20004,random_PG_5,5,10,0.005,0,True,39.0,-15921.482826489526
heterogeneous3_n2000_ch0.8_s20004,random_PG_6,6,10,0.005,0,True,38.0,-15921.485242192091
heterogeneous3_n2000_ch0.8_s20004,random_PG_7,7,10,0.005,0,True,39.0,-15921.478264296013
heterogeneous3_n2000_ch0.8_s20004,random_PG_8,8,924,0.462,0,True,33.0,-21476.276326915715
heterogeneous3_n2000_ch0.8_s20004,random_PG_9,9,10,0.005,0,True,39.0,-15921.482258916025
heterogeneous3_n2000_ch0.8_s20004,km_start_PG,-1,10,0.005,0,True,33.0,-15921.484657795609
heterogeneous3_n2000_ch0.8_s20004,random_Gaussian_X,0,627,0.3135,0,True,41.0,-668.610981952169
heterogeneous3_n2000_ch0.8_s20004,random_H_and_labels_PG,0,13,0.0065,0,True,7.0,-5577413430.471596
heterogeneous3_n2000_ch0.8_s20004,random_PG_best,7,10,0.005,0,True,39.0,-15921.478264296013
heterogeneous3_n2000_ch0.8_s20004,km_X,-1,47,0.0235,0,,,
heterogeneous3_n2000_ch0.8_s20001,random_PG_0,0,5,0.0025,0,True,43.0,-15965.233043208347
heterogeneous3_n2000_ch0.8_s20001,random_PG_1,1,5,0.0025,0,True,43.0,-15965.22949850775
heterogeneous3_n2000_ch0.8_s20001,random_PG_2,2,907,0.4535,0,True,40.0,-21727.76657691865
heterogeneous3_n2000_ch0.8_s20001,random_PG_3,3,5,0.0025,0,True,43.0,-15965.233615442266
heterogeneous3_n2000_ch0.8_s20001,random_PG_4,4,5,0.0025,0,True,43.0,-15965.236364075878
heterogeneous3_n2000_ch0.8_s20001,random_PG_5,5,5,0.0025,0,True,44.0,-15965.221281652408
heterogeneous3_n2000_ch0.8_s20001,random_PG_6,6,5,0.0025,0,True,43.0,-15965.235062283922
heterogeneous3_n2000_ch0.8_s20001,random_PG_7,7,5,0.0025,0,True,43.0,-15965.234905085135
heterogeneous3_n2000_ch0.8_s20001,random_PG_8,8,5,0.0025,0,True,43.0,-15965.230388263548
heterogeneous3_n2000_ch0.8_s20001,random_PG_9,9,5,0.0025,0,True,43.0,-15965.231160221188
heterogeneous3_n2000_ch0.8_s20001,km_start_PG,-1,5,0.0025,0,True,34.0,-15965.225987719092
heterogeneous3_n2000_ch0.8_s20001,random_Gaussian_X,0,887,0.4435,0,True,135.0,-1817.3180867211224
heterogeneous3_n2000_ch0.8_s20001,random_H_and_labels_PG,0,18,0.009,0,True,9.0,-9344425541.242432
heterogeneous3_n2000_ch0.8_s20001,random_PG_best,5,5,0.0025,0,True,44.0,-15965.221281652408
heterogeneous3_n2000_ch0.8_s20001,km_X,-1,44,0.022,0,,,
heterogeneous3_n2000_ch0.8_s20003,random_PG_0,0,6,0.003,0,True,42.0,-15690.79022979674
heterogeneous3_n2000_ch0.8_s20003,random_PG_1,1,6,0.003,0,True,42.0,-15690.791889178903
heterogeneous3_n2000_ch0.8_s20003,random_PG_2,2,6,0.003,0,True,42.0,-15690.791171766474
heterogeneous3_n2000_ch0.8_s20003,random_PG_3,3,6,0.003,0,True,42.0,-15690.78367802021
heterogeneous3_n2000_ch0.8_s20003,random_PG_4,4,6,0.003,0,True,42.0,-15690.788076723791
heterogeneous3_n2000_ch0.8_s20003,random_PG_5,5,6,0.003,0,True,42.0,-15690.793696320918
heterogeneous3_n2000_ch0.8_s20003,random_PG_6,6,6,0.003,0,True,42.0,-15690.790080365554
heterogeneous3_n2000_ch0.8_s20003,random_PG_7,7,6,0.003,0,True,42.0,-15690.78978347026
heterogeneous3_n2000_ch0.8_s20003,random_PG_8,8,6,0.003,0,True,43.0,-15690.780056816688
heterogeneous3_n2000_ch0.8_s20003,random_PG_9,9,6,0.003,0,True,43.0,-15690.779882643492
heterogeneous3_n2000_ch0.8_s20003,km_start_PG,-1,6,0.003,0,True,31.0,-15690.77509161038
heterogeneous3_n2000_ch0.8_s20003,random_Gaussian_X,0,873,0.4365,0,True,171.0,-1829.3846956187767
heterogeneous3_n2000_ch0.8_s20003,random_H_and_labels_PG,0,1008,0.504,0,True,9.0,-2879779293.9932013
heterogeneous3_n2000_ch0.8_s20003,random_PG_best,9,6,0.003,0,True,43.0,-15690.779882643492
heterogeneous3_n2000_ch0.8_s20003,km_X,-1,35,0.0175,0,,,
heterogeneous3_n2000_ch1.4_s20003,random_PG_0,0,1,0.0005,0,True,20.0,-16702.628947502155
heterogeneous3_n2000_ch1.4_s20003,random_PG_1,1,987,0.4935,0,True,24.0,-28067.14657153551
heterogeneous3_n2000_ch1.4_s20003,random_PG_2,2,1,0.0005,0,True,20.0,-16702.626612278284
heterogeneous3_n2000_ch1.4_s20003,random_PG_3,3,1,0.0005,0,True,19.0,-16702.63029720732
heterogeneous3_n2000_ch1.4_s20003,random_PG_4,4,1,0.0005,0,True,20.0,-16702.62652752854
heterogeneous3_n2000_ch1.4_s20003,random_PG_5,5,1,0.0005,0,True,20.0,-16702.62825065999
heterogeneous3_n2000_ch1.4_s20003,random_PG_6,6,1,0.0005,0,True,20.0,-16702.627921803974
heterogeneous3_n2000_ch1.4_s20003,random_PG_7,7,1,0.0005,0,True,20.0,-16702.626797483055
heterogeneous3_n2000_ch1.4_s20003,random_PG_8,8,1,0.0005,0,True,20.0,-16702.62854888989
heterogeneous3_n2000_ch1.4_s20003,random_PG_9,9,1,0.0005,0,True,20.0,-16702.62876988003
heterogeneous3_n2000_ch1.4_s20003,km_start_PG,-1,1,0.0005,0,True,11.0,-16702.624402068832
heterogeneous3_n2000_ch1.4_s20003,random_Gaussian_X,0,666,0.333,0,True,29.0,-1176.4143081373882
heterogeneous3_n2000_ch1.4_s20003,random_H_and_labels_PG,0,18,0.009,0,True,7.0,-16148080869.952131
heterogeneous3_n2000_ch1.4_s20003,random_PG_best,4,1,0.0005,0,True,20.0,-16702.62652752854
heterogeneous3_n2000_ch1.4_s20003,km_X,-1,10,0.005,0,,,
heterogeneous3_n2000_ch1.4_s20004,random_PG_0,0,1,0.0005,0,True,21.0,-16937.052547599193
heterogeneous3_n2000_ch1.4_s20004,random_PG_1,1,1,0.0005,0,True,19.0,-16937.05252816872
heterogeneous3_n2000_ch1.4_s20004,random_PG_2,2,1,0.0005,0,True,19.0,-16937.054474571225
heterogeneous3_n2000_ch1.4_s20004,random_PG_3,3,1,0.0005,0,True,19.0,-16937.055276125095
heterogeneous3_n2000_ch1.4_s20004,random_PG_4,4,1,0.0005,0,True,21.0,-16937.052156241236
heterogeneous3_n2000_ch1.4_s20004,random_PG_5,5,1,0.0005,0,True,19.0,-16937.053078830722
heterogeneous3_n2000_ch1.4_s20004,random_PG_6,6,1,0.0005,0,True,19.0,-16937.052582399872
heterogeneous3_n2000_ch1.4_s20004,random_PG_7,7,1,0.0005,0,True,19.0,-16937.052591387725
heterogeneous3_n2000_ch1.4_s20004,random_PG_8,8,978,0.489,0,True,26.0,-27915.057973606745
heterogeneous3_n2000_ch1.4_s20004,random_PG_9,9,1,0.0005,0,True,20.0,-16937.052670599776
heterogeneous3_n2000_ch1.4_s20004,km_start_PG,-1,1,0.0005,0,True,11.0,-16937.048826649654
heterogeneous3_n2000_ch1.4_s20004,random_Gaussian_X,0,638,0.319,0,True,58.0,-697.1804404158247
heterogeneous3_n2000_ch1.4_s20004,random_H_and_labels_PG,0,907,0.4535,0,True,20.0,-24562935502.76091
heterogeneous3_n2000_ch1.4_s20004,random_PG_best,4,1,0.0005,0,True,21.0,-16937.052156241236
heterogeneous3_n2000_ch1.4_s20004,km_X,-1,8,0.004,0,,,
hierarchical4_n1000_ch0.8_s20001,random_PG_0,0,1,0.001,0,True,20.0,-9043.53647804352
hierarchical4_n1000_ch0.8_s20001,random_PG_1,1,1,0.001,0,True,16.0,-9043.538635093795
hierarchical4_n1000_ch0.8_s20001,random_PG_2,2,1,0.001,0,True,16.0,-9043.538909631094
hierarchical4_n1000_ch0.8_s20001,random_PG_3,3,1,0.001,0,True,17.0,-9043.53719722911
hierarchical4_n1000_ch0.8_s20001,random_PG_4,4,1,0.001,0,True,17.0,-9043.538125770903
hierarchical4_n1000_ch0.8_s20001,random_PG_5,5,1,0.001,0,True,16.0,-9043.53851238739
hierarchical4_n1000_ch0.8_s20001,random_PG_6,6,304,0.304,0,True,51.0,-11299.617492353198
hierarchical4_n1000_ch0.8_s20001,random_PG_7,7,1,0.001,0,True,17.0,-9043.537563951031
hierarchical4_n1000_ch0.8_s20001,random_PG_8,8,1,0.001,0,True,17.0,-9043.53740783148
hierarchical4_n1000_ch0.8_s20001,random_PG_9,9,1,0.001,0,True,17.0,-9043.537115571877
hierarchical4_n1000_ch0.8_s20001,km_start_PG,-1,1,0.001,0,True,11.0,-9043.53878989733
hierarchical4_n1000_ch0.8_s20001,random_Gaussian_X,0,2,0.002,0,True,52.0,-1752.9621996564929
hierarchical4_n1000_ch0.8_s20001,random_H_and_labels_PG,0,32,0.032,0,True,10.0,-317164164.5628559
hierarchical4_n1000_ch0.8_s20001,random_PG_best,0,1,0.001,0,True,20.0,-9043.53647804352
hierarchical4_n1000_ch0.8_s20001,km_X,-1,1,0.001,0,,,
hierarchical4_n1000_ch1.4_s20000,random_PG_0,0,0,0.0,1,True,11.0,-9980.354035691294
hierarchical4_n1000_ch1.4_s20000,random_PG_1,1,0,0.0,1,True,13.0,-9980.353887422756
hierarchical4_n1000_ch1.4_s20000,random_PG_2,2,0,0.0,1,True,11.0,-9980.354177908976
hierarchical4_n1000_ch1.4_s20000,random_PG_3,3,0,0.0,1,True,12.0,-9980.353909476658
hierarchical4_n1000_ch1.4_s20000,random_PG_4,4,0,0.0,1,True,11.0,-9980.354149424584
hierarchical4_n1000_ch1.4_s20000,random_PG_5,5,0,0.0,1,True,11.0,-9980.354105007918
hierarchical4_n1000_ch1.4_s20000,random_PG_6,6,0,0.0,1,True,11.0,-9980.354470771126
hierarchical4_n1000_ch1.4_s20000,random_PG_7,7,0,0.0,1,True,11.0,-9980.354113208765
hierarchical4_n1000_ch1.4_s20000,random_PG_8,8,253,0.253,0,True,37.0,-14168.204444548945
hierarchical4_n1000_ch1.4_s20000,random_PG_9,9,0,0.0,1,True,11.0,-9980.354108170974
hierarchical4_n1000_ch1.4_s20000,km_start_PG,-1,0,0.0,1,True,6.0,-9980.35445055641
hierarchical4_n1000_ch1.4_s20000,random_Gaussian_X,0,0,0.0,1,True,47.0,-983.505225218422
hierarchical4_n1000_ch1.4_s20000,random_H_and_labels_PG,0,0,0.0,1,True,5.0,-63938171.09386209
hierarchical4_n1000_ch1.4_s20000,random_PG_best,1,0,0.0,1,True,13.0,-9980.353887422756
hierarchical4_n1000_ch1.4_s20000,km_X,-1,0,0.0,1,,,
hierarchical4_n1000_ch0.8_s20003,random_PG_0,0,0,0.0,1,True,15.0,-9046.997711012673
hierarchical4_n1000_ch0.8_s20003,random_PG_1,1,0,0.0,1,True,17.0,-9046.9972216613
hierarchical4_n1000_ch0.8_s20003,random_PG_2,2,0,0.0,1,True,17.0,-9046.996831663691
hierarchical4_n1000_ch0.8_s20003,random_PG_3,3,0,0.0,1,True,19.0,-9046.996333591584
hierarchical4_n1000_ch0.8_s20003,random_PG_4,4,0,0.0,1,True,16.0,-9046.996980142843
hierarchical4_n1000_ch0.8_s20003,random_PG_5,5,0,0.0,1,True,15.0,-9046.99841491566
hierarchical4_n1000_ch0.8_s20003,random_PG_6,6,0,0.0,1,True,16.0,-9046.996730852969
hierarchical4_n1000_ch0.8_s20003,random_PG_7,7,0,0.0,1,True,17.0,-9046.99618163874
hierarchical4_n1000_ch0.8_s20003,random_PG_8,8,0,0.0,1,True,16.0,-9046.9966373867
hierarchical4_n1000_ch0.8_s20003,random_PG_9,9,0,0.0,1,True,15.0,-9046.997443683473
hierarchical4_n1000_ch0.8_s20003,km_start_PG,-1,0,0.0,1,True,10.0,-9046.997979887652
hierarchical4_n1000_ch0.8_s20003,random_Gaussian_X,0,0,0.0,1,True,15.0,-1700.314022221804
hierarchical4_n1000_ch0.8_s20003,random_H_and_labels_PG,0,53,0.053,0,True,14.0,-152887548.6615389
hierarchical4_n1000_ch0.8_s20003,random_PG_best,7,0,0.0,1,True,17.0,-9046.99618163874
hierarchical4_n1000_ch0.8_s20003,km_X,-1,0,0.0,1,,,
hierarchical4_n1000_ch1.4_s20001,random_PG_0,0,250,0.25,0,True,42.0,-14030.37867231058
hierarchical4_n1000_ch1.4_s20001,random_PG_1,1,0,0.0,1,True,11.0,-9838.912548891274
hierarchical4_n1000_ch1.4_s20001,random_PG_2,2,0,0.0,1,True,12.0,-9838.912020573944
hierarchical4_n1000_ch1.4_s20001,random_PG_3,3,0,0.0,1,True,12.0,-9838.911996380302
hierarchical4_n1000_ch1.4_s20001,random_PG_4,4,0,0.0,1,True,12.0,-9838.912324255636
hierarchical4_n1000_ch1.4_s20001,random_PG_5,5,0,0.0,1,True,11.0,-9838.91245033598
hierarchical4_n1000_ch1.4_s20001,random_PG_6,6,250,0.25,0,True,22.0,-14030.31152711345
hierarchical4_n1000_ch1.4_s20001,random_PG_7,7,0,0.0,1,True,12.0,-9838.912169019424
hierarchical4_n1000_ch1.4_s20001,random_PG_8,8,0,0.0,1,True,12.0,-9838.912108270835
hierarchical4_n1000_ch1.4_s20001,random_PG_9,9,0,0.0,1,True,11.0,-9838.912501275983
hierarchical4_n1000_ch1.4_s20001,km_start_PG,-1,0,0.0,1,True,7.0,-9838.912307322527
hierarchical4_n1000_ch1.4_s20001,random_Gaussian_X,0,0,0.0,1,True,24.0,-886.0502626749105
hierarchical4_n1000_ch1.4_s20001,random_H_and_labels_PG,0,176,0.176,0,True,11.0,-6764447818.591968
hierarchical4_n1000_ch1.4_s20001,random_PG_best,3,0,0.0,1,True,12.0,-9838.911996380302
hierarchical4_n1000_ch1.4_s20001,km_X,-1,0,0.0,1,,,
hierarchical4_n1000_ch0.8_s20002,random_PG_0,0,0,0.0,1,True,15.0,-9095.477616294009
hierarchical4_n1000_ch0.8_s20002,random_PG_1,1,0,0.0,1,True,15.0,-9095.477559175455
hierarchical4_n1000_ch0.8_s20002,random_PG_2,2,0,0.0,1,True,15.0,-9095.47841941886
hierarchical4_n1000_ch0.8_s20002,random_PG_3,3,0,0.0,1,True,130.0,-9095.47673260987
hierarchical4_n1000_ch0.8_s20002,random_PG_4,4,0,0.0,1,True,15.0,-9095.477204402912
hierarchical4_n1000_ch0.8_s20002,random_PG_5,5,0,0.0,1,True,16.0,-9095.47679454926
hierarchical4_n1000_ch0.8_s20002,random_PG_6,6,0,0.0,1,True,17.0,-9095.476826741726
hierarchical4_n1000_ch0.8_s20002,random_PG_7,7,0,0.0,1,True,15.0,-9095.477904127569
hierarchical4_n1000_ch0.8_s20002,random_PG_8,8,307,0.307,0,True,53.0,-11316.399142811628
hierarchical4_n1000_ch0.8_s20002,random_PG_9,9,0,0.0,1,True,15.0,-9095.477610136257
hierarchical4_n1000_ch0.8_s20002,km_start_PG,-1,0,0.0,1,True,9.0,-9095.479740412982
hierarchical4_n1000_ch0.8_s20002,random_Gaussian_X,0,0,0.0,1,True,38.0,-1741.280290023221
hierarchical4_n1000_ch0.8_s20002,random_H_and_labels_PG,0,1,0.001,0,True,7.0,-42928273.0693885
hierarchical4_n1000_ch0.8_s20002,random_PG_best,3,0,0.0,1,True,130.0,-9095.47673260987
hierarchical4_n1000_ch0.8_s20002,km_X,-1,0,0.0,1,,,
hierarchical4_n1000_ch1.4_s20002,random_PG_0,0,0,0.0,1,True,11.0,-9911.062348385243
hierarchical4_n1000_ch1.4_s20002,random_PG_1,1,0,0.0,1,True,11.0,-9911.06230855428
hierarchical4_n1000_ch1.4_s20002,random_PG_2,2,0,0.0,1,True,11.0,-9911.062580745369
hierarchical4_n1000_ch1.4_s20002,random_PG_3,3,251,0.251,0,True,106.0,-14100.832161179856
hierarchical4_n1000_ch1.4_s20002,random_PG_4,4,0,0.0,1,True,11.0,-9911.062304203046
hierarchical4_n1000_ch1.4_s20002,random_PG_5,5,0,0.0,1,True,11.0,-9911.062277211257
hierarchical4_n1000_ch1.4_s20002,random_PG_6,6,0,0.0,1,True,11.0,-9911.062338804895
hierarchical4_n1000_ch1.4_s20002,random_PG_7,7,0,0.0,1,True,11.0,-9911.06241271364
hierarchical4_n1000_ch1.4_s20002,random_PG_8,8,0,0.0,1,True,12.0,-9911.062109218754
hierarchical4_n1000_ch1.4_s20002,random_PG_9,9,0,0.0,1,True,11.0,-9911.062344698885
hierarchical4_n1000_ch1.4_s20002,km_start_PG,-1,0,0.0,1,True,6.0,-9911.062557331828
hierarchical4_n1000_ch1.4_s20002,random_Gaussian_X,0,0,0.0,1,True,13.0,-900.841371912992
hierarchical4_n1000_ch1.4_s20002,random_H_and_labels_PG,0,1,0.001,0,True,4.0,-299589207.7665803
hierarchical4_n1000_ch1.4_s20002,random_PG_best,8,0,0.0,1,True,12.0,-9911.062109218754
hierarchical4_n1000_ch1.4_s20002,km_X,-1,0,0.0,1,,,
hierarchical4_n1000_ch1.4_s20003,random_PG_0,0,0,0.0,1,True,11.0,-9815.97342379929
hierarchical4_n1000_ch1.4_s20003,random_PG_1,1,0,0.0,1,True,12.0,-9815.973225198706
hierarchical4_n1000_ch1.4_s20003,random_PG_2,2,250,0.25,0,True,35.0,-14183.87111938975
hierarchical4_n1000_ch1.4_s20003,random_PG_3,3,0,0.0,1,True,11.0,-9815.973508904775
hierarchical4_n1000_ch1.4_s20003,random_PG_4,4,0,0.0,1,True,11.0,-9815.9735099078
hierarchical4_n1000_ch1.4_s20003,random_PG_5,5,269,0.269,0,True,27.0,-13924.63364331323
hierarchical4_n1000_ch1.4_s20003,random_PG_6,6,0,0.0,1,True,12.0,-9815.973137211658
hierarchical4_n1000_ch1.4_s20003,random_PG_7,7,253,0.253,0,True,34.0,-13923.151181764171
hierarchical4_n1000_ch1.4_s20003,random_PG_8,8,0,0.0,1,True,11.0,-9815.973421978695
hierarchical4_n1000_ch1.4_s20003,random_PG_9,9,0,0.0,1,True,11.0,-9815.973409277463
hierarchical4_n1000_ch1.4_s20003,km_start_PG,-1,0,0.0,1,True,6.0,-9815.973929770204
hierarchical4_n1000_ch1.4_s20003,random_Gaussian_X,0,0,0.0,1,True,23.0,-825.5275395189981
hierarchical4_n1000_ch1.4_s20003,random_H_and_labels_PG,0,1,0.001,0,True,5.0,-159239408.8160101
hierarchical4_n1000_ch1.4_s20003,random_PG_best,6,0,0.0,1,True,12.0,-9815.973137211658
hierarchical4_n1000_ch1.4_s20003,km_X,-1,0,0.0,1,,,
hierarchical4_n1000_ch0.8_s20000,random_PG_0,0,3,0.003,0,True,15.0,-9227.5180041606
hierarchical4_n1000_ch0.8_s20000,random_PG_1,1,307,0.307,0,True,187.0,-11557.492891896496
hierarchical4_n1000_ch0.8_s20000,random_PG_2,2,3,0.003,0,True,15.0,-9227.518426408438
hierarchical4_n1000_ch0.8_s20000,random_PG_3,3,3,0.003,0,True,16.0,-9227.517149035972
hierarchical4_n1000_ch0.8_s20000,random_PG_4,4,3,0.003,0,True,16.0,-9227.517223624349
hierarchical4_n1000_ch0.8_s20000,random_PG_5,5,3,0.003,0,True,15.0,-9227.517808839932
hierarchical4_n1000_ch0.8_s20000,random_PG_6,6,3,0.003,0,True,16.0,-9227.51750632492
hierarchical4_n1000_ch0.8_s20000,random_PG_7,7,3,0.003,0,True,16.0,-9227.516904783048
hierarchical4_n1000_ch0.8_s20000,random_PG_8,8,307,0.307,0,True,175.0,-11557.493852236716
hierarchical4_n1000_ch0.8_s20000,random_PG_9,9,3,0.003,0,True,15.0,-9227.51779228851
hierarchical4_n1000_ch0.8_s20000,km_start_PG,-1,3,0.003,0,True,10.0,-9227.518018131275
hierarchical4_n1000_ch0.8_s20000,random_Gaussian_X,0,273,0.273,0,True,30.0,-2202.211682248432
hierarchical4_n1000_ch0.8_s20000,random_H_and_labels_PG,0,3,0.003,0,True,5.0,-37228932.4233946
hierarchical4_n1000_ch0.8_s20000,random_PG_best,7,3,0.003,0,True,16.0,-9227.516904783048
hierarchical4_n1000_ch0.8_s20000,km_X,-1,3,0.003,0,,,
hierarchical4_n1000_ch0.8_s20004,random_PG_0,0,1,0.001,0,True,15.0,-9221.325872354362
hierarchical4_n1000_ch0.8_s20004,random_PG_1,1,1,0.001,0,True,17.0,-9221.325305713375
hierarchical4_n1000_ch0.8_s20004,random_PG_2,2,1,0.001,0,True,16.0,-9221.325409182107
hierarchical4_n1000_ch0.8_s20004,random_PG_3,3,1,0.001,0,True,15.0,-9221.326352759195
hierarchical4_n1000_ch0.8_s20004,random_PG_4,4,1,0.001,0,True,15.0,-9221.326112671051
hierarchical4_n1000_ch0.8_s20004,random_PG_5,5,342,0.342,0,True,18.0,-11425.637741458746
hierarchical4_n1000_ch0.8_s20004,random_PG_6,6,254,0.254,0,True,218.0,-11518.570235385838
hierarchical4_n1000_ch0.8_s20004,random_PG_7,7,1,0.001,0,True,15.0,-9221.326571266683
hierarchical4_n1000_ch0.8_s20004,random_PG_8,8,1,0.001,0,True,14.0,-9221.32796393367
hierarchical4_n1000_ch0.8_s20004,random_PG_9,9,1,0.001,0,True,16.0,-9221.325324050917
hierarchical4_n1000_ch0.8_s20004,km_start_PG,-1,1,0.001,0,True,10.0,-9221.326040662576
hierarchical4_n1000_ch0.8_s20004,random_Gaussian_X,0,1,0.001,0,True,26.0,-1787.2069357876433
hierarchical4_n1000_ch0.8_s20004,random_H_and_labels_PG,0,9,0.009,0,True,10.0,-64884181.15205142
hierarchical4_n1000_ch0.8_s20004,random_PG_best,1,1,0.001,0,True,17.0,-9221.325305713375
hierarchical4_n1000_ch0.8_s20004,km_X,-1,1,0.001,0,,,
hierarchical4_n1000_ch1.4_s20004,random_PG_0,0,0,0.0,1,True,11.0,-9855.315883318814
hierarchical4_n1000_ch1.4_s20004,random_PG_1,1,0,0.0,1,True,11.0,-9855.316035784155
hierarchical4_n1000_ch1.4_s20004,random_PG_2,2,0,0.0,1,True,12.0,-9855.315773228323
hierarchical4_n1000_ch1.4_s20004,random_PG_3,3,0,0.0,1,True,11.0,-9855.316184036668
hierarchical4_n1000_ch1.4_s20004,random_PG_4,4,0,0.0,1,True,11.0,-9855.316023848743
hierarchical4_n1000_ch1.4_s20004,random_PG_5,5,258,0.258,0,True,34.0,-14004.756877825475
hierarchical4_n1000_ch1.4_s20004,random_PG_6,6,303,0.303,0,True,26.0,-14117.523116995077
hierarchical4_n1000_ch1.4_s20004,random_PG_7,7,0,0.0,1,True,11.0,-9855.316000759052
hierarchical4_n1000_ch1.4_s20004,random_PG_8,8,0,0.0,1,True,11.0,-9855.315991900938
hierarchical4_n1000_ch1.4_s20004,random_PG_9,9,258,0.258,0,True,58.0,-16809.409480787825
hierarchical4_n1000_ch1.4_s20004,km_start_PG,-1,0,0.0,1,True,6.0,-9855.316335972762
hierarchical4_n1000_ch1.4_s20004,random_Gaussian_X,0,0,0.0,1,True,27.0,-913.1206864080732
hierarchical4_n1000_ch1.4_s20004,random_H_and_labels_PG,0,365,0.365,0,True,27.0,-190190763.67462555
hierarchical4_n1000_ch1.4_s20004,random_PG_best,2,0,0.0,1,True,12.0,-9855.315773228323
hierarchical4_n1000_ch1.4_s20004,km_X,-1,0,0.0,1,,,
hierarchical4_n2000_ch1.4_s20001,random_PG_0,0,0,0.0,1,True,11.0,-20219.55454381635
hierarchical4_n2000_ch1.4_s20001,random_PG_1,1,0,0.0,1,True,10.0,-20219.555659164296
hierarchical4_n2000_ch1.4_s20001,random_PG_2,2,0,0.0,1,True,11.0,-20219.554975934952
hierarchical4_n2000_ch1.4_s20001,random_PG_3,3,0,0.0,1,True,11.0,-20219.554397677854
hierarchical4_n2000_ch1.4_s20001,random_PG_4,4,0,0.0,1,True,11.0,-20219.554984443603
hierarchical4_n2000_ch1.4_s20001,random_PG_5,5,0,0.0,1,True,10.0,-20219.555620888597
hierarchical4_n2000_ch1.4_s20001,random_PG_6,6,0,0.0,1,True,11.0,-20219.554554291037
hierarchical4_n2000_ch1.4_s20001,random_PG_7,7,0,0.0,1,True,11.0,-20219.55452474872
hierarchical4_n2000_ch1.4_s20001,random_PG_8,8,0,0.0,1,True,10.0,-20219.55569413292
hierarchical4_n2000_ch1.4_s20001,random_PG_9,9,0,0.0,1,True,11.0,-20219.554321270934
hierarchical4_n2000_ch1.4_s20001,km_start_PG,-1,0,0.0,1,True,6.0,-20219.55471371308
hierarchical4_n2000_ch1.4_s20001,random_Gaussian_X,0,0,0.0,1,True,12.0,-1683.252467048128
hierarchical4_n2000_ch1.4_s20001,random_H_and_labels_PG,0,45,0.0225,0,True,9.0,-2697241260.778324
hierarchical4_n2000_ch1.4_s20001,random_PG_best,9,0,0.0,1,True,11.0,-20219.554321270934
hierarchical4_n2000_ch1.4_s20001,km_X,-1,0,0.0,1,,,
hierarchical4_n2000_ch0.8_s20002,random_PG_0,0,1,0.0005,0,True,15.0,-18509.84065718736
hierarchical4_n2000_ch0.8_s20002,random_PG_1,1,1,0.0005,0,True,14.0,-18509.841255755822
hierarchical4_n2000_ch0.8_s20002,random_PG_2,2,1,0.0005,0,True,17.0,-18509.838565229
hierarchical4_n2000_ch0.8_s20002,random_PG_3,3,1,0.0005,0,True,14.0,-18509.84084333352
hierarchical4_n2000_ch0.8_s20002,random_PG_4,4,1,0.0005,0,True,14.0,-18509.841656090943
hierarchical4_n2000_ch0.8_s20002,random_PG_5,5,1,0.0005,0,True,15.0,-18509.83964086564
hierarchical4_n2000_ch0.8_s20002,random_PG_6,6,1,0.0005,0,True,15.0,-18509.83977012096
hierarchical4_n2000_ch0.8_s20002,random_PG_7,7,1,0.0005,0,True,14.0,-18509.84130203872
hierarchical4_n2000_ch0.8_s20002,random_PG_8,8,1,0.0005,0,True,15.0,-18509.83974754401
hierarchical4_n2000_ch0.8_s20002,random_PG_9,9,1,0.0005,0,True,14.0,-18509.84174446071
hierarchical4_n2000_ch0.8_s20002,km_start_PG,-1,1,0.0005,0,True,9.0,-18509.84124113732
hierarchical4_n2000_ch0.8_s20002,random_Gaussian_X,0,1,0.0005,0,True,12.0,-3345.9027540957604
hierarchical4_n2000_ch0.8_s20002,random_H_and_labels_PG,0,731,0.3655,0,True,34.0,-130324952895.96436
hierarchical4_n2000_ch0.8_s20002,random_PG_best,2,1,0.0005,0,True,17.0,-18509.838565229
hierarchical4_n2000_ch0.8_s20002,km_X,-1,1,0.0005,0,,,
hierarchical4_n2000_ch1.4_s20002,random_PG_0,0,0,0.0,1,True,10.0,-20101.13759487608
hierarchical4_n2000_ch1.4_s20002,random_PG_1,1,0,0.0,1,True,10.0,-20101.13717624725
hierarchical4_n2000_ch1.4_s20002,random_PG_2,2,0,0.0,1,True,11.0,-20101.13637406141
hierarchical4_n2000_ch1.4_s20002,random_PG_3,3,0,0.0,1,True,10.0,-20101.13732268518
hierarchical4_n2000_ch1.4_s20002,random_PG_4,4,0,0.0,1,True,10.0,-20101.137348426622
hierarchical4_n2000_ch1.4_s20002,random_PG_5,5,0,0.0,1,True,11.0,-20101.136594601187
hierarchical4_n2000_ch1.4_s20002,random_PG_6,6,0,0.0,1,True,11.0,-20101.13637173907
hierarchical4_n2000_ch1.4_s20002,random_PG_7,7,0,0.0,1,True,10.0,-20101.13757879188
hierarchical4_n2000_ch1.4_s20002,random_PG_8,8,500,0.25,0,True,50.0,-29375.346405447544
hierarchical4_n2000_ch1.4_s20002,random_PG_9,9,0,0.0,1,True,11.0,-20101.136399025592
hierarchical4_n2000_ch1.4_s20002,km_start_PG,-1,0,0.0,1,True,6.0,-20101.1366136714
hierarchical4_n2000_ch1.4_s20002,random_Gaussian_X,0,0,0.0,1,True,19.0,-1595.1542317241317
hierarchical4_n2000_ch1.4_s20002,random_H_and_labels_PG,0,2,0.001,0,True,9.0,-12921774955.919346
hierarchical4_n2000_ch1.4_s20002,random_PG_best,6,0,0.0,1,True,11.0,-20101.13637173907
hierarchical4_n2000_ch1.4_s20002,km_X,-1,0,0.0,1,,,
hierarchical4_n2000_ch0.8_s20001,random_PG_0,0,1,0.0005,0,True,14.0,-18654.7673408984
hierarchical4_n2000_ch0.8_s20001,random_PG_1,1,1,0.0005,0,True,14.0,-18654.767183616364
hierarchical4_n2000_ch0.8_s20001,random_PG_2,2,1,0.0005,0,True,14.0,-18654.76904562019
hierarchical4_n2000_ch0.8_s20001,random_PG_3,3,1,0.0005,0,True,14.0,-18654.766900868115
hierarchical4_n2000_ch0.8_s20001,random_PG_4,4,1,0.0005,0,True,15.0,-18654.765784326813
hierarchical4_n2000_ch0.8_s20001,random_PG_5,5,1,0.0005,0,True,14.0,-18654.766988848187
hierarchical4_n2000_ch0.8_s20001,random_PG_6,6,1,0.0005,0,True,14.0,-18654.76739695189
hierarchical4_n2000_ch0.8_s20001,random_PG_7,7,545,0.2725,0,True,116.0,-23595.44651393433
hierarchical4_n2000_ch0.8_s20001,random_PG_8,8,1,0.0005,0,True,14.0,-18654.767245943847
hierarchical4_n2000_ch0.8_s20001,random_PG_9,9,1,0.0005,0,True,14.0,-18654.766740390747
hierarchical4_n2000_ch0.8_s20001,km_start_PG,-1,1,0.0005,0,True,9.0,-18654.76699483216
hierarchical4_n2000_ch0.8_s20001,random_Gaussian_X,0,1,0.0005,0,True,14.0,-3485.544221438808
hierarchical4_n2000_ch0.8_s20001,random_H_and_labels_PG,0,29,0.0145,0,True,8.0,-682721926.2131255
hierarchical4_n2000_ch0.8_s20001,random_PG_best,4,1,0.0005,0,True,15.0,-18654.765784326813
hierarchical4_n2000_ch0.8_s20001,km_X,-1,1,0.0005,0,,,
symmetric2_n1000_ch0.8_s20000,random_PG_0,0,0,0.0,1,True,6.0,-6158.454393050499
symmetric2_n1000_ch0.8_s20000,random_PG_1,1,0,0.0,1,True,6.0,-6158.45437905678
symmetric2_n1000_ch0.8_s20000,random_PG_2,2,0,0.0,1,True,6.0,-6158.454374969624
symmetric2_n1000_ch0.8_s20000,random_PG_3,3,0,0.0,1,True,7.0,-6158.454398058759
symmetric2_n1000_ch0.8_s20000,random_PG_4,4,0,0.0,1,True,6.0,-6158.454370744657
symmetric2_n1000_ch0.8_s20000,random_PG_5,5,0,0.0,1,True,6.0,-6158.454373512459
symmetric2_n1000_ch0.8_s20000,random_PG_6,6,0,0.0,1,True,7.0,-6158.454372902094
symmetric2_n1000_ch0.8_s20000,random_PG_7,7,0,0.0,1,True,6.0,-6158.454370666552
symmetric2_n1000_ch0.8_s20000,random_PG_8,8,0,0.0,1,True,6.0,-6158.454375531943
symmetric2_n1000_ch0.8_s20000,random_PG_9,9,0,0.0,1,True,6.0,-6158.4543683353495
symmetric2_n1000_ch0.8_s20000,km_start_PG,-1,0,0.0,1,True,1.0,-6158.454412606563
symmetric2_n1000_ch0.8_s20000,random_Gaussian_X,0,0,0.0,1,True,17.0,-2147.620851136807
symmetric2_n1000_ch0.8_s20000,random_H_and_labels_PG,0,0,0.0,1,True,3.0,-133128749.57682624
symmetric2_n1000_ch0.8_s20000,random_PG_best,9,0,0.0,1,True,6.0,-6158.4543683353495
symmetric2_n1000_ch0.8_s20000,km_X,-1,0,0.0,1,,,
symmetric2_n1000_ch0.8_s20001,random_PG_0,0,1,0.001,0,True,7.0,-6130.441639719477
symmetric2_n1000_ch0.8_s20001,random_PG_1,1,1,0.001,0,True,6.0,-6130.441659731872
symmetric2_n1000_ch0.8_s20001,random_PG_2,2,1,0.001,0,True,6.0,-6130.441654275347
symmetric2_n1000_ch0.8_s20001,random_PG_3,3,1,0.001,0,True,6.0,-6130.441660593911
symmetric2_n1000_ch0.8_s20001,random_PG_4,4,1,0.001,0,True,6.0,-6130.441686269753
symmetric2_n1000_ch0.8_s20001,random_PG_5,5,1,0.001,0,True,7.0,-6130.441642399415
symmetric2_n1000_ch0.8_s20001,random_PG_6,6,1,0.001,0,True,7.0,-6130.441643716917
symmetric2_n1000_ch0.8_s20001,random_PG_7,7,1,0.001,0,True,6.0,-6130.441658690176
symmetric2_n1000_ch0.8_s20001,random_PG_8,8,1,0.001,0,True,6.0,-6130.441667772378
symmetric2_n1000_ch0.8_s20001,random_PG_9,9,1,0.001,0,True,6.0,-6130.441642477942
symmetric2_n1000_ch0.8_s20001,km_start_PG,-1,1,0.001,0,True,2.0,-6130.44165005648
symmetric2_n1000_ch0.8_s20001,random_Gaussian_X,0,0,0.0,1,True,29.0,-2174.443868588481
symmetric2_n1000_ch0.8_s20001,random_H_and_labels_PG,0,1,0.001,0,True,3.0,-432853791.39651775
symmetric2_n1000_ch0.8_s20001,random_PG_best,0,1,0.001,0,True,7.0,-6130.441639719477
symmetric2_n1000_ch0.8_s20001,km_X,-1,0,0.0,1,,,
symmetric2_n1000_ch0.8_s20002,random_PG_0,0,2,0.002,0,True,6.0,-6132.52001716682
symmetric2_n1000_ch0.8_s20002,random_PG_1,1,2,0.002,0,True,7.0,-6132.519986018604
symmetric2_n1000_ch0.8_s20002,random_PG_2,2,2,0.002,0,True,6.0,-6132.519987147818
symmetric2_n1000_ch0.8_s20002,random_PG_3,3,2,0.002,0,True,6.0,-6132.519985510622
symmetric2_n1000_ch0.8_s20002,random_PG_4,4,2,0.002,0,True,6.0,-6132.520025268428
symmetric2_n1000_ch0.8_s20002,random_PG_5,5,2,0.002,0,True,6.0,-6132.520033094022
symmetric2_n1000_ch0.8_s20002,random_PG_6,6,2,0.002,0,True,6.0,-6132.519984305584
symmetric2_n1000_ch0.8_s20002,random_PG_7,7,2,0.002,0,True,7.0,-6132.519980584364
symmetric2_n1000_ch0.8_s20002,random_PG_8,8,2,0.002,0,True,6.0,-6132.519982206342
symmetric2_n1000_ch0.8_s20002,random_PG_9,9,2,0.002,0,True,6.0,-6132.519996371598
symmetric2_n1000_ch0.8_s20002,km_start_PG,-1,2,0.002,0,True,2.0,-6132.519986874259
symmetric2_n1000_ch0.8_s20002,random_Gaussian_X,0,1,0.001,0,True,18.0,-2166.8622970761867
symmetric2_n1000_ch0.8_s20002,random_H_and_labels_PG,0,2,0.002,0,True,3.0,-156552159.96828473
symmetric2_n1000_ch0.8_s20002,random_PG_best,7,2,0.002,0,True,7.0,-6132.519980584364
symmetric2_n1000_ch0.8_s20002,km_X,-1,2,0.002,0,,,
symmetric2_n1000_ch0.8_s20003,random_PG_0,0,0,0.0,1,True,6.0,-6169.627359709098
symmetric2_n1000_ch0.8_s20003,random_PG_1,1,0,0.0,1,True,6.0,-6169.627267858565
symmetric2_n1000_ch0.8_s20003,random_PG_2,2,0,0.0,1,True,6.0,-6169.62726760604
symmetric2_n1000_ch0.8_s20003,random_PG_3,3,0,0.0,1,True,6.0,-6169.62727559123
symmetric2_n1000_ch0.8_s20003,random_PG_4,4,0,0.0,1,True,6.0,-6169.627282006388
symmetric2_n1000_ch0.8_s20003,random_PG_5,5,0,0.0,1,True,7.0,-6169.627262576614
symmetric2_n1000_ch0.8_s20003,random_PG_6,6,0,0.0,1,True,6.0,-6169.627279063524
symmetric2_n1000_ch0.8_s20003,random_PG_7,7,0,0.0,1,True,6.0,-6169.627267739166
symmetric2_n1000_ch0.8_s20003,random_PG_8,8,0,0.0,1,True,6.0,-6169.627274401542
symmetric2_n1000_ch0.8_s20003,random_PG_9,9,0,0.0,1,True,7.0,-6169.627271771375
symmetric2_n1000_ch0.8_s20003,km_start_PG,-1,0,0.0,1,True,2.0,-6169.627273593071
symmetric2_n1000_ch0.8_s20003,random_Gaussian_X,0,1,0.001,0,True,17.0,-2182.086639819184
symmetric2_n1000_ch0.8_s20003,random_H_and_labels_PG,0,0,0.0,1,True,3.0,-474955446.8568234
symmetric2_n1000_ch0.8_s20003,random_PG_best,5,0,0.0,1,True,7.0,-6169.627262576614
symmetric2_n1000_ch0.8_s20003,km_X,-1,0,0.0,1,,,
hierarchical4_n2000_ch0.8_s20000,random_PG_0,0,0,0.0,1,True,18.0,-18574.49166593734
hierarchical4_n2000_ch0.8_s20000,random_PG_1,1,0,0.0,1,True,15.0,-18574.49261536557
hierarchical4_n2000_ch0.8_s20000,random_PG_2,2,500,0.25,0,True,52.0,-23531.005654335982
hierarchical4_n2000_ch0.8_s20000,random_PG_3,3,500,0.25,0,True,38.0,-23531.13904011524
hierarchical4_n2000_ch0.8_s20000,random_PG_4,4,0,0.0,1,True,14.0,-18574.494473184383
hierarchical4_n2000_ch0.8_s20000,random_PG_5,5,0,0.0,1,True,14.0,-18574.49472611776
hierarchical4_n2000_ch0.8_s20000,random_PG_6,6,0,0.0,1,True,16.0,-18574.49229826049
hierarchical4_n2000_ch0.8_s20000,random_PG_7,7,0,0.0,1,True,16.0,-18574.49237116651
hierarchical4_n2000_ch0.8_s20000,random_PG_8,8,0,0.0,1,True,15.0,-18574.492598213168
hierarchical4_n2000_ch0.8_s20000,random_PG_9,9,505,0.2525,0,True,63.0,-23634.9593233111
hierarchical4_n2000_ch0.8_s20000,km_start_PG,-1,0,0.0,1,True,9.0,-18574.494627932807
hierarchical4_n2000_ch0.8_s20000,random_Gaussian_X,0,496,0.248,0,True,57.0,-4236.082131145739
hierarchical4_n2000_ch0.8_s20000,random_H_and_labels_PG,0,317,0.1585,0,True,29.0,-41007364505.39142
hierarchical4_n2000_ch0.8_s20000,random_PG_best,0,0,0.0,1,True,18.0,-18574.49166593734
hierarchical4_n2000_ch0.8_s20000,km_X,-1,0,0.0,1,,,
symmetric2_n1000_ch0.8_s20004,random_PG_0,0,0,0.0,1,True,6.0,-6145.053389034175
symmetric2_n1000_ch0.8_s20004,random_PG_1,1,0,0.0,1,True,6.0,-6145.053390824578
symmetric2_n1000_ch0.8_s20004,random_PG_2,2,0,0.0,1,True,6.0,-6145.053483062515
symmetric2_n1000_ch0.8_s20004,random_PG_3,3,0,0.0,1,True,7.0,-6145.0533836439
symmetric2_n1000_ch0.8_s20004,random_PG_4,4,0,0.0,1,True,6.0,-6145.053480003129
symmetric2_n1000_ch0.8_s20004,random_PG_5,5,0,0.0,1,True,6.0,-6145.053400170155
symmetric2_n1000_ch0.8_s20004,random_PG_6,6,0,0.0,1,True,6.0,-6145.053394365691
symmetric2_n1000_ch0.8_s20004,random_PG_7,7,0,0.0,1,True,7.0,-6145.053384877265
symmetric2_n1000_ch0.8_s20004,random_PG_8,8,0,0.0,1,True,6.0,-6145.053432288689
symmetric2_n1000_ch0.8_s20004,random_PG_9,9,0,0.0,1,True,6.0,-6145.0533878677525
symmetric2_n1000_ch0.8_s20004,km_start_PG,-1,0,0.0,1,True,2.0,-6145.053386308689
symmetric2_n1000_ch0.8_s20004,random_Gaussian_X,0,0,0.0,1,True,17.0,-2156.134838022728
symmetric2_n1000_ch0.8_s20004,random_H_and_labels_PG,0,0,0.0,1,True,4.0,-11789656.615907252
symmetric2_n1000_ch0.8_s20004,random_PG_best,3,0,0.0,1,True,7.0,-6145.0533836439
symmetric2_n1000_ch0.8_s20004,km_X,-1,0,0.0,1,,,
symmetric2_n1000_ch1.4_s20000,random_PG_0,0,0,0.0,1,True,5.0,-6518.442312952122
symmetric2_n1000_ch1.4_s20000,random_PG_1,1,0,0.0,1,True,5.0,-6518.442309157835
symmetric2_n1000_ch1.4_s20000,random_PG_2,2,0,0.0,1,True,5.0,-6518.442308673093
symmetric2_n1000_ch1.4_s20000,random_PG_3,3,0,0.0,1,True,6.0,-6518.442301758607
symmetric2_n1000_ch1.4_s20000,random_PG_4,4,0,0.0,1,True,5.0,-6518.442303312296
symmetric2_n1000_ch1.4_s20000,random_PG_5,5,0,0.0,1,True,5.0,-6518.442305964034
symmetric2_n1000_ch1.4_s20000,random_PG_6,6,0,0.0,1,True,6.0,-6518.442301451773
symmetric2_n1000_ch1.4_s20000,random_PG_7,7,0,0.0,1,True,5.0,-6518.442304367669
symmetric2_n1000_ch1.4_s20000,random_PG_8,8,0,0.0,1,True,5.0,-6518.4423090113705
symmetric2_n1000_ch1.4_s20000,random_PG_9,9,0,0.0,1,True,5.0,-6518.442301878045
symmetric2_n1000_ch1.4_s20000,km_start_PG,-1,0,0.0,1,True,1.0,-6518.442302856037
symmetric2_n1000_ch1.4_s20000,random_Gaussian_X,0,0,0.0,1,True,30.0,-1869.8452379128623
symmetric2_n1000_ch1.4_s20000,random_H_and_labels_PG,0,0,0.0,1,True,3.0,-160083160.47440833
symmetric2_n1000_ch1.4_s20000,random_PG_best,6,0,0.0,1,True,6.0,-6518.442301451773
symmetric2_n1000_ch1.4_s20000,km_X,-1,0,0.0,1,,,
symmetric2_n1000_ch1.4_s20001,random_PG_0,0,0,0.0,1,True,5.0,-6481.413825144213
symmetric2_n1000_ch1.4_s20001,random_PG_1,1,0,0.0,1,True,5.0,-6481.413819831893
symmetric2_n1000_ch1.4_s20001,random_PG_2,2,0,0.0,1,True,5.0,-6481.413815462556
symmetric2_n1000_ch1.4_s20001,random_PG_3,3,0,0.0,1,True,5.0,-6481.413821935725
symmetric2_n1000_ch1.4_s20001,random_PG_4,4,0,0.0,1,True,5.0,-6481.413826106847
symmetric2_n1000_ch1.4_s20001,random_PG_5,5,0,0.0,1,True,5.0,-6481.413823939372
symmetric2_n1000_ch1.4_s20001,random_PG_6,6,0,0.0,1,True,6.0,-6481.413818625961
symmetric2_n1000_ch1.4_s20001,random_PG_7,7,0,0.0,1,True,5.0,-6481.413819514417
symmetric2_n1000_ch1.4_s20001,random_PG_8,8,0,0.0,1,True,5.0,-6481.413828005598
symmetric2_n1000_ch1.4_s20001,random_PG_9,9,0,0.0,1,True,5.0,-6481.413803687969
symmetric2_n1000_ch1.4_s20001,km_start_PG,-1,0,0.0,1,True,1.0,-6481.413802293866
symmetric2_n1000_ch1.4_s20001,random_Gaussian_X,0,0,0.0,1,True,19.0,-1845.669346690517
symmetric2_n1000_ch1.4_s20001,random_H_and_labels_PG,0,0,0.0,1,True,3.0,-542698588.1291063
symmetric2_n1000_ch1.4_s20001,random_PG_best,9,0,0.0,1,True,5.0,-6481.413803687969
symmetric2_n1000_ch1.4_s20001,km_X,-1,0,0.0,1,,,
symmetric2_n1000_ch1.4_s20002,random_PG_0,0,0,0.0,1,True,5.0,-6525.01372843879
symmetric2_n1000_ch1.4_s20002,random_PG_1,1,0,0.0,1,True,6.0,-6525.013710570639
symmetric2_n1000_ch1.4_s20002,random_PG_2,2,0,0.0,1,True,5.0,-6525.013720087145
symmetric2_n1000_ch1.4_s20002,random_PG_3,3,0,0.0,1,True,5.0,-6525.013713343124
symmetric2_n1000_ch1.4_s20002,random_PG_4,4,0,0.0,1,True,5.0,-6525.013720527246
symmetric2_n1000_ch1.4_s20002,random_PG_5,5,0,0.0,1,True,5.0,-6525.0137289239065
symmetric2_n1000_ch1.4_s20002,random_PG_6,6,0,0.0,1,True,5.0,-6525.013712242528
symmetric2_n1000_ch1.4_s20002,random_PG_7,7,0,0.0,1,True,6.0,-6525.013710480741
symmetric2_n1000_ch1.4_s20002,random_PG_8,8,0,0.0,1,True,5.0,-6525.013709904571
symmetric2_n1000_ch1.4_s20002,random_PG_9,9,0,0.0,1,True,5.0,-6525.013721539275
symmetric2_n1000_ch1.4_s20002,km_start_PG,-1,0,0.0,1,True,1.0,-6525.013711242049
symmetric2_n1000_ch1.4_s20002,random_Gaussian_X,0,0,0.0,1,True,24.0,-1841.570734003972
symmetric2_n1000_ch1.4_s20002,random_H_and_labels_PG,0,0,0.0,1,True,3.0,-716154211.8347671
symmetric2_n1000_ch1.4_s20002,random_PG_best,8,0,0.0,1,True,5.0,-6525.013709904571
symmetric2_n1000_ch1.4_s20002,km_X,-1,0,0.0,1,,,
symmetric2_n1000_ch1.4_s20003,random_PG_0,0,0,0.0,1,True,6.0,-6584.372579492181
symmetric2_n1000_ch1.4_s20003,random_PG_1,1,0,0.0,1,True,5.0,-6584.37256489857
symmetric2_n1000_ch1.4_s20003,random_PG_2,2,0,0.0,1,True,5.0,-6584.3725680248845
symmetric2_n1000_ch1.4_s20003,random_PG_3,3,0,0.0,1,True,5.0,-6584.372572230584
symmetric2_n1000_ch1.4_s20003,random_PG_4,4,0,0.0,1,True,5.0,-6584.372571577751
symmetric2_n1000_ch1.4_s20003,random_PG_5,5,0,0.0,1,True,5.0,-6584.3725792045525
symmetric2_n1000_ch1.4_s20003,random_PG_6,6,0,0.0,1,True,5.0,-6584.372572899181
symmetric2_n1000_ch1.4_s20003,random_PG_7,7,0,0.0,1,True,5.0,-6584.3725640999655
symmetric2_n1000_ch1.4_s20003,random_PG_8,8,0,0.0,1,True,5.0,-6584.372572385437
symmetric2_n1000_ch1.4_s20003,random_PG_9,9,0,0.0,1,True,6.0,-6584.372562172617
symmetric2_n1000_ch1.4_s20003,km_start_PG,-1,0,0.0,1,True,1.0,-6584.372562152051
symmetric2_n1000_ch1.4_s20003,random_Gaussian_X,0,0,0.0,1,True,23.0,-1873.1349399210244
symmetric2_n1000_ch1.4_s20003,random_H_and_labels_PG,0,0,0.0,1,True,3.0,-225681765131.0732
symmetric2_n1000_ch1.4_s20003,random_PG_best,9,0,0.0,1,True,6.0,-6584.372562172617
symmetric2_n1000_ch1.4_s20003,km_X,-1,0,0.0,1,,,
symmetric2_n1000_ch1.4_s20004,random_PG_0,0,0,0.0,1,True,5.0,-6526.526417515275
symmetric2_n1000_ch1.4_s20004,random_PG_1,1,0,0.0,1,True,5.0,-6526.526422703221
symmetric2_n1000_ch1.4_s20004,random_PG_2,2,0,0.0,1,True,5.0,-6526.526434006788
symmetric2_n1000_ch1.4_s20004,random_PG_3,3,0,0.0,1,True,6.0,-6526.526415644407
symmetric2_n1000_ch1.4_s20004,random_PG_4,4,0,0.0,1,True,6.0,-6526.526414785289
symmetric2_n1000_ch1.4_s20004,random_PG_5,5,0,0.0,1,True,5.0,-6526.5264311070005
symmetric2_n1000_ch1.4_s20004,random_PG_6,6,0,0.0,1,True,5.0,-6526.526420152966
symmetric2_n1000_ch1.4_s20004,random_PG_7,7,0,0.0,1,True,5.0,-6526.526433386087
symmetric2_n1000_ch1.4_s20004,random_PG_8,8,0,0.0,1,True,5.0,-6526.526436973684
symmetric2_n1000_ch1.4_s20004,random_PG_9,9,0,0.0,1,True,5.0,-6526.526418798712
symmetric2_n1000_ch1.4_s20004,km_start_PG,-1,0,0.0,1,True,1.0,-6526.526417463931
symmetric2_n1000_ch1.4_s20004,random_Gaussian_X,0,0,0.0,1,True,17.0,-1845.391522495751
symmetric2_n1000_ch1.4_s20004,random_H_and_labels_PG,0,0,0.0,1,True,3.0,-28865851.61598904
symmetric2_n1000_ch1.4_s20004,random_PG_best,4,0,0.0,1,True,6.0,-6526.526414785289
symmetric2_n1000_ch1.4_s20004,km_X,-1,0,0.0,1,,,
hierarchical4_n2000_ch1.4_s20000,random_PG_0,0,0,0.0,1,True,12.0,-20144.089118344946
hierarchical4_n2000_ch1.4_s20000,random_PG_1,1,0,0.0,1,True,11.0,-20144.08922648632
hierarchical4_n2000_ch1.4_s20000,random_PG_2,2,512,0.256,0,True,26.0,-29258.627142283432
hierarchical4_n2000_ch1.4_s20000,random_PG_3,3,501,0.2505,0,True,85.0,-29258.38153141717
hierarchical4_n2000_ch1.4_s20000,random_PG_4,4,0,0.0,1,True,10.0,-20144.090492610787
hierarchical4_n2000_ch1.4_s20000,random_PG_5,5,0,0.0,1,True,11.0,-20144.08924412669
hierarchical4_n2000_ch1.4_s20000,random_PG_6,6,0,0.0,1,True,11.0,-20144.08966739087
hierarchical4_n2000_ch1.4_s20000,random_PG_7,7,0,0.0,1,True,12.0,-20144.08909270732
hierarchical4_n2000_ch1.4_s20000,random_PG_8,8,0,0.0,1,True,11.0,-20144.08919096796
hierarchical4_n2000_ch1.4_s20000,random_PG_9,9,500,0.25,0,True,43.0,-29370.161219542788
hierarchical4_n2000_ch1.4_s20000,km_start_PG,-1,0,0.0,1,True,6.0,-20144.08955521816
hierarchical4_n2000_ch1.4_s20000,random_Gaussian_X,0,0,0.0,1,True,25.0,-1689.605846020468
hierarchical4_n2000_ch1.4_s20000,random_H_and_labels_PG,0,1000,0.5,0,True,3.0,-3660766956.893402
hierarchical4_n2000_ch1.4_s20000,random_PG_best,7,0,0.0,1,True,12.0,-20144.08909270732
hierarchical4_n2000_ch1.4_s20000,km_X,-1,0,0.0,1,,,
symmetric2_n2000_ch0.8_s20000,random_PG_0,0,0,0.0,1,True,6.0,-12508.662779566414
symmetric2_n2000_ch0.8_s20000,random_PG_1,1,0,0.0,1,True,6.0,-12508.662767708862
symmetric2_n2000_ch0.8_s20000,random_PG_2,2,0,0.0,1,True,6.0,-12508.662811875129
symmetric2_n2000_ch0.8_s20000,random_PG_3,3,0,0.0,1,True,6.0,-12508.662779273676
symmetric2_n2000_ch0.8_s20000,random_PG_4,4,0,0.0,1,True,6.0,-12508.66284399608
symmetric2_n2000_ch0.8_s20000,random_PG_5,5,0,0.0,1,True,6.0,-12508.662925192515
symmetric2_n2000_ch0.8_s20000,random_PG_6,6,0,0.0,1,True,6.0,-12508.662780754872
symmetric2_n2000_ch0.8_s20000,random_PG_7,7,0,0.0,1,True,6.0,-12508.662772802934
symmetric2_n2000_ch0.8_s20000,random_PG_8,8,0,0.0,1,True,6.0,-12508.662766715288
symmetric2_n2000_ch0.8_s20000,random_PG_9,9,0,0.0,1,True,7.0,-12508.662779230905
symmetric2_n2000_ch0.8_s20000,km_start_PG,-1,0,0.0,1,True,1.0,-12508.662899231767
symmetric2_n2000_ch0.8_s20000,random_Gaussian_X,0,0,0.0,1,True,20.0,-4235.70363302639
symmetric2_n2000_ch0.8_s20000,random_H_and_labels_PG,0,0,0.0,1,True,3.0,-366954748.0270821
symmetric2_n2000_ch0.8_s20000,random_PG_best,8,0,0.0,1,True,6.0,-12508.662766715288
symmetric2_n2000_ch0.8_s20000,km_X,-1,0,0.0,1,,,
symmetric2_n2000_ch0.8_s20001,random_PG_0,0,0,0.0,1,True,6.0,-12493.3043478907
symmetric2_n2000_ch0.8_s20001,random_PG_1,1,0,0.0,1,True,6.0,-12493.30435793045
symmetric2_n2000_ch0.8_s20001,random_PG_2,2,0,0.0,1,True,6.0,-12493.304341436742
symmetric2_n2000_ch0.8_s20001,random_PG_3,3,0,0.0,1,True,6.0,-12493.304347420037
symmetric2_n2000_ch0.8_s20001,random_PG_4,4,0,0.0,1,True,7.0,-12493.30434412586
symmetric2_n2000_ch0.8_s20001,random_PG_5,5,0,0.0,1,True,6.0,-12493.30434083059
symmetric2_n2000_ch0.8_s20001,random_PG_6,6,0,0.0,1,True,6.0,-12493.304339775725
symmetric2_n2000_ch0.8_s20001,random_PG_7,7,0,0.0,1,True,6.0,-12493.30440637195
symmetric2_n2000_ch0.8_s20001,random_PG_8,8,0,0.0,1,True,7.0,-12493.304329263336
symmetric2_n2000_ch0.8_s20001,random_PG_9,9,0,0.0,1,True,6.0,-12493.304341759946
symmetric2_n2000_ch0.8_s20001,km_start_PG,-1,0,0.0,1,True,2.0,-12493.30433228519
symmetric2_n2000_ch0.8_s20001,random_Gaussian_X,0,0,0.0,1,True,17.0,-4206.878139336171
symmetric2_n2000_ch0.8_s20001,random_H_and_labels_PG,0,0,0.0,1,True,3.0,-254709558.2258093
symmetric2_n2000_ch0.8_s20001,random_PG_best,8,0,0.0,1,True,7.0,-12493.304329263336
symmetric2_n2000_ch0.8_s20001,km_X,-1,0,0.0,1,,,
symmetric2_n2000_ch0.8_s20002,random_PG_0,0,1,0.0005,0,True,6.0,-12409.858575184624
symmetric2_n2000_ch0.8_s20002,random_PG_1,1,1,0.0005,0,True,6.0,-12409.858579581392
symmetric2_n2000_ch0.8_s20002,random_PG_2,2,1,0.0005,0,True,6.0,-12409.858679786692
symmetric2_n2000_ch0.8_s20002,random_PG_3,3,1,0.0005,0,True,7.0,-12409.85857430308
symmetric2_n2000_ch0.8_s20002,random_PG_4,4,1,0.0005,0,True,6.0,-12409.85866439209
symmetric2_n2000_ch0.8_s20002,random_PG_5,5,1,0.0005,0,True,6.0,-12409.858680175012
symmetric2_n2000_ch0.8_s20002,random_PG_6,6,1,0.0005,0,True,8.0,-12409.858582174882
symmetric2_n2000_ch0.8_s20002,random_PG_7,7,1,0.0005,0,True,6.0,-12409.858596224592
symmetric2_n2000_ch0.8_s20002,random_PG_8,8,1,0.0005,0,True,6.0,-12409.858587453724
symmetric2_n2000_ch0.8_s20002,random_PG_9,9,1,0.0005,0,True,6.0,-12409.858621971964
symmetric2_n2000_ch0.8_s20002,km_start_PG,-1,1,0.0005,0,True,2.0,-12409.858571159592
symmetric2_n2000_ch0.8_s20002,random_Gaussian_X,0,1,0.0005,0,True,16.0,-4230.272984668887
symmetric2_n2000_ch0.8_s20002,random_H_and_labels_PG,0,1,0.0005,0,True,3.0,-37907294.62940571
symmetric2_n2000_ch0.8_s20002,random_PG_best,3,1,0.0005,0,True,7.0,-12409.85857430308
symmetric2_n2000_ch0.8_s20002,km_X,-1,1,0.0005,0,,,
hierarchical4_n2000_ch0.8_s20004,random_PG_0,0,0,0.0,1,True,15.0,-18689.449995199582
hierarchical4_n2000_ch0.8_s20004,random_PG_1,1,0,0.0,1,True,16.0,-18689.45001175016
hierarchical4_n2000_ch0.8_s20004,random_PG_2,2,0,0.0,1,True,14.0,-18689.451603316043
hierarchical4_n2000_ch0.8_s20004,random_PG_3,3,0,0.0,1,True,14.0,-18689.45198630861
hierarchical4_n2000_ch0.8_s20004,random_PG_4,4,0,0.0,1,True,14.0,-18689.451965695152
hierarchical4_n2000_ch0.8_s20004,random_PG_5,5,0,0.0,1,True,14.0,-18689.452029653134
hierarchical4_n2000_ch0.8_s20004,random_PG_6,6,0,0.0,1,True,14.0,-18689.452112721963
hierarchical4_n2000_ch0.8_s20004,random_PG_7,7,571,0.2855,0,True,108.0,-23697.769786063956
hierarchical4_n2000_ch0.8_s20004,random_PG_8,8,0,0.0,1,True,15.0,-18689.45124205029
hierarchical4_n2000_ch0.8_s20004,random_PG_9,9,0,0.0,1,True,14.0,-18689.45130313915
hierarchical4_n2000_ch0.8_s20004,km_start_PG,-1,0,0.0,1,True,9.0,-18689.45168951745
hierarchical4_n2000_ch0.8_s20004,random_Gaussian_X,0,0,0.0,1,True,20.0,-3546.176161320504
hierarchical4_n2000_ch0.8_s20004,random_H_and_labels_PG,0,38,0.019,0,True,7.0,-1057209232.2822886
hierarchical4_n2000_ch0.8_s20004,random_PG_best,0,0,0.0,1,True,15.0,-18689.449995199582
hierarchical4_n2000_ch0.8_s20004,km_X,-1,0,0.0,1,,,
symmetric2_n2000_ch0.8_s20003,random_PG_0,0,0,0.0,1,True,7.0,-12494.363253003949
symmetric2_n2000_ch0.8_s20003,random_PG_1,1,0,0.0,1,True,6.0,-12494.363375567218
symmetric2_n2000_ch0.8_s20003,random_PG_2,2,0,0.0,1,True,6.0,-12494.363261197568
symmetric2_n2000_ch0.8_s20003,random_PG_3,3,0,0.0,1,True,6.0,-12494.363331379896
symmetric2_n2000_ch0.8_s20003,random_PG_4,4,0,0.0,1,True,7.0,-12494.36327185779
symmetric2_n2000_ch0.8_s20003,random_PG_5,5,0,0.0,1,True,6.0,-12494.363266003296
symmetric2_n2000_ch0.8_s20003,random_PG_6,6,0,0.0,1,True,6.0,-12494.363261026823
symmetric2_n2000_ch0.8_s20003,random_PG_7,7,0,0.0,1,True,6.0,-12494.363409253769
symmetric2_n2000_ch0.8_s20003,random_PG_8,8,0,0.0,1,True,6.0,-12494.363254443022
symmetric2_n2000_ch0.8_s20003,random_PG_9,9,0,0.0,1,True,7.0,-12494.36325052812
symmetric2_n2000_ch0.8_s20003,km_start_PG,-1,0,0.0,1,True,2.0,-12494.363251852585
symmetric2_n2000_ch0.8_s20003,random_Gaussian_X,0,0,0.0,1,True,20.0,-4255.804969701336
symmetric2_n2000_ch0.8_s20003,random_H_and_labels_PG,0,0,0.0,1,True,3.0,-6136911022.319239
symmetric2_n2000_ch0.8_s20003,random_PG_best,9,0,0.0,1,True,7.0,-12494.36325052812
symmetric2_n2000_ch0.8_s20003,km_X,-1,0,0.0,1,,,
symmetric2_n2000_ch0.8_s20004,random_PG_0,0,0,0.0,1,True,6.0,-12501.81182422084
symmetric2_n2000_ch0.8_s20004,random_PG_1,1,0,0.0,1,True,6.0,-12501.811817252114
symmetric2_n2000_ch0.8_s20004,random_PG_2,2,0,0.0,1,True,6.0,-12501.811798714867
symmetric2_n2000_ch0.8_s20004,random_PG_3,3,0,0.0,1,True,7.0,-12501.8118034352
symmetric2_n2000_ch0.8_s20004,random_PG_4,4,0,0.0,1,True,6.0,-12501.811818477714
symmetric2_n2000_ch0.8_s20004,random_PG_5,5,0,0.0,1,True,6.0,-12501.81181692471
symmetric2_n2000_ch0.8_s20004,random_PG_6,6,0,0.0,1,True,7.0,-12501.811805702037
symmetric2_n2000_ch0.8_s20004,random_PG_7,7,0,0.0,1,True,6.0,-12501.811840108305
symmetric2_n2000_ch0.8_s20004,random_PG_8,8,0,0.0,1,True,6.0,-12501.81186467351
symmetric2_n2000_ch0.8_s20004,random_PG_9,9,0,0.0,1,True,7.0,-12501.811798064206
symmetric2_n2000_ch0.8_s20004,km_start_PG,-1,0,0.0,1,True,2.0,-12501.81179744794
symmetric2_n2000_ch0.8_s20004,random_Gaussian_X,0,0,0.0,1,True,22.0,-4242.69315661044
symmetric2_n2000_ch0.8_s20004,random_H_and_labels_PG,0,0,0.0,1,True,3.0,-453679464.6668651
symmetric2_n2000_ch0.8_s20004,random_PG_best,9,0,0.0,1,True,7.0,-12501.811798064206
symmetric2_n2000_ch0.8_s20004,km_X,-1,0,0.0,1,,,
symmetric2_n2000_ch1.4_s20000,random_PG_0,0,0,0.0,1,True,5.0,-13377.257377275657
symmetric2_n2000_ch1.4_s20000,random_PG_1,1,0,0.0,1,True,5.0,-13377.257365404696
symmetric2_n2000_ch1.4_s20000,random_PG_2,2,0,0.0,1,True,5.0,-13377.257375148736
symmetric2_n2000_ch1.4_s20000,random_PG_3,3,0,0.0,1,True,5.0,-13377.257370297126
symmetric2_n2000_ch1.4_s20000,random_PG_4,4,0,0.0,1,True,6.0,-13377.257369028215
symmetric2_n2000_ch1.4_s20000,random_PG_5,5,0,0.0,1,True,6.0,-13377.257358429066
symmetric2_n2000_ch1.4_s20000,random_PG_6,6,0,0.0,1,True,5.0,-13377.257370906023
symmetric2_n2000_ch1.4_s20000,random_PG_7,7,0,0.0,1,True,5.0,-13377.257370706351
symmetric2_n2000_ch1.4_s20000,random_PG_8,8,0,0.0,1,True,5.0,-13377.25736362077
symmetric2_n2000_ch1.4_s20000,random_PG_9,9,0,0.0,1,True,6.0,-13377.257368122257
symmetric2_n2000_ch1.4_s20000,km_start_PG,-1,0,0.0,1,True,1.0,-13377.257361848446
symmetric2_n2000_ch1.4_s20000,random_Gaussian_X,0,0,0.0,1,True,24.0,-3689.0494155184815
symmetric2_n2000_ch1.4_s20000,random_H_and_labels_PG,0,0,0.0,1,True,3.0,-2709411348.986357
symmetric2_n2000_ch1.4_s20000,random_PG_best,5,0,0.0,1,True,6.0,-13377.257358429066
symmetric2_n2000_ch1.4_s20000,km_X,-1,0,0.0,1,,,
symmetric2_n2000_ch1.4_s20001,random_PG_0,0,0,0.0,1,True,5.0,-13317.292305796114
symmetric2_n2000_ch1.4_s20001,random_PG_1,1,0,0.0,1,True,5.0,-13317.292315331935
symmetric2_n2000_ch1.4_s20001,random_PG_2,2,0,0.0,1,True,5.0,-13317.292301578334
symmetric2_n2000_ch1.4_s20001,random_PG_3,3,0,0.0,1,True,5.0,-13317.292308931645
symmetric2_n2000_ch1.4_s20001,random_PG_4,4,0,0.0,1,True,5.0,-13317.292319006574
symmetric2_n2000_ch1.4_s20001,random_PG_5,5,0,0.0,1,True,5.0,-13317.292301360429
symmetric2_n2000_ch1.4_s20001,random_PG_6,6,0,0.0,1,True,5.0,-13317.292303931965
symmetric2_n2000_ch1.4_s20001,random_PG_7,7,0,0.0,1,True,5.0,-13317.292313343496
symmetric2_n2000_ch1.4_s20001,random_PG_8,8,0,0.0,1,True,6.0,-13317.29229560779
symmetric2_n2000_ch1.4_s20001,random_PG_9,9,0,0.0,1,True,5.0,-13317.292310521749
symmetric2_n2000_ch1.4_s20001,km_start_PG,-1,0,0.0,1,True,1.0,-13317.292291353908
symmetric2_n2000_ch1.4_s20001,random_Gaussian_X,0,0,0.0,1,True,17.0,-3595.795059629284
symmetric2_n2000_ch1.4_s20001,random_H_and_labels_PG,0,0,0.0,1,True,3.0,-474719141.6238932
symmetric2_n2000_ch1.4_s20001,random_PG_best,8,0,0.0,1,True,6.0,-13317.29229560779
symmetric2_n2000_ch1.4_s20001,km_X,-1,0,0.0,1,,,
symmetric2_n2000_ch1.4_s20002,random_PG_0,0,0,0.0,1,True,5.0,-13285.653653001547
symmetric2_n2000_ch1.4_s20002,random_PG_1,1,0,0.0,1,True,5.0,-13285.65365960122
symmetric2_n2000_ch1.4_s20002,random_PG_2,2,0,0.0,1,True,5.0,-13285.653733820884
symmetric2_n2000_ch1.4_s20002,random_PG_3,3,0,0.0,1,True,6.0,-13285.653666812734
symmetric2_n2000_ch1.4_s20002,random_PG_4,4,0,0.0,1,True,5.0,-13285.65367467463
symmetric2_n2000_ch1.4_s20002,random_PG_5,5,0,0.0,1,True,5.0,-13285.653671341952
symmetric2_n2000_ch1.4_s20002,random_PG_6,6,0,0.0,1,True,7.0,-13285.6536519344
symmetric2_n2000_ch1.4_s20002,random_PG_7,7,0,0.0,1,True,5.0,-13285.653678345992
symmetric2_n2000_ch1.4_s20002,random_PG_8,8,0,0.0,1,True,5.0,-13285.65366596395
symmetric2_n2000_ch1.4_s20002,random_PG_9,9,0,0.0,1,True,5.0,-13285.65366925465
symmetric2_n2000_ch1.4_s20002,km_start_PG,-1,0,0.0,1,True,1.0,-13285.653649872298
symmetric2_n2000_ch1.4_s20002,random_Gaussian_X,0,0,0.0,1,True,17.0,-3649.155122977394
symmetric2_n2000_ch1.4_s20002,random_H_and_labels_PG,0,0,0.0,1,True,3.0,-97457003.40008378
symmetric2_n2000_ch1.4_s20002,random_PG_best,6,0,0.0,1,True,7.0,-13285.6536519344
symmetric2_n2000_ch1.4_s20002,km_X,-1,0,0.0,1,,,
symmetric2_n2000_ch1.4_s20003,random_PG_0,0,0,0.0,1,True,6.0,-13389.525149874558
symmetric2_n2000_ch1.4_s20003,random_PG_1,1,0,0.0,1,True,5.0,-13389.525170422476
symmetric2_n2000_ch1.4_s20003,random_PG_2,2,0,0.0,1,True,5.0,-13389.525158551243
symmetric2_n2000_ch1.4_s20003,random_PG_3,3,0,0.0,1,True,5.0,-13389.5251730299
symmetric2_n2000_ch1.4_s20003,random_PG_4,4,0,0.0,1,True,6.0,-13389.52515063458
symmetric2_n2000_ch1.4_s20003,random_PG_5,5,0,0.0,1,True,5.0,-13389.52516157656
symmetric2_n2000_ch1.4_s20003,random_PG_6,6,0,0.0,1,True,5.0,-13389.525164771678
symmetric2_n2000_ch1.4_s20003,random_PG_7,7,0,0.0,1,True,5.0,-13389.525197746614
symmetric2_n2000_ch1.4_s20003,random_PG_8,8,0,0.0,1,True,5.0,-13389.525155897923
symmetric2_n2000_ch1.4_s20003,random_PG_9,9,0,0.0,1,True,5.0,-13389.5251767741
symmetric2_n2000_ch1.4_s20003,km_start_PG,-1,0,0.0,1,True,1.0,-13389.525150814388
symmetric2_n2000_ch1.4_s20003,random_Gaussian_X,0,0,0.0,1,True,24.0,-3645.852133466592
symmetric2_n2000_ch1.4_s20003,random_H_and_labels_PG,0,0,0.0,1,True,3.0,-20523477180.872356
symmetric2_n2000_ch1.4_s20003,random_PG_best,0,0,0.0,1,True,6.0,-13389.525149874558
symmetric2_n2000_ch1.4_s20003,km_X,-1,0,0.0,1,,,
symmetric2_n2000_ch1.4_s20004,random_PG_0,0,0,0.0,1,True,5.0,-13294.413488302494
symmetric2_n2000_ch1.4_s20004,random_PG_1,1,0,0.0,1,True,5.0,-13294.4134987066
symmetric2_n2000_ch1.4_s20004,random_PG_2,2,0,0.0,1,True,5.0,-13294.413476361764
symmetric2_n2000_ch1.4_s20004,random_PG_3,3,0,0.0,1,True,5.0,-13294.413568803066
symmetric2_n2000_ch1.4_s20004,random_PG_4,4,0,0.0,1,True,5.0,-13294.41349192947
symmetric2_n2000_ch1.4_s20004,random_PG_5,5,0,0.0,1,True,5.0,-13294.413506636833
symmetric2_n2000_ch1.4_s20004,random_PG_6,6,0,0.0,1,True,6.0,-13294.413475826688
symmetric2_n2000_ch1.4_s20004,random_PG_7,7,0,0.0,1,True,5.0,-13294.4135150132
symmetric2_n2000_ch1.4_s20004,random_PG_8,8,0,0.0,1,True,5.0,-13294.41349385622
symmetric2_n2000_ch1.4_s20004,random_PG_9,9,0,0.0,1,True,5.0,-13294.413504762122
symmetric2_n2000_ch1.4_s20004,km_start_PG,-1,0,0.0,1,True,1.0,-13294.41347401329
symmetric2_n2000_ch1.4_s20004,random_Gaussian_X,0,0,0.0,1,True,24.0,-3655.554691373063
symmetric2_n2000_ch1.4_s20004,random_H_and_labels_PG,0,0,0.0,1,True,3.0,-645335811.2354181
symmetric2_n2000_ch1.4_s20004,random_PG_best,6,0,0.0,1,True,6.0,-13294.413475826688
symmetric2_n2000_ch1.4_s20004,km_X,-1,0,0.0,1,,,
hierarchical4_n2000_ch1.4_s20004,random_PG_0,0,0,0.0,1,True,11.0,-20273.666623805257
hierarchical4_n2000_ch1.4_s20004,random_PG_1,1,0,0.0,1,True,12.0,-20273.666418755623
hierarchical4_n2000_ch1.4_s20004,random_PG_2,2,0,0.0,1,True,10.0,-20273.66702284078
hierarchical4_n2000_ch1.4_s20004,random_PG_3,3,0,0.0,1,True,10.0,-20273.6673056593
hierarchical4_n2000_ch1.4_s20004,random_PG_4,4,0,0.0,1,True,11.0,-20273.666663376163
hierarchical4_n2000_ch1.4_s20004,random_PG_5,5,0,0.0,1,True,11.0,-20273.66654012064
hierarchical4_n2000_ch1.4_s20004,random_PG_6,6,0,0.0,1,True,12.0,-20273.666394659216
hierarchical4_n2000_ch1.4_s20004,random_PG_7,7,595,0.2975,0,True,19.0,-35557.851620950445
hierarchical4_n2000_ch1.4_s20004,random_PG_8,8,0,0.0,1,True,10.0,-20273.667608457992
hierarchical4_n2000_ch1.4_s20004,random_PG_9,9,0,0.0,1,True,10.0,-20273.66697709531
hierarchical4_n2000_ch1.4_s20004,km_start_PG,-1,0,0.0,1,True,6.0,-20273.666694323336
hierarchical4_n2000_ch1.4_s20004,random_Gaussian_X,0,0,0.0,1,True,13.0,-1793.6519495006264
hierarchical4_n2000_ch1.4_s20004,random_H_and_labels_PG,0,518,0.259,0,True,10.0,-13922250938.527618
hierarchical4_n2000_ch1.4_s20004,random_PG_best,6,0,0.0,1,True,12.0,-20273.666394659216
hierarchical4_n2000_ch1.4_s20004,km_X,-1,0,0.0,1,,,
unequal3_n1000_ch0.8_s20004,random_PG_0,0,0,0.0,1,True,10.0,-8416.01304021783
unequal3_n1000_ch0.8_s20004,random_PG_1,1,0,0.0,1,True,10.0,-8416.012937629355
unequal3_n1000_ch0.8_s20004,random_PG_2,2,0,0.0,1,True,13.0,-8416.012993249242
unequal3_n1000_ch0.8_s20004,random_PG_3,3,0,0.0,1,True,12.0,-8416.012906043836
unequal3_n1000_ch0.8_s20004,random_PG_4,4,0,0.0,1,True,11.0,-8416.012906412543
unequal3_n1000_ch0.8_s20004,random_PG_5,5,0,0.0,1,True,11.0,-8416.012944251399
unequal3_n1000_ch0.8_s20004,random_PG_6,6,0,0.0,1,True,11.0,-8416.012870873808
unequal3_n1000_ch0.8_s20004,random_PG_7,7,0,0.0,1,True,21.0,-8416.01305105217
unequal3_n1000_ch0.8_s20004,random_PG_8,8,0,0.0,1,True,11.0,-8416.012875035784
unequal3_n1000_ch0.8_s20004,random_PG_9,9,0,0.0,1,True,10.0,-8416.01293486269
unequal3_n1000_ch0.8_s20004,km_start_PG,-1,0,0.0,1,True,6.0,-8416.013093112702
unequal3_n1000_ch0.8_s20004,random_Gaussian_X,0,1,0.001,0,True,28.0,-1947.423998405352
unequal3_n1000_ch0.8_s20004,random_H_and_labels_PG,0,0,0.0,1,True,6.0,-39441696.65211761
unequal3_n1000_ch0.8_s20004,random_PG_best,6,0,0.0,1,True,11.0,-8416.012870873808
unequal3_n1000_ch0.8_s20004,km_X,-1,3,0.003,0,,,
unequal3_n1000_ch0.8_s20001,random_PG_0,0,6,0.006,0,True,11.0,-9492.89846651087
unequal3_n1000_ch0.8_s20001,random_PG_1,1,410,0.41,0,True,17.0,-9962.97200200912
unequal3_n1000_ch0.8_s20001,random_PG_2,2,6,0.006,0,True,11.0,-9492.898487121884
unequal3_n1000_ch0.8_s20001,random_PG_3,3,6,0.006,0,True,11.0,-9492.89859805589
unequal3_n1000_ch0.8_s20001,random_PG_4,4,6,0.006,0,True,12.0,-9492.898467144792
unequal3_n1000_ch0.8_s20001,random_PG_5,5,6,0.006,0,True,11.0,-9492.898375000066
unequal3_n1000_ch0.8_s20001,random_PG_6,6,410,0.41,0,True,20.0,-9962.973620389592
unequal3_n1000_ch0.8_s20001,random_PG_7,7,410,0.41,0,True,22.0,-9962.974267293945
unequal3_n1000_ch0.8_s20001,random_PG_8,8,6,0.006,0,True,11.0,-9492.898514340082
unequal3_n1000_ch0.8_s20001,random_PG_9,9,6,0.006,0,True,11.0,-9492.89835726469
unequal3_n1000_ch0.8_s20001,km_start_PG,-1,6,0.006,0,True,8.0,-9492.898411241564
unequal3_n1000_ch0.8_s20001,random_Gaussian_X,0,423,0.423,0,True,152.0,-2333.097388104165
unequal3_n1000_ch0.8_s20001,random_H_and_labels_PG,0,390,0.39,0,True,11.0,-8404392.62339155
unequal3_n1000_ch0.8_s20001,random_PG_best,9,6,0.006,0,True,11.0,-9492.89835726469
unequal3_n1000_ch0.8_s20001,km_X,-1,31,0.031,0,,,
unequal3_n1000_ch0.8_s20000,random_PG_0,0,3,0.003,0,True,10.0,-8158.118534726807
unequal3_n1000_ch0.8_s20000,random_PG_1,1,3,0.003,0,True,10.0,-8158.11866641017
unequal3_n1000_ch0.8_s20000,random_PG_2,2,3,0.003,0,True,10.0,-8158.118521846318
unequal3_n1000_ch0.8_s20000,random_PG_3,3,377,0.377,0,True,29.0,-10003.547934879316
unequal3_n1000_ch0.8_s20000,random_PG_4,4,3,0.003,0,True,12.0,-8158.118533297188
unequal3_n1000_ch0.8_s20000,random_PG_5,5,3,0.003,0,True,10.0,-8158.118672818719
unequal3_n1000_ch0.8_s20000,random_PG_6,6,377,0.377,0,True,27.0,-10003.52082939451
unequal3_n1000_ch0.8_s20000,random_PG_7,7,3,0.003,0,True,13.0,-8158.11871369218
unequal3_n1000_ch0.8_s20000,random_PG_8,8,3,0.003,0,True,11.0,-8158.118541251051
unequal3_n1000_ch0.8_s20000,random_PG_9,9,378,0.378,0,True,42.0,-10003.415567699169
unequal3_n1000_ch0.8_s20000,km_start_PG,-1,3,0.003,0,True,6.0,-8158.118589635277
unequal3_n1000_ch0.8_s20000,random_Gaussian_X,0,3,0.003,0,True,62.0,-1853.553275714952
unequal3_n1000_ch0.8_s20000,random_H_and_labels_PG,0,2,0.002,0,True,6.0,-51403815.22164507
unequal3_n1000_ch0.8_s20000,random_PG_best,2,3,0.003,0,True,10.0,-8158.118521846318
unequal3_n1000_ch0.8_s20000,km_X,-1,1,0.001,0,,,
unequal3_n1000_ch1.4_s20001,random_PG_0,0,0,0.0,1,True,9.0,-8103.797739751577
unequal3_n1000_ch1.4_s20001,random_PG_1,1,0,0.0,1,True,10.0,-8103.79777964038
unequal3_n1000_ch1.4_s20001,random_PG_2,2,0,0.0,1,True,9.0,-8103.797783929527
unequal3_n1000_ch1.4_s20001,random_PG_3,3,203,0.203,0,True,63.0,-11674.057204503297
unequal3_n1000_ch1.4_s20001,random_PG_4,4,0,0.0,1,True,11.0,-8103.797780784641
unequal3_n1000_ch1.4_s20001,random_PG_5,5,0,0.0,1,True,9.0,-8103.797817868512
unequal3_n1000_ch1.4_s20001,random_PG_6,6,0,0.0,1,True,10.0,-8103.797714853157
unequal3_n1000_ch1.4_s20001,random_PG_7,7,0,0.0,1,True,8.0,-8103.798008857557
unequal3_n1000_ch1.4_s20001,random_PG_8,8,203,0.203,0,True,22.0,-11674.054686658506
unequal3_n1000_ch1.4_s20001,random_PG_9,9,0,0.0,1,True,8.0,-8103.797795234201
unequal3_n1000_ch1.4_s20001,km_start_PG,-1,0,0.0,1,True,4.0,-8103.797786496634
unequal3_n1000_ch1.4_s20001,random_Gaussian_X,0,0,0.0,1,True,27.0,-745.5795442239294
unequal3_n1000_ch1.4_s20001,random_H_and_labels_PG,0,0,0.0,1,True,4.0,-55745549.7677704
unequal3_n1000_ch1.4_s20001,random_PG_best,6,0,0.0,1,True,10.0,-8103.797714853157
unequal3_n1000_ch1.4_s20001,km_X,-1,0,0.0,1,,,
unequal3_n1000_ch1.4_s20003,random_PG_0,0,0,0.0,1,True,9.0,-8102.895124485877
unequal3_n1000_ch1.4_s20003,random_PG_1,1,0,0.0,1,True,10.0,-8102.89511255986
unequal3_n1000_ch1.4_s20003,random_PG_2,2,0,0.0,1,True,10.0,-8102.895172251835
unequal3_n1000_ch1.4_s20003,random_PG_3,3,353,0.353,0,True,42.0,-11931.949745470638
unequal3_n1000_ch1.4_s20003,random_PG_4,4,0,0.0,1,True,8.0,-8102.895235277254
unequal3_n1000_ch1.4_s20003,random_PG_5,5,0,0.0,1,True,8.0,-8102.895234288626
unequal3_n1000_ch1.4_s20003,random_PG_6,6,0,0.0,1,True,9.0,-8102.895200343584
unequal3_n1000_ch1.4_s20003,random_PG_7,7,0,0.0,1,True,9.0,-8102.895131021727
unequal3_n1000_ch1.4_s20003,random_PG_8,8,205,0.205,0,True,51.0,-11929.060066146609
unequal3_n1000_ch1.4_s20003,random_PG_9,9,0,0.0,1,True,11.0,-8102.895158386796
unequal3_n1000_ch1.4_s20003,km_start_PG,-1,0,0.0,1,True,3.0,-8102.895205390892
unequal3_n1000_ch1.4_s20003,random_Gaussian_X,0,0,0.0,1,True,22.0,-676.0084148396584
unequal3_n1000_ch1.4_s20003,random_H_and_labels_PG,0,15,0.015,0,True,11.0,-164343479.90681174
unequal3_n1000_ch1.4_s20003,random_PG_best,1,0,0.0,1,True,10.0,-8102.89511255986
unequal3_n1000_ch1.4_s20003,km_X,-1,0,0.0,1,,,
unequal3_n1000_ch1.4_s20000,random_PG_0,0,0,0.0,1,True,8.0,-8198.58559847745
unequal3_n1000_ch1.4_s20000,random_PG_1,1,0,0.0,1,True,8.0,-8198.585633820408
unequal3_n1000_ch1.4_s20000,random_PG_2,2,0,0.0,1,True,9.0,-8198.585535121261
unequal3_n1000_ch1.4_s20000,random_PG_3,3,279,0.279,0,True,64.0,-11691.607905396955
unequal3_n1000_ch1.4_s20000,random_PG_4,4,0,0.0,1,True,10.0,-8198.585552608516
unequal3_n1000_ch1.4_s20000,random_PG_5,5,0,0.0,1,True,9.0,-8198.585576267164
unequal3_n1000_ch1.4_s20000,random_PG_6,6,279,0.279,0,True,67.0,-11691.6097699156
unequal3_n1000_ch1.4_s20000,random_PG_7,7,0,0.0,1,True,9.0,-8198.585586984
unequal3_n1000_ch1.4_s20000,random_PG_8,8,0,0.0,1,True,9.0,-8198.58557255107
unequal3_n1000_ch1.4_s20000,random_PG_9,9,237,0.237,0,True,73.0,-11691.591662203416
unequal3_n1000_ch1.4_s20000,km_start_PG,-1,0,0.0,1,True,3.0,-8198.585720589854
unequal3_n1000_ch1.4_s20000,random_Gaussian_X,0,0,0.0,1,True,17.0,-818.6715172586436
unequal3_n1000_ch1.4_s20000,random_H_and_labels_PG,0,0,0.0,1,True,5.0,-114354494.35948052
unequal3_n1000_ch1.4_s20000,random_PG_best,2,0,0.0,1,True,9.0,-8198.585535121261
unequal3_n1000_ch1.4_s20000,km_X,-1,0,0.0,1,,,
unequal3_n1000_ch0.8_s20003,random_PG_0,0,0,0.0,1,True,11.0,-7694.924464678609
unequal3_n1000_ch0.8_s20003,random_PG_1,1,0,0.0,1,True,12.0,-7694.92449508965
unequal3_n1000_ch0.8_s20003,random_PG_2,2,0,0.0,1,True,12.0,-7694.924531374902
unequal3_n1000_ch0.8_s20003,random_PG_3,3,379,0.379,0,True,163.0,-9772.066967879053
unequal3_n1000_ch0.8_s20003,random_PG_4,4,0,0.0,1,True,10.0,-7694.924659161014
unequal3_n1000_ch0.8_s20003,random_PG_5,5,0,0.0,1,True,11.0,-7694.92448842745
unequal3_n1000_ch0.8_s20003,random_PG_6,6,0,0.0,1,True,12.0,-7694.924451380756
unequal3_n1000_ch0.8_s20003,random_PG_7,7,0,0.0,1,True,16.0,-7694.924388646316
unequal3_n1000_ch0.8_s20003,random_PG_8,8,395,0.395,0,True,71.0,-9771.809694374764
unequal3_n1000_ch0.8_s20003,random_PG_9,9,0,0.0,1,True,12.0,-7694.92448969408
unequal3_n1000_ch0.8_s20003,km_start_PG,-1,0,0.0,1,True,6.0,-7694.924686214304
unequal3_n1000_ch0.8_s20003,random_Gaussian_X,0,0,0.0,1,True,24.0,-1604.5951592251158
unequal3_n1000_ch0.8_s20003,random_H_and_labels_PG,0,89,0.089,0,True,18.0,-46579453.91184005
unequal3_n1000_ch0.8_s20003,random_PG_best,7,0,0.0,1,True,16.0,-7694.924388646316
unequal3_n1000_ch0.8_s20003,km_X,-1,1,0.001,0,,,
unequal3_n1000_ch0.8_s20002,random_PG_0,0,0,0.0,1,True,11.0,-7706.456264659819
unequal3_n1000_ch0.8_s20002,random_PG_1,1,375,0.375,0,True,73.0,-9813.135907912296
unequal3_n1000_ch0.8_s20002,random_PG_2,2,364,0.364,0,True,44.0,-9813.28406275269
unequal3_n1000_ch0.8_s20002,random_PG_3,3,375,0.375,0,True,58.0,-9813.139274536148
unequal3_n1000_ch0.8_s20002,random_PG_4,4,0,0.0,1,True,11.0,-7706.456510976997
unequal3_n1000_ch0.8_s20002,random_PG_5,5,0,0.0,1,True,11.0,-7706.456365954684
unequal3_n1000_ch0.8_s20002,random_PG_6,6,351,0.351,0,True,123.0,-9813.453316420171
unequal3_n1000_ch0.8_s20002,random_PG_7,7,351,0.351,0,True,51.0,-9813.44853877267
unequal3_n1000_ch0.8_s20002,random_PG_8,8,0,0.0,1,True,12.0,-7706.456406738107
unequal3_n1000_ch0.8_s20002,random_PG_9,9,0,0.0,1,True,10.0,-7706.456524621675
unequal3_n1000_ch0.8_s20002,km_start_PG,-1,0,0.0,1,True,6.0,-7706.456434877737
unequal3_n1000_ch0.8_s20002,random_Gaussian_X,0,0,0.0,1,True,13.0,-1711.7744502790115
unequal3_n1000_ch0.8_s20002,random_H_and_labels_PG,0,1,0.001,0,True,7.0,-70852247.19453233
unequal3_n1000_ch0.8_s20002,random_PG_best,0,0,0.0,1,True,11.0,-7706.456264659819
unequal3_n1000_ch0.8_s20002,km_X,-1,0,0.0,1,,,
hierarchical4_n2000_ch0.8_s20003,random_PG_0,0,0,0.0,1,True,16.0,-18551.228293201784
hierarchical4_n2000_ch0.8_s20003,random_PG_1,1,0,0.0,1,True,15.0,-18551.22950184725
hierarchical4_n2000_ch0.8_s20003,random_PG_2,2,554,0.277,0,True,124.0,-23899.434634895977
hierarchical4_n2000_ch0.8_s20003,random_PG_3,3,0,0.0,1,True,14.0,-18551.23171964371
hierarchical4_n2000_ch0.8_s20003,random_PG_4,4,575,0.2875,0,True,75.0,-23893.01005397624
hierarchical4_n2000_ch0.8_s20003,random_PG_5,5,703,0.3515,0,True,103.0,-23803.45989990871
hierarchical4_n2000_ch0.8_s20003,random_PG_6,6,0,0.0,1,True,15.0,-18551.2298822662
hierarchical4_n2000_ch0.8_s20003,random_PG_7,7,0,0.0,1,True,15.0,-18551.22921043401
hierarchical4_n2000_ch0.8_s20003,random_PG_8,8,0,0.0,1,True,14.0,-18551.23127800176
hierarchical4_n2000_ch0.8_s20003,random_PG_9,9,640,0.32,0,True,21.0,-23892.88876059885
hierarchical4_n2000_ch0.8_s20003,km_start_PG,-1,0,0.0,1,True,10.0,-18551.229149340143
hierarchical4_n2000_ch0.8_s20003,random_Gaussian_X,0,0,0.0,1,True,25.0,-3284.716894550137
hierarchical4_n2000_ch0.8_s20003,random_H_and_labels_PG,0,735,0.3675,0,True,15.0,-722484309.0025023
hierarchical4_n2000_ch0.8_s20003,random_PG_best,0,0,0.0,1,True,16.0,-18551.228293201784
hierarchical4_n2000_ch0.8_s20003,km_X,-1,0,0.0,1,,,
unequal3_n1000_ch1.4_s20004,random_PG_0,0,0,0.0,1,True,10.0,-8193.386891165395
unequal3_n1000_ch1.4_s20004,random_PG_1,1,0,0.0,1,True,8.0,-8193.387008516596
unequal3_n1000_ch1.4_s20004,random_PG_2,2,0,0.0,1,True,10.0,-8193.386930536717
unequal3_n1000_ch1.4_s20004,random_PG_3,3,0,0.0,1,True,10.0,-8193.386865852852
unequal3_n1000_ch1.4_s20004,random_PG_4,4,0,0.0,1,True,10.0,-8193.386890044247
unequal3_n1000_ch1.4_s20004,random_PG_5,5,0,0.0,1,True,9.0,-8193.386972288152
unequal3_n1000_ch1.4_s20004,random_PG_6,6,0,0.0,1,True,11.0,-8193.386947825284
unequal3_n1000_ch1.4_s20004,random_PG_7,7,298,0.298,0,True,144.0,-11829.065816520522
unequal3_n1000_ch1.4_s20004,random_PG_8,8,0,0.0,1,True,8.0,-8193.386944277874
unequal3_n1000_ch1.4_s20004,random_PG_9,9,0,0.0,1,True,9.0,-8193.386882936025
unequal3_n1000_ch1.4_s20004,km_start_PG,-1,0,0.0,1,True,4.0,-8193.386943373
unequal3_n1000_ch1.4_s20004,random_Gaussian_X,0,0,0.0,1,True,20.0,-782.5540251530349
unequal3_n1000_ch1.4_s20004,random_H_and_labels_PG,0,0,0.0,1,True,5.0,-150407849.1300403
unequal3_n1000_ch1.4_s20004,random_PG_best,3,0,0.0,1,True,10.0,-8193.386865852852
unequal3_n1000_ch1.4_s20004,km_X,-1,0,0.0,1,,,
unequal3_n1000_ch1.4_s20002,random_PG_0,0,400,0.4,0,True,245.0,-12081.4183535054
unequal3_n1000_ch1.4_s20002,random_PG_1,1,0,0.0,1,True,10.0,-8133.818449217528
unequal3_n1000_ch1.4_s20002,random_PG_2,2,260,0.26,0,True,38.0,-12080.55194515002
unequal3_n1000_ch1.4_s20002,random_PG_3,3,0,0.0,1,True,9.0,-8133.818574368443
unequal3_n1000_ch1.4_s20002,random_PG_4,4,0,0.0,1,True,9.0,-8133.818484175688
unequal3_n1000_ch1.4_s20002,random_PG_5,5,0,0.0,1,True,8.0,-8133.81859959688
unequal3_n1000_ch1.4_s20002,random_PG_6,6,227,0.227,0,True,117.0,-12080.627368579704
unequal3_n1000_ch1.4_s20002,random_PG_7,7,0,0.0,1,True,11.0,-8133.818489405316
unequal3_n1000_ch1.4_s20002,random_PG_8,8,0,0.0,1,True,10.0,-8133.818445268313
unequal3_n1000_ch1.4_s20002,random_PG_9,9,0,0.0,1,True,8.0,-8133.818606480612
unequal3_n1000_ch1.4_s20002,km_start_PG,-1,0,0.0,1,True,4.0,-8133.818485008333
unequal3_n1000_ch1.4_s20002,random_Gaussian_X,0,0,0.0,1,True,15.0,-704.5533149154697
unequal3_n1000_ch1.4_s20002,random_H_and_labels_PG,0,0,0.0,1,True,4.0,-259407061.6180693
unequal3_n1000_ch1.4_s20002,random_PG_best,8,0,0.0,1,True,10.0,-8133.818445268313
unequal3_n1000_ch1.4_s20002,km_X,-1,0,0.0,1,,,
hierarchical4_n2000_ch1.4_s20003,random_PG_0,0,584,0.292,0,True,33.0,-35707.17578291334
hierarchical4_n2000_ch1.4_s20003,random_PG_1,1,0,0.0,1,True,11.0,-20206.492285643217
hierarchical4_n2000_ch1.4_s20003,random_PG_2,2,507,0.2535,0,True,73.0,-29631.158100064345
hierarchical4_n2000_ch1.4_s20003,random_PG_3,3,0,0.0,1,True,10.0,-20206.49274173968
hierarchical4_n2000_ch1.4_s20003,random_PG_4,4,505,0.2525,0,True,32.0,-29632.470330237327
hierarchical4_n2000_ch1.4_s20003,random_PG_5,5,500,0.25,0,True,107.0,-29722.10460505041
hierarchical4_n2000_ch1.4_s20003,random_PG_6,6,0,0.0,1,True,11.0,-20206.49214332953
hierarchical4_n2000_ch1.4_s20003,random_PG_7,7,0,0.0,1,True,10.0,-20206.493117680155
hierarchical4_n2000_ch1.4_s20003,random_PG_8,8,0,0.0,1,True,10.0,-20206.49276499181
hierarchical4_n2000_ch1.4_s20003,random_PG_9,9,502,0.251,0,True,33.0,-29632.80461014842
hierarchical4_n2000_ch1.4_s20003,km_start_PG,-1,0,0.0,1,True,6.0,-20206.492294037336
hierarchical4_n2000_ch1.4_s20003,random_Gaussian_X,0,0,0.0,1,True,18.0,-1615.0400192535255
hierarchical4_n2000_ch1.4_s20003,random_H_and_labels_PG,0,750,0.375,0,True,12.0,-1073570391.2983325
hierarchical4_n2000_ch1.4_s20003,random_PG_best,6,0,0.0,1,True,11.0,-20206.49214332953
hierarchical4_n2000_ch1.4_s20003,km_X,-1,0,0.0,1,,,
unequal3_n2000_ch0.8_s20002,random_PG_0,0,0,0.0,1,True,10.0,-16027.59943599594
unequal3_n2000_ch0.8_s20002,random_PG_1,1,800,0.4,0,True,65.0,-20389.754277639688
unequal3_n2000_ch0.8_s20002,random_PG_2,2,0,0.0,1,True,18.0,-16027.59956348587
unequal3_n2000_ch0.8_s20002,random_PG_3,3,0,0.0,1,True,10.0,-16027.599604051422
unequal3_n2000_ch0.8_s20002,random_PG_4,4,0,0.0,1,True,10.0,-16027.599321693604
unequal3_n2000_ch0.8_s20002,random_PG_5,5,0,0.0,1,True,13.0,-16027.59920392189
unequal3_n2000_ch0.8_s20002,random_PG_6,6,0,0.0,1,True,12.0,-16027.599186791633
unequal3_n2000_ch0.8_s20002,random_PG_7,7,0,0.0,1,True,10.0,-16027.599387336915
unequal3_n2000_ch0.8_s20002,random_PG_8,8,0,0.0,1,True,12.0,-16027.59917486563
unequal3_n2000_ch0.8_s20002,random_PG_9,9,0,0.0,1,True,11.0,-16027.599201643314
unequal3_n2000_ch0.8_s20002,km_start_PG,-1,0,0.0,1,True,6.0,-16027.59954744354
unequal3_n2000_ch0.8_s20002,random_Gaussian_X,0,1,0.0005,0,True,15.0,-3309.6213118289875
unequal3_n2000_ch0.8_s20002,random_H_and_labels_PG,0,6,0.003,0,True,6.0,-148132589.70858914
unequal3_n2000_ch0.8_s20002,random_PG_best,8,0,0.0,1,True,12.0,-16027.59917486563
unequal3_n2000_ch0.8_s20002,km_X,-1,2,0.001,0,,,
unequal3_n2000_ch1.4_s20002,random_PG_0,0,0,0.0,1,True,8.0,-16589.307876573817
unequal3_n2000_ch1.4_s20002,random_PG_1,1,0,0.0,1,True,10.0,-16589.30780312098
unequal3_n2000_ch1.4_s20002,random_PG_2,2,0,0.0,1,True,10.0,-16589.30766178997
unequal3_n2000_ch1.4_s20002,random_PG_3,3,0,0.0,1,True,8.0,-16589.307900602027
unequal3_n2000_ch1.4_s20002,random_PG_4,4,0,0.0,1,True,8.0,-16589.307913014698
unequal3_n2000_ch1.4_s20002,random_PG_5,5,0,0.0,1,True,9.0,-16589.307677811652
unequal3_n2000_ch1.4_s20002,random_PG_6,6,0,0.0,1,True,10.0,-16589.30764680891
unequal3_n2000_ch1.4_s20002,random_PG_7,7,0,0.0,1,True,8.0,-16589.30782266564
unequal3_n2000_ch1.4_s20002,random_PG_8,8,0,0.0,1,True,11.0,-16589.307778527305
unequal3_n2000_ch1.4_s20002,random_PG_9,9,0,0.0,1,True,8.0,-16589.30791773637
unequal3_n2000_ch1.4_s20002,km_start_PG,-1,0,0.0,1,True,4.0,-16589.30769604676
unequal3_n2000_ch1.4_s20002,random_Gaussian_X,0,0,0.0,1,True,16.0,-1259.014963240958
unequal3_n2000_ch1.4_s20002,random_H_and_labels_PG,0,28,0.014,0,True,6.0,-1374377883.1292958
unequal3_n2000_ch1.4_s20002,random_PG_best,6,0,0.0,1,True,10.0,-16589.30764680891
unequal3_n2000_ch1.4_s20002,km_X,-1,0,0.0,1,,,
unequal3_n2000_ch0.8_s20000,random_PG_0,0,835,0.4175,0,True,47.0,-20388.746836655315
unequal3_n2000_ch0.8_s20000,random_PG_1,1,0,0.0,1,True,12.0,-15936.365505134338
unequal3_n2000_ch0.8_s20000,random_PG_2,2,0,0.0,1,True,11.0,-15936.365345961764
unequal3_n2000_ch0.8_s20000,random_PG_3,3,0,0.0,1,True,13.0,-15936.365411140954
unequal3_n2000_ch0.8_s20000,random_PG_4,4,0,0.0,1,True,10.0,-15936.365477551568
unequal3_n2000_ch0.8_s20000,random_PG_5,5,0,0.0,1,True,11.0,-15936.365637866018
unequal3_n2000_ch0.8_s20000,random_PG_6,6,831,0.4155,0,True,68.0,-20388.91560628226
unequal3_n2000_ch0.8_s20000,random_PG_7,7,832,0.416,0,True,36.0,-20388.918332567104
unequal3_n2000_ch0.8_s20000,random_PG_8,8,0,0.0,1,True,12.0,-15936.365675228928
unequal3_n2000_ch0.8_s20000,random_PG_9,9,831,0.4155,0,True,76.0,-20388.92093063513
unequal3_n2000_ch0.8_s20000,km_start_PG,-1,0,0.0,1,True,6.0,-15936.365435044998
unequal3_n2000_ch0.8_s20000,random_Gaussian_X,0,1,0.0005,0,True,21.0,-3174.445042865525
unequal3_n2000_ch0.8_s20000,random_H_and_labels_PG,0,2,0.001,0,True,7.0,-103836793.65756704
unequal3_n2000_ch0.8_s20000,random_PG_best,2,0,0.0,1,True,11.0,-15936.365345961764
unequal3_n2000_ch0.8_s20000,km_X,-1,0,0.0,1,,,
unequal3_n2000_ch0.8_s20001,random_PG_0,0,0,0.0,1,True,10.0,-16025.371381660643
unequal3_n2000_ch0.8_s20001,random_PG_1,1,0,0.0,1,True,10.0,-16025.37134429935
unequal3_n2000_ch0.8_s20001,random_PG_2,2,0,0.0,1,True,10.0,-16025.37124497874
unequal3_n2000_ch0.8_s20001,random_PG_3,3,747,0.3735,0,True,126.0,-20371.02152401083
unequal3_n2000_ch0.8_s20001,random_PG_4,4,0,0.0,1,True,12.0,-16025.371582436026
unequal3_n2000_ch0.8_s20001,random_PG_5,5,772,0.386,0,True,45.0,-20370.46633578559
unequal3_n2000_ch0.8_s20001,random_PG_6,6,0,0.0,1,True,13.0,-16025.371244902695
unequal3_n2000_ch0.8_s20001,random_PG_7,7,0,0.0,1,True,10.0,-16025.371395297132
unequal3_n2000_ch0.8_s20001,random_PG_8,8,0,0.0,1,True,10.0,-16025.37132685196
unequal3_n2000_ch0.8_s20001,random_PG_9,9,772,0.386,0,True,48.0,-20370.456498238105
unequal3_n2000_ch0.8_s20001,km_start_PG,-1,0,0.0,1,True,6.0,-16025.371438898595
unequal3_n2000_ch0.8_s20001,random_Gaussian_X,0,0,0.0,1,True,25.0,-3297.64702708873
unequal3_n2000_ch0.8_s20001,random_H_and_labels_PG,0,85,0.0425,0,True,13.0,-334145196.39252573
unequal3_n2000_ch0.8_s20001,random_PG_best,6,0,0.0,1,True,13.0,-16025.371244902695
unequal3_n2000_ch0.8_s20001,km_X,-1,1,0.0005,0,,,
unequal3_n2000_ch1.4_s20001,random_PG_0,0,0,0.0,1,True,9.0,-16487.710077626038
unequal3_n2000_ch1.4_s20001,random_PG_1,1,0,0.0,1,True,8.0,-16487.710462964373
unequal3_n2000_ch1.4_s20001,random_PG_2,2,0,0.0,1,True,9.0,-16487.710093829694
unequal3_n2000_ch1.4_s20001,random_PG_3,3,423,0.2115,0,True,47.0,-24960.67010361983
unequal3_n2000_ch1.4_s20001,random_PG_4,4,0,0.0,1,True,10.0,-16487.71002883668
unequal3_n2000_ch1.4_s20001,random_PG_5,5,0,0.0,1,True,10.0,-16487.710100162803
unequal3_n2000_ch1.4_s20001,random_PG_6,6,0,0.0,1,True,9.0,-16487.71017257765
unequal3_n2000_ch1.4_s20001,random_PG_7,7,0,0.0,1,True,9.0,-16487.71009306018
unequal3_n2000_ch1.4_s20001,random_PG_8,8,0,0.0,1,True,8.0,-16487.710563839257
unequal3_n2000_ch1.4_s20001,random_PG_9,9,413,0.2065,0,True,68.0,-24971.36285585396
unequal3_n2000_ch1.4_s20001,km_start_PG,-1,0,0.0,1,True,4.0,-16487.710074504626
unequal3_n2000_ch1.4_s20001,random_Gaussian_X,0,0,0.0,1,True,23.0,-1104.5843017503532
unequal3_n2000_ch1.4_s20001,random_H_and_labels_PG,0,0,0.0,1,True,4.0,-431772593.45732856
unequal3_n2000_ch1.4_s20001,random_PG_best,4,0,0.0,1,True,10.0,-16487.71002883668
unequal3_n2000_ch1.4_s20001,km_X,-1,0,0.0,1,,,
unequal3_n2000_ch0.8_s20003,random_PG_0,0,794,0.397,0,True,79.0,-20359.35151512841
unequal3_n2000_ch0.8_s20003,random_PG_1,1,0,0.0,1,True,11.0,-15960.922659640377
unequal3_n2000_ch0.8_s20003,random_PG_2,2,794,0.397,0,True,44.0,-20359.35685589828
unequal3_n2000_ch0.8_s20003,random_PG_3,3,0,0.0,1,True,10.0,-15960.922524010955
unequal3_n2000_ch0.8_s20003,random_PG_4,4,0,0.0,1,True,12.0,-15960.922573519523
unequal3_n2000_ch0.8_s20003,random_PG_5,5,0,0.0,1,True,11.0,-15960.922943911908
unequal3_n2000_ch0.8_s20003,random_PG_6,6,0,0.0,1,True,10.0,-15960.92268513733
unequal3_n2000_ch0.8_s20003,random_PG_7,7,0,0.0,1,True,11.0,-15960.92263717945
unequal3_n2000_ch0.8_s20003,random_PG_8,8,794,0.397,0,True,86.0,-20359.351141754985
unequal3_n2000_ch0.8_s20003,random_PG_9,9,796,0.398,0,True,42.0,-20359.334260856303
unequal3_n2000_ch0.8_s20003,km_start_PG,-1,0,0.0,1,True,7.0,-15960.922399089926
unequal3_n2000_ch0.8_s20003,random_Gaussian_X,0,0,0.0,1,True,14.0,-3228.421595260875
unequal3_n2000_ch0.8_s20003,random_H_and_labels_PG,0,98,0.049,0,True,24.0,-617331405.3699485
unequal3_n2000_ch0.8_s20003,random_PG_best,3,0,0.0,1,True,10.0,-15960.922524010955
unequal3_n2000_ch0.8_s20003,km_X,-1,0,0.0,1,,,
unequal3_n2000_ch1.4_s20004,random_PG_0,0,0,0.0,1,True,9.0,-16451.43329839514
unequal3_n2000_ch1.4_s20004,random_PG_1,1,424,0.212,0,True,22.0,-24858.35803813068
unequal3_n2000_ch1.4_s20004,random_PG_2,2,401,0.2005,0,True,33.0,-24864.559857520508
unequal3_n2000_ch1.4_s20004,random_PG_3,3,416,0.208,0,True,35.0,-24858.67904043138
unequal3_n2000_ch1.4_s20004,random_PG_4,4,0,0.0,1,True,8.0,-16451.433624495658
unequal3_n2000_ch1.4_s20004,random_PG_5,5,0,0.0,1,True,10.0,-16451.433294302733
unequal3_n2000_ch1.4_s20004,random_PG_6,6,0,0.0,1,True,8.0,-16451.433372946103
unequal3_n2000_ch1.4_s20004,random_PG_7,7,0,0.0,1,True,8.0,-16451.433332666158
unequal3_n2000_ch1.4_s20004,random_PG_8,8,0,0.0,1,True,9.0,-16451.433287999636
unequal3_n2000_ch1.4_s20004,random_PG_9,9,435,0.2175,0,True,31.0,-24858.19092206251
unequal3_n2000_ch1.4_s20004,km_start_PG,-1,0,0.0,1,True,3.0,-16451.433548283112
unequal3_n2000_ch1.4_s20004,random_Gaussian_X,0,0,0.0,1,True,15.0,-1126.3583496482493
unequal3_n2000_ch1.4_s20004,random_H_and_labels_PG,0,4,0.002,0,True,5.0,-8542523411.353575
unequal3_n2000_ch1.4_s20004,random_PG_best,8,0,0.0,1,True,9.0,-16451.433287999636
unequal3_n2000_ch1.4_s20004,km_X,-1,0,0.0,1,,,
unequal3_n2000_ch0.8_s20004,random_PG_0,0,0,0.0,1,True,14.0,-15673.253312167804
unequal3_n2000_ch0.8_s20004,random_PG_1,1,0,0.0,1,True,14.0,-15673.25309225362
unequal3_n2000_ch0.8_s20004,random_PG_2,2,839,0.4195,0,True,143.0,-20201.6806381711
unequal3_n2000_ch0.8_s20004,random_PG_3,3,839,0.4195,0,True,117.0,-20201.68034848064
unequal3_n2000_ch0.8_s20004,random_PG_4,4,0,0.0,1,True,10.0,-15673.25355140534
unequal3_n2000_ch0.8_s20004,random_PG_5,5,0,0.0,1,True,11.0,-15673.253083618038
unequal3_n2000_ch0.8_s20004,random_PG_6,6,0,0.0,1,True,12.0,-15673.253027229968
unequal3_n2000_ch0.8_s20004,random_PG_7,7,0,0.0,1,True,10.0,-15673.253211805928
unequal3_n2000_ch0.8_s20004,random_PG_8,8,0,0.0,1,True,11.0,-15673.253075243543
unequal3_n2000_ch0.8_s20004,random_PG_9,9,839,0.4195,0,True,130.0,-20201.689898885805
unequal3_n2000_ch0.8_s20004,km_start_PG,-1,0,0.0,1,True,6.0,-15673.253262991131
unequal3_n2000_ch0.8_s20004,random_Gaussian_X,0,0,0.0,1,True,14.0,-3155.28008945469
unequal3_n2000_ch0.8_s20004,random_H_and_labels_PG,0,7,0.0035,0,True,4.0,-3139272369.3422823
unequal3_n2000_ch0.8_s20004,random_PG_best,6,0,0.0,1,True,12.0,-15673.253027229968
unequal3_n2000_ch0.8_s20004,km_X,-1,2,0.001,0,,,
unequal3_n2000_ch1.4_s20000,random_PG_0,0,0,0.0,1,True,9.0,-16500.17754008693
unequal3_n2000_ch1.4_s20000,random_PG_1,1,0,0.0,1,True,10.0,-16500.177574161586
unequal3_n2000_ch1.4_s20000,random_PG_2,2,0,0.0,1,True,8.0,-16500.177707205712
unequal3_n2000_ch1.4_s20000,random_PG_3,3,0,0.0,1,True,9.0,-16500.177673704497
unequal3_n2000_ch1.4_s20000,random_PG_4,4,0,0.0,1,True,8.0,-16500.17769195015
unequal3_n2000_ch1.4_s20000,random_PG_5,5,0,0.0,1,True,9.0,-16500.1776838587
unequal3_n2000_ch1.4_s20000,random_PG_6,6,548,0.274,0,False,300.0,-24728.074741847915
unequal3_n2000_ch1.4_s20000,random_PG_7,7,499,0.2495,0,True,189.0,-24727.07125014931
unequal3_n2000_ch1.4_s20000,random_PG_8,8,401,0.2005,0,True,45.0,-24747.19449576329
unequal3_n2000_ch1.4_s20000,random_PG_9,9,492,0.246,0,True,52.0,-24727.01005940939
unequal3_n2000_ch1.4_s20000,km_start_PG,-1,0,0.0,1,True,4.0,-16500.17759183365
unequal3_n2000_ch1.4_s20000,random_Gaussian_X,0,0,0.0,1,True,12.0,-1129.8628001003262
unequal3_n2000_ch1.4_s20000,random_H_and_labels_PG,0,0,0.0,1,True,5.0,-176162156.84460914
unequal3_n2000_ch1.4_s20000,random_PG_best,0,0,0.0,1,True,9.0,-16500.17754008693
unequal3_n2000_ch1.4_s20000,km_X,-1,0,0.0,1,,,
unequal3_n2000_ch1.4_s20003,random_PG_0,0,837,0.4185,0,True,172.0,-25064.908869739924
unequal3_n2000_ch1.4_s20003,random_PG_1,1,0,0.0,1,True,8.0,-16690.28724403456
unequal3_n2000_ch1.4_s20003,random_PG_2,2,657,0.3285,0,True,41.0,-25064.760754489624
unequal3_n2000_ch1.4_s20003,random_PG_3,3,0,0.0,1,True,8.0,-16690.287137248302
unequal3_n2000_ch1.4_s20003,random_PG_4,4,0,0.0,1,True,10.0,-16690.286946085034
unequal3_n2000_ch1.4_s20003,random_PG_5,5,0,0.0,1,True,8.0,-16690.287522450457
unequal3_n2000_ch1.4_s20003,random_PG_6,6,0,0.0,1,True,9.0,-16690.2870938874
unequal3_n2000_ch1.4_s20003,random_PG_7,7,0,0.0,1,True,8.0,-16690.287090948892
unequal3_n2000_ch1.4_s20003,random_PG_8,8,832,0.416,0,True,206.0,-25064.88970136515
unequal3_n2000_ch1.4_s20003,random_PG_9,9,569,0.2845,0,True,83.0,-25065.490595586474
unequal3_n2000_ch1.4_s20003,km_start_PG,-1,0,0.0,1,True,4.0,-16690.287022851648
unequal3_n2000_ch1.4_s20003,random_Gaussian_X,0,0,0.0,1,True,14.0,-1304.1612150469823
unequal3_n2000_ch1.4_s20003,random_H_and_labels_PG,0,1,0.0005,0,True,6.0,-1192381453.7523582
unequal3_n2000_ch1.4_s20003,random_PG_best,4,0,0.0,1,True,10.0,-16690.286946085034
unequal3_n2000_ch1.4_s20003,km_X,-1,0,0.0,1,,,
