model,n,k,degree_target,seed,degree_realized,fraction_capped,fraction_isolated,eigenvalues,eig_seconds,negative_eigenvalues,method,stage,seconds,failed,error,ari,min_cluster,max_cluster,objective,n_iter,converged,selected_restart,decoder_fallback,centroid_condition,block_clipped_fraction,negative_count_fraction,decreases,objective_per_node,status,initialization,fit_seed,numerical_rejections,effective_components,empty_hard_clusters,best_run,n_init,master_seed,covariance_eigenvalue_floor,backtracks,decoder_reason
k2_symmetric,1200,2,24.0,0,24.066666666666666,0.0,0.0,"[25.05073169946862, 16.248253751634564]",0.002195963003032375,0,km_classic_U,initial,0.008487507999234367,0,0.0008333333333333526,0.9966666643557163,599,601,-193.98352710041522,3.0,True,0.0,,,,,,,,,,,,,,,,,,
k2_symmetric,1200,2,24.0,0,24.066666666666666,0.0,0.0,"[25.05073169946862, 16.248253751634564]",0.002195963003032375,0,km_classic_U,decoded,0.008916122998925857,0,0.0008333333333333526,0.9966666643557163,599,601,,,,,0.0,1.0433898380957418,0.0,0.022916666666666665,,,,,,,,,,,,,,
k2_symmetric,1200,2,24.0,0,24.066666666666666,0.0,0.0,"[25.05073169946862, 16.248253751634564]",0.002195963003032375,0,km_ASE,initial,0.006524495001940522,0,0.0008333333333333526,0.9966666643557163,599,601,-3595.9714768120057,3.0,True,0.0,,,,,,,,,,,,,,,,,,
k2_symmetric,1200,2,24.0,0,24.066666666666666,0.0,0.0,"[25.05073169946862, 16.248253751634564]",0.002195963003032375,0,km_ASE,decoded,0.006800531002227217,0,0.0008333333333333526,0.9966666643557163,599,601,,,,,0.0,1.0433898380957418,0.0,0.022916666666666665,,,,,,,,,,,,,,
k2_symmetric,1200,2,24.0,0,24.066666666666666,0.0,0.0,"[25.05073169946862, 16.248253751634564]",0.002195963003032375,0,km_RRE,initial,0.006486718004452996,0,0.0008333333333333526,0.9966666643557163,599,601,-69552.73348687557,3.0,True,0.0,,,,,,,,,,,,,,,,,,
k2_symmetric,1200,2,24.0,0,24.066666666666666,0.0,0.0,"[25.05073169946862, 16.248253751634564]",0.002195963003032375,0,km_RRE,decoded,0.006750715008820407,0,0.0008333333333333526,0.9966666643557163,599,601,,,,,0.0,1.0433898380957418,0.0,0.022916666666666665,,,,,,,,,,,,,,
k2_symmetric,1200,2,24.0,0,24.066666666666666,0.0,0.0,"[25.05073169946862, 16.248253751634564]",0.002195963003032375,0,km_spec,initial,0.007337748000281863,0,0.0,1.0,600,600,-1342.4086739413979,6.0,True,0.0,,,,,,,,,,,,,,,,,,
k2_symmetric,1200,2,24.0,0,24.066666666666666,0.0,0.0,"[25.05073169946862, 16.248253751634564]",0.002195963003032375,0,km_spec,decoded,0.007605129998410121,0,0.0008333333333333526,0.9966666643557163,599,601,,,,,0.0,1.0432781544210907,0.0,0.0225,,,,,,,,,,,,,,
k2_symmetric,1200,2,24.0,0,24.066666666666666,0.0,0.0,"[25.05073169946862, 16.248253751634564]",0.002195963003032375,0,gmm_tied_spec,initial,0.04860624000139069,0,0.0008333333333333526,0.9966666643557163,599,601,-2959.0790309785007,10.0,True,4.0,,,,,0.0,,,,,,,,,,,,,
k2_symmetric,1200,2,24.0,0,24.066666666666666,0.0,0.0,"[25.05073169946862, 16.248253751634564]",0.002195963003032375,0,gmm_tied_spec,decoded,0.048895956002525054,0,0.0008333333333333526,0.9966666643557163,599,601,,,,,0.0,1.0433898380957418,0.0,0.022916666666666665,,,,,,,,,,,,,,
k2_symmetric,1200,2,24.0,0,24.066666666666666,0.0,0.0,"[25.05073169946862, 16.248253751634564]",0.002195963003032375,0,gmm_full_spec,initial,0.045284920000995044,0,0.0008333333333333526,0.9966666643557163,599,601,-2690.631222714145,10.0,True,4.0,,,,,0.0,,,,,,,,,,,,,
k2_symmetric,1200,2,24.0,0,24.066666666666666,0.0,0.0,"[25.05073169946862, 16.248253751634564]",0.002195963003032375,0,gmm_full_spec,decoded,0.04562733499915339,0,0.0008333333333333526,0.9966666643557163,599,601,,,,,0.0,1.0433898380957418,0.0,0.022916666666666665,,,,,,,,,,,,,,
k2_symmetric,1200,2,24.0,0,24.066666666666666,0.0,0.0,"[25.05073169946862, 16.248253751634564]",0.002195963003032375,0,km_spec_degree,initial,0.007887485997343902,0,0.4916666666666667,-0.000550915003506982,550,650,-2104.341392293929,13.0,True,0.0,,,,,,,,,,,,,,,,,,
k2_symmetric,1200,2,24.0,0,24.066666666666666,0.0,0.0,"[25.05073169946862, 16.248253751634564]",0.002195963003032375,0,km_spec_degree,decoded,0.008189460000721738,0,0.4,0.039214383470854736,516,684,,,,,0.0,54.29453724840117,0.0,0.5,,,,,,,,,,,,,,
k2_symmetric,1200,2,24.0,0,24.066666666666666,0.0,0.0,"[25.05073169946862, 16.248253751634564]",0.002195963003032375,0,gmm_full_spec_degree,initial,0.04251662999740802,0,0.0008333333333333526,0.9966666643557163,599,601,-2466.190321221045,9.0,True,1.0,,,,,0.0,,,,,,,,,,,,,
k2_symmetric,1200,2,24.0,0,24.066666666666666,0.0,0.0,"[25.05073169946862, 16.248253751634564]",0.002195963003032375,0,gmm_full_spec_degree,decoded,0.04285313699801918,0,0.0008333333333333526,0.9966666643557163,599,601,,,,,0.0,1.0433898380957418,0.0,0.022916666666666665,,,,,,,,,,,,,,
k2_symmetric,1200,2,24.0,0,24.066666666666666,0.0,0.0,"[25.05073169946862, 16.248253751634564]",0.002195963003032375,0,km_neighbor_degree,initial,0.008254558000771794,0,0.0008333333333333526,0.9966666643557163,599,601,-2500.4471013473885,9.0,True,1.0,,,,,,,,,,,,,,,,,,
k2_symmetric,1200,2,24.0,0,24.066666666666666,0.0,0.0,"[25.05073169946862, 16.248253751634564]",0.002195963003032375,0,km_neighbor_degree,decoded,0.008584192997659557,0,0.0008333333333333526,0.9966666643557163,599,601,,,,,0.0,1.0433898380957418,0.0,0.022916666666666665,,,,,,,,,,,,,,
k2_symmetric,1200,2,24.0,0,24.066666666666666,0.0,0.0,"[25.05073169946862, 16.248253751634564]",0.002195963003032375,0,gmm_full_neighbor_degree,initial,0.07814438700006576,0,0.0008333333333333526,0.9966666643557163,599,601,-4422.274909610485,31.0,True,4.0,,,,,0.0,,,,,,,,,,,,,
k2_symmetric,1200,2,24.0,0,24.066666666666666,0.0,0.0,"[25.05073169946862, 16.248253751634564]",0.002195963003032375,0,gmm_full_neighbor_degree,decoded,0.07850149400474038,0,0.0008333333333333526,0.9966666643557163,599,601,,,,,0.0,1.0433898380957418,0.0,0.022916666666666665,,,,,,,,,,,,,,
k2_symmetric,1200,2,24.0,0,24.066666666666666,0.0,0.0,"[25.05073169946862, 16.248253751634564]",0.002195963003032375,0,poisson_gaussian,initial,0.07780227200419176,0,0.0008333333333333526,0.9966666643557163,599,601,-6304.017060787324,8.0,True,,,,,,,-5.253347550656104,converged,random_data,2922523935.0,0.0,2.0,0.0,5.0,6.0,7919.0,0.02,,
k2_symmetric,1200,2,24.0,0,24.066666666666666,0.0,0.0,"[25.05073169946862, 16.248253751634564]",0.002195963003032375,0,poisson_gaussian,decoded,0.07809005500166677,0,0.0008333333333333526,0.9966666643557163,599,601,,,,,0.0,1.0433898380957418,0.0,0.022916666666666665,,,,,,,,,,,,,,
k2_symmetric,1200,2,24.0,0,24.066666666666666,0.0,0.0,"[25.05073169946862, 16.248253751634564]",0.002195963003032375,0,spectral_bernoulli_surrogate,initial,0.05908578600065084,0,0.0008333333333333526,0.9966666643557163,599,601,-68789.64760354414,5.0,True,4.0,,,,,,,,,,,,,,,,,0.0,
k2_symmetric,1200,2,24.0,0,24.066666666666666,0.0,0.0,"[25.05073169946862, 16.248253751634564]",0.002195963003032375,0,spectral_bernoulli_surrogate,decoded,0.059399648001999594,0,0.0008333333333333526,0.9966666643557163,599,601,,,,,0.0,1.0433898380957418,0.0,0.022916666666666665,,,,,,,,,,,,,,
k2_symmetric,1200,2,24.0,0,24.066666666666666,0.0,0.0,"[25.05073169946862, 16.248253751634564]",0.002195963003032375,0,raw_bernoulli_vem,initial,0.057667763001518324,0,0.0,1.0,600,600,-68680.93384449602,4.0,True,5.0,,,,,,,,,,,,,,,,,0.0,
k2_symmetric,1200,2,24.0,0,24.066666666666666,0.0,0.0,"[25.05073169946862, 16.248253751634564]",0.002195963003032375,0,edge_only_oracle,reference,0.0,0,0.0,1.0,600,600,,,,,,,,,,,,,,,,,,,,,,
k2_symmetric,1200,2,24.0,1,24.11,0.0,0.0,"[25.070558673508536, 16.032761769381562]",0.0029206040053395554,0,km_classic_U,initial,0.008700799000507686,0,0.0033333333333332993,0.9867000186727878,598,602,-180.43339644219944,3.0,True,0.0,,,,,,,,,,,,,,,,,,
k2_symmetric,1200,2,24.0,1,24.11,0.0,0.0,"[25.070558673508536, 16.032761769381562]",0.0029206040053395554,0,km_classic_U,decoded,0.009286901004088577,0,0.0033333333333332993,0.9867000186727878,598,602,,,,,0.0,1.038724555575934,0.0,0.016666666666666666,,,,,,,,,,,,,,
k2_symmetric,1200,2,24.0,1,24.11,0.0,0.0,"[25.070558673508536, 16.032761769381562]",0.0029206040053395554,0,km_ASE,initial,0.006447228995966725,0,0.0033333333333332993,0.9867000186727878,598,602,-3335.4399237278803,3.0,True,0.0,,,,,,,,,,,,,,,,,,
k2_symmetric,1200,2,24.0,1,24.11,0.0,0.0,"[25.070558673508536, 16.032761769381562]",0.0029206040053395554,0,km_ASE,decoded,0.006758726995030884,0,0.0033333333333332993,0.9867000186727878,598,602,,,,,0.0,1.038724555575934,0.0,0.016666666666666666,,,,,,,,,,,,,,
k2_symmetric,1200,2,24.0,1,24.11,0.0,0.0,"[25.070558673508536, 16.032761769381562]",0.0029206040053395554,0,km_RRE,initial,0.006344525005260948,0,0.0033333333333332993,0.9867000186727878,598,602,-64572.39914057929,3.0,True,0.0,,,,,,,,,,,,,,,,,,
k2_symmetric,1200,2,24.0,1,24.11,0.0,0.0,"[25.070558673508536, 16.032761769381562]",0.0029206040053395554,0,km_RRE,decoded,0.006609865005884785,0,0.0033333333333332993,0.9867000186727878,598,602,,,,,0.0,1.038724555575934,0.0,0.016666666666666666,,,,,,,,,,,,,,
k2_symmetric,1200,2,24.0,1,24.11,0.0,0.0,"[25.070558673508536, 16.032761769381562]",0.0029206040053395554,0,km_spec,initial,0.007587844993395265,0,0.0033333333333332993,0.9867000186727878,598,602,-1329.6831288409494,14.0,True,0.0,,,,,,,,,,,,,,,,,,
k2_symmetric,1200,2,24.0,1,24.11,0.0,0.0,"[25.070558673508536, 16.032761769381562]",0.0029206040053395554,0,km_spec,decoded,0.007849147994420491,0,0.0033333333333332993,0.9867000186727878,598,602,,,,,0.0,1.038724555575934,0.0,0.016666666666666666,,,,,,,,,,,,,,
k2_symmetric,1200,2,24.0,1,24.11,0.0,0.0,"[25.070558673508536, 16.032761769381562]",0.0029206040053395554,0,gmm_tied_spec,initial,0.04845176899834769,0,0.0033333333333332993,0.9867000186727878,598,602,-2905.060249999303,10.0,True,5.0,,,,,0.0,,,,,,,,,,,,,
k2_symmetric,1200,2,24.0,1,24.11,0.0,0.0,"[25.070558673508536, 16.032761769381562]",0.0029206040053395554,0,gmm_tied_spec,decoded,0.04875958200136665,0,0.0033333333333332993,0.9867000186727878,598,602,,,,,0.0,1.038724555575934,0.0,0.016666666666666666,,,,,,,,,,,,,,
k2_symmetric,1200,2,24.0,1,24.11,0.0,0.0,"[25.070558673508536, 16.032761769381562]",0.0029206040053395554,0,gmm_full_spec,initial,0.03800337099528406,0,0.004166666666666652,0.9833889240157199,597,603,-2644.4725326037305,11.0,True,3.0,,,,,0.0,,,,,,,,,,,,,
k2_symmetric,1200,2,24.0,1,24.11,0.0,0.0,"[25.070558673508536, 16.032761769381562]",0.0029206040053395554,0,gmm_full_spec,decoded,0.038312735996441916,0,0.0033333333333332993,0.9867000186727878,598,602,,,,,0.0,1.039093320514067,0.0,0.01625,,,,,,,,,,,,,,
k2_symmetric,1200,2,24.0,1,24.11,0.0,0.0,"[25.070558673508536, 16.032761769381562]",0.0029206040053395554,0,km_spec_degree,initial,0.007629027000803035,0,0.46499999999999997,0.004071176053139432,572,628,-2046.4764691537791,4.0,True,2.0,,,,,,,,,,,,,,,,,,
k2_symmetric,1200,2,24.0,1,24.11,0.0,0.0,"[25.070558673508536, 16.032761769381562]",0.0029206040053395554,0,km_spec_degree,decoded,0.007927106002171058,0,0.2316666666666667,0.28742126417385844,548,652,,,,,0.0,19.04081716864323,0.0,0.4979166666666667,,,,,,,,,,,,,,
k2_symmetric,1200,2,24.0,1,24.11,0.0,0.0,"[25.070558673508536, 16.032761769381562]",0.0029206040053395554,0,gmm_full_spec_degree,initial,0.07931931399798486,0,0.004166666666666652,0.9833889240157199,597,603,-2418.3916323025805,87.0,True,2.0,,,,,0.0,,,,,,,,,,,,,
k2_symmetric,1200,2,24.0,1,24.11,0.0,0.0,"[25.070558673508536, 16.032761769381562]",0.0029206040053395554,0,gmm_full_spec_degree,decoded,0.07964691699453397,0,0.0033333333333332993,0.9867000186727878,598,602,,,,,0.0,1.039093320514067,0.0,0.01625,,,,,,,,,,,,,,
k2_symmetric,1200,2,24.0,1,24.11,0.0,0.0,"[25.070558673508536, 16.032761769381562]",0.0029206040053395554,0,km_neighbor_degree,initial,0.007912944005511235,0,0.0033333333333332993,0.9867000186727878,598,602,-2489.7842528969086,13.0,True,0.0,,,,,,,,,,,,,,,,,,
k2_symmetric,1200,2,24.0,1,24.11,0.0,0.0,"[25.070558673508536, 16.032761769381562]",0.0029206040053395554,0,km_neighbor_degree,decoded,0.008221188007155433,0,0.0033333333333332993,0.9867000186727878,598,602,,,,,0.0,1.038724555575934,0.0,0.016666666666666666,,,,,,,,,,,,,,
k2_symmetric,1200,2,24.0,1,24.11,0.0,0.0,"[25.070558673508536, 16.032761769381562]",0.0029206040053395554,0,gmm_full_neighbor_degree,initial,0.0765404240009957,0,0.004166666666666652,0.9833889240157199,597,603,-4360.782730235137,12.0,True,3.0,,,,,0.0,,,,,,,,,,,,,
k2_symmetric,1200,2,24.0,1,24.11,0.0,0.0,"[25.070558673508536, 16.032761769381562]",0.0029206040053395554,0,gmm_full_neighbor_degree,decoded,0.07684773600340122,0,0.0033333333333332993,0.9867000186727878,598,602,,,,,0.0,1.039093320514067,0.0,0.01625,,,,,,,,,,,,,,
k2_symmetric,1200,2,24.0,1,24.11,0.0,0.0,"[25.070558673508536, 16.032761769381562]",0.0029206040053395554,0,poisson_gaussian,initial,0.043499789004272316,0,0.004166666666666652,0.9833889240157199,597,603,-6234.501523457364,12.0,True,,,,,,,-5.1954179362144695,converged,random_data,2442964223.0,0.0,2.0,0.0,1.0,6.0,7920.0,0.02,,
k2_symmetric,1200,2,24.0,1,24.11,0.0,0.0,"[25.070558673508536, 16.032761769381562]",0.0029206040053395554,0,poisson_gaussian,decoded,0.04379729700303869,0,0.0033333333333332993,0.9867000186727878,598,602,,,,,0.0,1.0390933205140669,0.0,0.01625,,,,,,,,,,,,,,
k2_symmetric,1200,2,24.0,1,24.11,0.0,0.0,"[25.070558673508536, 16.032761769381562]",0.0029206040053395554,0,spectral_bernoulli_surrogate,initial,0.05628054599947063,0,0.0033333333333332993,0.9867000186727878,598,602,-68906.16222599093,5.0,True,3.0,,,,,,,,,,,,,,,,,0.0,
k2_symmetric,1200,2,24.0,1,24.11,0.0,0.0,"[25.070558673508536, 16.032761769381562]",0.0029206040053395554,0,spectral_bernoulli_surrogate,decoded,0.05658333199971821,0,0.0033333333333332993,0.9867000186727878,598,602,,,,,0.0,1.038724555575934,0.0,0.016666666666666666,,,,,,,,,,,,,,
k2_symmetric,1200,2,24.0,1,24.11,0.0,0.0,"[25.070558673508536, 16.032761769381562]",0.0029206040053395554,0,raw_bernoulli_vem,initial,0.06308905899641104,0,0.0024999999999999467,0.9900166736458527,599,601,-68812.22657789681,5.0,True,3.0,,,,,,,,,,,,,,,,,0.0,
k2_symmetric,1200,2,24.0,1,24.11,0.0,0.0,"[25.070558673508536, 16.032761769381562]",0.0029206040053395554,0,edge_only_oracle,reference,0.0,0,0.0024999999999999467,0.9900166736458527,599,601,,,,,,,,,,,,,,,,,,,,,,
k2_symmetric,1200,2,24.0,2,24.08,0.0,0.0,"[25.068961786455894, 15.987134204280522]",0.0027335919949109666,0,km_classic_U,initial,0.008648479997646064,0,0.0024999999999999467,0.9900166736458527,599,601,-196.0500093658197,3.0,True,0.0,,,,,,,,,,,,,,,,,,
k2_symmetric,1200,2,24.0,2,24.08,0.0,0.0,"[25.068961786455894, 15.987134204280522]",0.0027335919949109666,0,km_classic_U,decoded,0.00908242299919948,0,0.0024999999999999467,0.9900166736458527,599,601,,,,,0.0,1.044752517255353,0.0,0.025833333333333333,,,,,,,,,,,,,,
k2_symmetric,1200,2,24.0,2,24.08,0.0,0.0,"[25.068961786455894, 15.987134204280522]",0.0027335919949109666,0,km_ASE,initial,0.006978167999477591,0,0.0024999999999999467,0.9900166736458527,599,601,-3587.72133496262,4.0,True,0.0,,,,,,,,,,,,,,,,,,
k2_symmetric,1200,2,24.0,2,24.08,0.0,0.0,"[25.068961786455894, 15.987134204280522]",0.0027335919949109666,0,km_ASE,decoded,0.007250697999552358,0,0.0024999999999999467,0.9900166736458527,599,601,,,,,0.0,1.044752517255353,0.0,0.025833333333333333,,,,,,,,,,,,,,
k2_symmetric,1200,2,24.0,2,24.08,0.0,0.0,"[25.068961786455894, 15.987134204280522]",0.0027335919949109666,0,km_RRE,initial,0.006528691003040876,0,0.0024999999999999467,0.9900166736458527,599,601,-68724.74085713277,3.0,True,0.0,,,,,,,,,,,,,,,,,,
k2_symmetric,1200,2,24.0,2,24.08,0.0,0.0,"[25.068961786455894, 15.987134204280522]",0.0027335919949109666,0,km_RRE,decoded,0.006797095004003495,0,0.0024999999999999467,0.9900166736458527,599,601,,,,,0.0,1.044752517255353,0.0,0.025833333333333333,,,,,,,,,,,,,,
k2_symmetric,1200,2,24.0,2,24.08,0.0,0.0,"[25.068961786455894, 15.987134204280522]",0.0027335919949109666,0,km_spec,initial,0.007146741001633927,0,0.008333333333333304,0.9669168570703978,592,608,-1323.9914885855305,4.0,True,1.0,,,,,,,,,,,,,,,,,,
k2_symmetric,1200,2,24.0,2,24.08,0.0,0.0,"[25.068961786455894, 15.987134204280522]",0.0027335919949109666,0,km_spec,decoded,0.007447584001056384,0,0.0024999999999999467,0.9900166736458527,599,601,,,,,0.0,1.0511245082786171,0.0,0.02666666666666667,,,,,,,,,,,,,,
k2_symmetric,1200,2,24.0,2,24.08,0.0,0.0,"[25.068961786455894, 15.987134204280522]",0.0027335919949109666,0,gmm_tied_spec,initial,0.05032594800286461,0,0.0024999999999999467,0.9900166736458527,599,601,-2959.687431235283,7.0,True,4.0,,,,,0.0,,,,,,,,,,,,,
k2_symmetric,1200,2,24.0,2,24.08,0.0,0.0,"[25.068961786455894, 15.987134204280522]",0.0027335919949109666,0,gmm_tied_spec,decoded,0.05062027100211708,0,0.0024999999999999467,0.9900166736458527,599,601,,,,,0.0,1.044752517255353,0.0,0.025833333333333333,,,,,,,,,,,,,,
k2_symmetric,1200,2,24.0,2,24.08,0.0,0.0,"[25.068961786455894, 15.987134204280522]",0.0027335919949109666,0,gmm_full_spec,initial,0.038862223002070095,0,0.0024999999999999467,0.9900166736458527,599,601,-2738.025951320905,11.0,True,3.0,,,,,0.0,,,,,,,,,,,,,
k2_symmetric,1200,2,24.0,2,24.08,0.0,0.0,"[25.068961786455894, 15.987134204280522]",0.0027335919949109666,0,gmm_full_spec,decoded,0.03918415799853392,0,0.0024999999999999467,0.9900166736458527,599,601,,,,,0.0,1.044752517255353,0.0,0.025833333333333333,,,,,,,,,,,,,,
k2_symmetric,1200,2,24.0,2,24.08,0.0,0.0,"[25.068961786455894, 15.987134204280522]",0.0027335919949109666,0,km_spec_degree,initial,0.010336459003156051,0,0.4125,0.029819620370103314,559,641,-2092.620051904836,11.0,True,0.0,,,,,,,,,,,,,,,,,,
k2_symmetric,1200,2,24.0,2,24.08,0.0,0.0,"[25.068961786455894, 15.987134204280522]",0.0027335919949109666,0,km_spec_degree,decoded,0.01074058700032765,0,0.04166666666666663,0.8401451713015868,556,644,,,,,0.0,5.839915040137279,0.0,0.49125,,,,,,,,,,,,,,
k2_symmetric,1200,2,24.0,2,24.08,0.0,0.0,"[25.068961786455894, 15.987134204280522]",0.0027335919949109666,0,gmm_full_spec_degree,initial,0.06134358300187159,0,0.0024999999999999467,0.9900166736458527,599,601,-2489.0795862038785,11.0,True,4.0,,,,,0.0,,,,,,,,,,,,,
k2_symmetric,1200,2,24.0,2,24.08,0.0,0.0,"[25.068961786455894, 15.987134204280522]",0.0027335919949109666,0,gmm_full_spec_degree,decoded,0.06171504200028721,0,0.0024999999999999467,0.9900166736458527,599,601,,,,,0.0,1.044752517255353,0.0,0.025833333333333333,,,,,,,,,,,,,,
k2_symmetric,1200,2,24.0,2,24.08,0.0,0.0,"[25.068961786455894, 15.987134204280522]",0.0027335919949109666,0,km_neighbor_degree,initial,0.008625916998425964,0,0.0033333333333332993,0.9867000185494342,600,600,-2505.103385979777,6.0,True,1.0,,,,,,,,,,,,,,,,,,
k2_symmetric,1200,2,24.0,2,24.08,0.0,0.0,"[25.068961786455894, 15.987134204280522]",0.0027335919949109666,0,km_neighbor_degree,decoded,0.008923884997784626,0,0.0024999999999999467,0.9900166736458527,599,601,,,,,0.0,1.0447571358721695,0.0,0.02625,,,,,,,,,,,,,,
k2_symmetric,1200,2,24.0,2,24.08,0.0,0.0,"[25.068961786455894, 15.987134204280522]",0.0027335919949109666,0,gmm_full_neighbor_degree,initial,0.16473389400198357,0,0.0024999999999999467,0.9900166736458527,599,601,-4471.952953397152,11.0,True,1.0,,,,,0.0,,,,,,,,,,,,,
k2_symmetric,1200,2,24.0,2,24.08,0.0,0.0,"[25.068961786455894, 15.987134204280522]",0.0027335919949109666,0,gmm_full_neighbor_degree,decoded,0.16505158200016012,0,0.0024999999999999467,0.9900166736458527,599,601,,,,,0.0,1.044752517255353,0.0,0.025833333333333333,,,,,,,,,,,,,,
k2_symmetric,1200,2,24.0,2,24.08,0.0,0.0,"[25.068961786455894, 15.987134204280522]",0.0027335919949109666,0,poisson_gaussian,initial,0.09881024599599186,0,0.0024999999999999467,0.9900166736458527,599,601,-6337.379306682517,32.0,True,,,,,,,-5.281149422235431,converged,weighted_kmeans++_seeding,3372076290.0,0.0,2.0,0.0,2.0,6.0,7921.0,0.02,,
k2_symmetric,1200,2,24.0,2,24.08,0.0,0.0,"[25.068961786455894, 15.987134204280522]",0.0027335919949109666,0,poisson_gaussian,decoded,0.09920395799417747,0,0.0024999999999999467,0.9900166736458527,599,601,,,,,0.0,1.044752517255353,0.0,0.025833333333333333,,,,,,,,,,,,,,
k2_symmetric,1200,2,24.0,2,24.08,0.0,0.0,"[25.068961786455894, 15.987134204280522]",0.0027335919949109666,0,spectral_bernoulli_surrogate,initial,0.05695846599701326,0,0.0024999999999999467,0.9900166736458527,599,601,-68926.11764928304,4.0,True,1.0,,,,,,,,,,,,,,,,,0.0,
k2_symmetric,1200,2,24.0,2,24.08,0.0,0.0,"[25.068961786455894, 15.987134204280522]",0.0027335919949109666,0,spectral_bernoulli_surrogate,decoded,0.0572624439955689,0,0.0024999999999999467,0.9900166736458527,599,601,,,,,0.0,1.044752517255353,0.0,0.025833333333333333,,,,,,,,,,,,,,
k2_symmetric,1200,2,24.0,2,24.08,0.0,0.0,"[25.068961786455894, 15.987134204280522]",0.0027335919949109666,0,raw_bernoulli_vem,initial,0.05852167799457675,0,0.0008333333333333526,0.9966666643557163,599,601,-68811.55851484915,5.0,True,1.0,,,,,,,,,,,,,,,,,0.0,
k2_symmetric,1200,2,24.0,2,24.08,0.0,0.0,"[25.068961786455894, 15.987134204280522]",0.0027335919949109666,0,edge_only_oracle,reference,0.0,0,0.0008333333333333526,0.9966666643557163,599,601,,,,,,,,,,,,,,,,,,,,,,
k2_symmetric,1200,2,6.0,0,6.095,0.0125,0.0008333333333333334,"[7.193603534685684, 5.497276111945145]",0.0027337430001352914,0,km_classic_U,initial,0.011008270004822407,0,0.1875,0.3901356970702161,483,717,-792.8472429093828,14.0,True,3.0,,,,,,,,,,,,,,,,,,
k2_symmetric,1200,2,6.0,0,6.095,0.0125,0.0008333333333333334,"[7.193603534685684, 5.497276111945145]",0.0027337430001352914,0,km_classic_U,decoded,0.011465879004390445,0,0.17833333333333334,0.4134015898978172,502,698,,,,,0.0,1.3746862696621385,0.0,0.18416666666666667,,,,,,,,,,,,,,
k2_symmetric,1200,2,6.0,0,6.095,0.0125,0.0008333333333333334,"[7.193603534685684, 5.497276111945145]",0.0027337430001352914,0,km_ASE,initial,0.008481048003886826,0,0.20499999999999996,0.3475917188712559,446,754,-4763.712229214748,7.0,True,5.0,,,,,,,,,,,,,,,,,,
k2_symmetric,1200,2,6.0,0,6.095,0.0125,0.0008333333333333334,"[7.193603534685684, 5.497276111945145]",0.0027337430001352914,0,km_ASE,decoded,0.008801650001259986,0,0.1925,0.37772999952485137,471,729,,,,,0.0,1.4857292762065195,0.0,0.18541666666666667,,,,,,,,,,,,,,
k2_symmetric,1200,2,6.0,0,6.095,0.0125,0.0008333333333333334,"[7.193603534685684, 5.497276111945145]",0.0027337430001352914,0,km_RRE,initial,0.007840364996809512,0,0.21833333333333338,0.31683300933950964,408,792,-28984.85484525563,12.0,True,1.0,,,,,,,,,,,,,,,,,,
k2_symmetric,1200,2,6.0,0,6.095,0.0125,0.0008333333333333334,"[7.193603534685684, 5.497276111945145]",0.0027337430001352914,0,km_RRE,decoded,0.008105543995043263,0,0.20750000000000002,0.34171749383516586,435,765,,,,,0.0,1.6158826080435729,0.0,0.18416666666666667,,,,,,,,,,,,,,
k2_symmetric,1200,2,6.0,0,6.095,0.0125,0.0008333333333333334,"[7.193603534685684, 5.497276111945145]",0.0027337430001352914,0,km_spec,initial,0.007688486999541055,0,0.32833333333333337,0.11736162531743148,272,928,-1553.369650766339,7.0,True,3.0,,,,,,,,,,,,,,,,,,
k2_symmetric,1200,2,6.0,0,6.095,0.0125,0.0008333333333333334,"[7.193603534685684, 5.497276111945145]",0.0027337430001352914,0,km_spec,decoded,0.007955748995300382,0,0.2766666666666666,0.19899911930547767,310,890,,,,,0.0,2.352574432812563,0.0,0.20958333333333334,,,,,,,,,,,,,,
k2_symmetric,1200,2,6.0,0,6.095,0.0125,0.0008333333333333334,"[7.193603534685684, 5.497276111945145]",0.0027337430001352914,0,gmm_tied_spec,initial,0.0872436649951851,0,0.4158333333333334,0.02804644580377572,119,1081,-3245.509970341865,34.0,True,4.0,,,,,0.0,,,,,,,,,,,,,
k2_symmetric,1200,2,6.0,0,6.095,0.0125,0.0008333333333333334,"[7.193603534685684, 5.497276111945145]",0.0027337430001352914,0,gmm_tied_spec,decoded,0.08752979599375976,0,0.385,0.052550345333635125,152,1048,,,,,0.0,3.233535503974843,0.0,0.22125,,,,,,,,,,,,,,
k2_symmetric,1200,2,6.0,0,6.095,0.0125,0.0008333333333333334,"[7.193603534685684, 5.497276111945145]",0.0027337430001352914,0,gmm_full_spec,initial,0.0467078549991129,0,0.20666666666666667,0.34364618045153633,498,702,-3054.6900027665088,19.0,True,1.0,,,,,0.0,,,,,,,,,,,,,
k2_symmetric,1200,2,6.0,0,6.095,0.0125,0.0008333333333333334,"[7.193603534685684, 5.497276111945145]",0.0027337430001352914,0,gmm_full_spec,decoded,0.04703360500570852,0,0.1791666666666667,0.4112584521793503,501,699,,,,,0.0,1.4213579872654172,0.0,0.19791666666666666,,,,,,,,,,,,,,
k2_symmetric,1200,2,6.0,0,6.095,0.0125,0.0008333333333333334,"[7.193603534685684, 5.497276111945145]",0.0027337430001352914,0,km_spec_degree,initial,0.0076999540033284575,0,0.4816666666666667,0.0005442129552342901,480,720,-2093.6355950981438,10.0,True,0.0,,,,,,,,,,,,,,,,,,
k2_symmetric,1200,2,6.0,0,6.095,0.0125,0.0008333333333333334,"[7.193603534685684, 5.497276111945145]",0.0027337430001352914,0,km_spec_degree,decoded,0.007996930005901959,0,0.44833333333333336,0.00987492406501426,500,700,,,,,0.0,25.41402777212135,0.0,0.4816666666666667,,,,,,,,,,,,,,
k2_symmetric,1200,2,6.0,0,6.095,0.0125,0.0008333333333333334,"[7.193603534685684, 5.497276111945145]",0.0027337430001352914,0,gmm_full_spec_degree,initial,0.08201034299418097,0,0.21083333333333332,0.333930294318094,497,703,-3562.7702932332604,20.0,True,4.0,,,,,0.0,,,,,,,,,,,,,
k2_symmetric,1200,2,6.0,0,6.095,0.0125,0.0008333333333333334,"[7.193603534685684, 5.497276111945145]",0.0027337430001352914,0,gmm_full_spec_degree,decoded,0.08232553699053824,0,0.1808333333333333,0.40698943203745946,497,703,,,,,0.0,1.435567724245395,0.0,0.19791666666666666,,,,,,,,,,,,,,
k2_symmetric,1200,2,6.0,0,6.095,0.0125,0.0008333333333333334,"[7.193603534685684, 5.497276111945145]",0.0027337430001352914,0,km_neighbor_degree,initial,0.008372794996830635,0,0.5,-0.0008313735844382862,562,638,-2644.6950758856074,7.0,True,3.0,,,,,,,,,,,,,,,,,,
k2_symmetric,1200,2,6.0,0,6.095,0.0125,0.0008333333333333334,"[7.193603534685684, 5.497276111945145]",0.0027337430001352914,0,km_neighbor_degree,decoded,0.008696091994352173,0,0.4558333333333333,0.007009399820975024,477,723,,,,,0.0,31.47457791374677,0.0,0.48541666666666666,,,,,,,,,,,,,,
k2_symmetric,1200,2,6.0,0,6.095,0.0125,0.0008333333333333334,"[7.193603534685684, 5.497276111945145]",0.0027337430001352914,0,gmm_full_neighbor_degree,initial,0.12755926400132012,0,0.18000000000000005,0.4091106038385513,550,650,-4872.906151321676,55.0,True,5.0,,,,,0.0,,,,,,,,,,,,,
k2_symmetric,1200,2,6.0,0,6.095,0.0125,0.0008333333333333334,"[7.193603534685684, 5.497276111945145]",0.0027337430001352914,0,gmm_full_neighbor_degree,decoded,0.12784937999822432,0,0.1658333333333334,0.4462120356517898,541,659,,,,,0.0,1.2845717132715402,0.0,0.19375,,,,,,,,,,,,,,
k2_symmetric,1200,2,6.0,0,6.095,0.0125,0.0008333333333333334,"[7.193603534685684, 5.497276111945145]",0.0027337430001352914,0,poisson_gaussian,initial,0.10108130200387677,0,0.18999999999999995,0.38389823475547447,508,692,-6002.567255331611,11.0,True,,,,,,,-5.002139379443009,converged,random_data,1029389478.0,0.0,2.0,0.0,3.0,6.0,7919.0,0.02,,
k2_symmetric,1200,2,6.0,0,6.095,0.0125,0.0008333333333333334,"[7.193603534685684, 5.497276111945145]",0.0027337430001352914,0,poisson_gaussian,decoded,0.10140623099869117,0,0.1725,0.42855888839047734,511,689,,,,,0.0,1.3641846608097359,0.0,0.18875,,,,,,,,,,,,,,
k2_symmetric,1200,2,6.0,0,6.095,0.0125,0.0008333333333333334,"[7.193603534685684, 5.497276111945145]",0.0027337430001352914,0,spectral_bernoulli_surrogate,initial,0.06653542300045956,0,0.4983333333333333,-5.48614424691267e-06,6,1194,-22962.412659483576,9.0,True,4.0,,,,,,,,,,,,,,,,,0.0,
k2_symmetric,1200,2,6.0,0,6.095,0.0125,0.0008333333333333334,"[7.193603534685684, 5.497276111945145]",0.0027337430001352914,0,spectral_bernoulli_surrogate,decoded,0.06658919400069863,0,0.4983333333333333,-5.48614424691267e-06,6,1194,,,,,1.0,,,,,,,,,,,,,,,,,small_cluster
k2_symmetric,1200,2,6.0,0,6.095,0.0125,0.0008333333333333334,"[7.193603534685684, 5.497276111945145]",0.0027337430001352914,0,raw_bernoulli_vem,initial,0.08250319499347825,0,0.12416666666666665,0.5646399020497636,585,615,-22926.15839314622,39.0,True,0.0,,,,,,,,,,,,,,,,,2.0,
k2_symmetric,1200,2,6.0,0,6.095,0.0125,0.0008333333333333334,"[7.193603534685684, 5.497276111945145]",0.0027337430001352914,0,edge_only_oracle,reference,0.0,0,0.03916666666666668,0.8493437932448901,599,601,,,,,,,,,,,,,,,,,,,,,,
k2_symmetric,1200,2,6.0,1,6.026666666666666,0.01,0.0008333333333333334,"[7.106361076464542, 5.335092214314384]",0.0033985019981628284,0,km_classic_U,initial,0.010478033000254072,0,0.1691666666666667,0.437358703840853,461,739,-773.8008270741192,5.0,True,0.0,,,,,,,,,,,,,,,,,,
k2_symmetric,1200,2,6.0,1,6.026666666666666,0.01,0.0008333333333333334,"[7.106361076464542, 5.335092214314384]",0.0033985019981628284,0,km_classic_U,decoded,0.011864268002682365,0,0.15666666666666662,0.4710876283114272,480,720,,,,,0.0,1.3828091520830232,0.0,0.18875,,,,,,,,,,,,,,
k2_symmetric,1200,2,6.0,1,6.026666666666666,0.01,0.0008333333333333334,"[7.106361076464542, 5.335092214314384]",0.0033985019981628284,0,km_ASE,initial,0.008000154994078912,0,0.17166666666666663,0.430764463514876,454,746,-4573.716876507428,17.0,True,1.0,,,,,,,,,,,,,,,,,,
k2_symmetric,1200,2,6.0,1,6.026666666666666,0.01,0.0008333333333333334,"[7.106361076464542, 5.335092214314384]",0.0033985019981628284,0,km_ASE,decoded,0.008283871989988256,0,0.15916666666666668,0.46424138492878736,477,723,,,,,0.0,1.4087731342821848,0.0,0.18791666666666668,,,,,,,,,,,,,,
k2_symmetric,1200,2,6.0,1,6.026666666666666,0.01,0.0008333333333333334,"[7.106361076464542, 5.335092214314384]",0.0033985019981628284,0,km_RRE,initial,0.0076138639997225255,0,0.18833333333333335,0.38807505247399254,430,770,-27515.476322544793,4.0,True,0.0,,,,,,,,,,,,,,,,,,
k2_symmetric,1200,2,6.0,1,6.026666666666666,0.01,0.0008333333333333334,"[7.106361076464542, 5.335092214314384]",0.0033985019981628284,0,km_RRE,decoded,0.007884701997681987,0,0.1725,0.42857548706145676,457,743,,,,,0.0,1.4962990085679864,0.0,0.19375,,,,,,,,,,,,,,
k2_symmetric,1200,2,6.0,1,6.026666666666666,0.01,0.0008333333333333334,"[7.106361076464542, 5.335092214314384]",0.0033985019981628284,0,km_spec,initial,0.007571611000457779,0,0.3208333333333333,0.12784884136713381,307,893,-1542.567279402658,16.0,True,1.0,,,,,,,,,,,,,,,,,,
k2_symmetric,1200,2,6.0,1,6.026666666666666,0.01,0.0008333333333333334,"[7.106361076464542, 5.335092214314384]",0.0033985019981628284,0,km_spec,decoded,0.007836239004973322,0,0.25749999999999995,0.23472081533653352,325,875,,,,,0.0,2.4060142805962497,0.0,0.24375,,,,,,,,,,,,,,
k2_symmetric,1200,2,6.0,1,6.026666666666666,0.01,0.0008333333333333334,"[7.106361076464542, 5.335092214314384]",0.0033985019981628284,0,gmm_tied_spec,initial,0.0742401030001929,0,0.4116666666666666,0.03092014468249201,120,1080,-3261.490192924889,11.0,True,2.0,,,,,0.0,,,,,,,,,,,,,
k2_symmetric,1200,2,6.0,1,6.026666666666666,0.01,0.0008333333333333334,"[7.106361076464542, 5.335092214314384]",0.0033985019981628284,0,gmm_tied_spec,decoded,0.07453633900149725,0,0.3766666666666667,0.06048995374809385,156,1044,,,,,0.0,3.204454744114854,0.0,0.22333333333333333,,,,,,,,,,,,,,
k2_symmetric,1200,2,6.0,1,6.026666666666666,0.01,0.0008333333333333334,"[7.106361076464542, 5.335092214314384]",0.0033985019981628284,0,gmm_full_spec,initial,0.07889082000474446,0,0.44833333333333336,0.009965101279791612,378,822,-3133.3750253735934,21.0,True,1.0,,,,,0.0,,,,,,,,,,,,,
k2_symmetric,1200,2,6.0,1,6.026666666666666,0.01,0.0008333333333333334,"[7.106361076464542, 5.335092214314384]",0.0033985019981628284,0,gmm_full_spec,decoded,0.0792593250007485,0,0.345,0.09550991472520298,320,880,,,,,0.0,7.790941844088344,0.0,0.42875,,,,,,,,,,,,,,
k2_symmetric,1200,2,6.0,1,6.026666666666666,0.01,0.0008333333333333334,"[7.106361076464542, 5.335092214314384]",0.0033985019981628284,0,km_spec_degree,initial,0.007559272002254147,0,0.4591666666666666,0.00591579992691197,419,781,-2127.635276677187,7.0,True,0.0,,,,,,,,,,,,,,,,,,
k2_symmetric,1200,2,6.0,1,6.026666666666666,0.01,0.0008333333333333334,"[7.106361076464542, 5.335092214314384]",0.0033985019981628284,0,km_spec_degree,decoded,0.007859063007344957,0,0.36583333333333334,0.07133142940390086,381,819,,,,,0.0,10.710740846442464,0.0,0.4504166666666667,,,,,,,,,,,,,,
k2_symmetric,1200,2,6.0,1,6.026666666666666,0.01,0.0008333333333333334,"[7.106361076464542, 5.335092214314384]",0.0033985019981628284,0,gmm_full_spec_degree,initial,0.100569643000199,0,0.4666666666666667,0.003636532263674094,500,700,-3739.016147167337,41.0,True,4.0,,,,,0.0,,,,,,,,,,,,,
k2_symmetric,1200,2,6.0,1,6.026666666666666,0.01,0.0008333333333333334,"[7.106361076464542, 5.335092214314384]",0.0033985019981628284,0,gmm_full_spec_degree,decoded,0.10091009600000689,0,0.34750000000000003,0.09228385620360878,513,687,,,,,0.0,11.409660875700434,0.0,0.45916666666666667,,,,,,,,,,,,,,
k2_symmetric,1200,2,6.0,1,6.026666666666666,0.01,0.0008333333333333334,"[7.106361076464542, 5.335092214314384]",0.0033985019981628284,0,km_neighbor_degree,initial,0.008533546999387909,0,0.43000000000000005,0.01878827029633606,546,654,-2580.760534721958,7.0,True,1.0,,,,,,,,,,,,,,,,,,
k2_symmetric,1200,2,6.0,1,6.026666666666666,0.01,0.0008333333333333334,"[7.106361076464542, 5.335092214314384]",0.0033985019981628284,0,km_neighbor_degree,decoded,0.008818916998279747,0,0.2566666666666667,0.236220517791343,514,686,,,,,0.0,6.597440848316223,0.0,0.43333333333333335,,,,,,,,,,,,,,
k2_symmetric,1200,2,6.0,1,6.026666666666666,0.01,0.0008333333333333334,"[7.106361076464542, 5.335092214314384]",0.0033985019981628284,0,gmm_full_neighbor_degree,initial,0.16628819699690212,0,0.13249999999999995,0.5398442115971286,547,653,-4936.4327872538015,48.0,True,0.0,,,,,0.0,,,,,,,,,,,,,
k2_symmetric,1200,2,6.0,1,6.026666666666666,0.01,0.0008333333333333334,"[7.106361076464542, 5.335092214314384]",0.0033985019981628284,0,gmm_full_neighbor_degree,decoded,0.16662123800051631,0,0.1283333333333333,0.5521709589252102,596,604,,,,,0.0,1.21334247627183,0.0,0.18,,,,,,,,,,,,,,
k2_symmetric,1200,2,6.0,1,6.026666666666666,0.01,0.0008333333333333334,"[7.106361076464542, 5.335092214314384]",0.0033985019981628284,0,poisson_gaussian,initial,0.10180562300229212,0,0.43833333333333335,0.014407594366735367,510,690,-6038.739079107196,16.0,True,,,,,,,-5.032282565922663,converged,weighted_kmeans++_seeding,1044168581.0,0.0,2.0,0.0,0.0,6.0,7920.0,0.02,,
k2_symmetric,1200,2,6.0,1,6.026666666666666,0.01,0.0008333333333333334,"[7.106361076464542, 5.335092214314384]",0.0033985019981628284,0,poisson_gaussian,decoded,0.1021546580013819,0,0.26916666666666667,0.21250344472719226,485,715,,,,,0.0,7.389846197310453,0.0,0.43833333333333335,,,,,,,,,,,,,,
k2_symmetric,1200,2,6.0,1,6.026666666666666,0.01,0.0008333333333333334,"[7.106361076464542, 5.335092214314384]",0.0033985019981628284,0,spectral_bernoulli_surrogate,initial,0.09826940199855017,0,0.5,0.0,0,1200,-22746.64344782042,27.0,True,0.0,,,,,,,,,,,,,,,,,0.0,
k2_symmetric,1200,2,6.0,1,6.026666666666666,0.01,0.0008333333333333334,"[7.106361076464542, 5.335092214314384]",0.0033985019981628284,0,spectral_bernoulli_surrogate,decoded,0.09831909699278185,0,0.5,0.0,0,1200,,,,,1.0,,,,,,,,,,,,,,,,,small_cluster
k2_symmetric,1200,2,6.0,1,6.026666666666666,0.01,0.0008333333333333334,"[7.106361076464542, 5.335092214314384]",0.0033985019981628284,0,raw_bernoulli_vem,initial,0.09077147200150648,0,0.14500000000000002,0.5037004952258113,488,712,-22724.001414521914,58.0,True,4.0,,,,,,,,,,,,,,,,,1.0,
k2_symmetric,1200,2,6.0,1,6.026666666666666,0.01,0.0008333333333333334,"[7.106361076464542, 5.335092214314384]",0.0033985019981628284,0,edge_only_oracle,reference,0.0,0,0.035833333333333384,0.861687421485607,599,601,,,,,,,,,,,,,,,,,,,,,,
k2_symmetric,1200,2,6.0,2,5.94,0.019166666666666665,0.0033333333333333335,"[7.026568392675765, 5.360505768423243]",0.003533185001288075,0,km_classic_U,initial,0.012227883999003097,0,0.2283333333333334,0.2946818447073967,410,790,-840.8911763210064,7.0,True,3.0,,,,,,,,,,,,,,,,,,
k2_symmetric,1200,2,6.0,2,5.94,0.019166666666666665,0.0033333333333333335,"[7.026568392675765, 5.360505768423243]",0.003533185001288075,0,km_classic_U,decoded,0.01368804999947315,0,0.21833333333333338,0.3168214782818274,428,772,,,,,0.0,1.5460218519263138,0.0,0.18458333333333332,,,,,,,,,,,,,,
k2_symmetric,1200,2,6.0,2,5.94,0.019166666666666665,0.0033333333333333335,"[7.026568392675765, 5.360505768423243]",0.003533185001288075,0,km_ASE,initial,0.009516727004665881,0,0.22916666666666663,0.29287530934975414,405,795,-4940.5341115846295,43.0,True,0.0,,,,,,,,,,,,,,,,,,
k2_symmetric,1200,2,6.0,2,5.94,0.019166666666666665,0.0033333333333333335,"[7.026568392675765, 5.360505768423243]",0.003533185001288075,0,km_ASE,decoded,0.009841435006819665,0,0.22333333333333338,0.3056496378150516,422,778,,,,,0.0,1.5721484277883815,0.0,0.18583333333333332,,,,,,,,,,,,,,
k2_symmetric,1200,2,6.0,2,5.94,0.019166666666666665,0.0033333333333333335,"[7.026568392675765, 5.360505768423243]",0.003533185001288075,0,km_RRE,initial,0.0074950959970010445,0,0.2533333333333333,0.24285418172975073,352,848,-29472.896129835248,8.0,True,2.0,,,,,,,,,,,,,,,,,,
k2_symmetric,1200,2,6.0,2,5.94,0.019166666666666665,0.0033333333333333335,"[7.026568392675765, 5.360505768423243]",0.003533185001288075,0,km_RRE,decoded,0.007800455998221878,0,0.23833333333333329,0.27335470225109965,378,822,,,,,0.0,1.7739517278539687,0.0,0.18958333333333333,,,,,,,,,,,,,,
k2_symmetric,1200,2,6.0,2,5.94,0.019166666666666665,0.0033333333333333335,"[7.026568392675765, 5.360505768423243]",0.003533185001288075,0,km_spec,initial,0.007988748002389912,0,0.3458333333333333,0.09451195590490613,293,907,-1625.319914103386,8.0,True,3.0,,,,,,,,,,,,,,,,,,
k2_symmetric,1200,2,6.0,2,5.94,0.019166666666666665,0.0033333333333333335,"[7.026568392675765, 5.360505768423243]",0.003533185001288075,0,km_spec,decoded,0.008261037000920624,0,0.30000000000000004,0.1594934372642565,284,916,,,,,0.0,2.551716498391397,0.0,0.22833333333333333,,,,,,,,,,,,,,
k2_symmetric,1200,2,6.0,2,5.94,0.019166666666666665,0.0033333333333333335,"[7.026568392675765, 5.360505768423243]",0.003533185001288075,0,gmm_tied_spec,initial,0.10623305299668573,0,0.43666666666666665,0.015826003601262663,86,1114,-3251.594389065588,89.0,True,3.0,,,,,0.0,,,,,,,,,,,,,
k2_symmetric,1200,2,6.0,2,5.94,0.019166666666666665,0.0033333333333333335,"[7.026568392675765, 5.360505768423243]",0.003533185001288075,0,gmm_tied_spec,decoded,0.106546894996427,0,0.4191666666666667,0.025876636007378714,105,1095,,,,,0.0,3.5595075882282483,0.0,0.22125,,,,,,,,,,,,,,
k2_symmetric,1200,2,6.0,2,5.94,0.019166666666666665,0.0033333333333333335,"[7.026568392675765, 5.360505768423243]",0.003533185001288075,0,gmm_full_spec,initial,0.09444019199872855,0,0.475,0.001798465330480941,362,838,-3089.9918130614515,33.0,True,1.0,,,,,0.0,,,,,,,,,,,,,
k2_symmetric,1200,2,6.0,2,5.94,0.019166666666666665,0.0033333333333333335,"[7.026568392675765, 5.360505768423243]",0.003533185001288075,0,gmm_full_spec,decoded,0.09481367399712326,0,0.405,0.03547833893013558,314,886,,,,,0.0,14.773286881362523,0.0,0.45208333333333334,,,,,,,,,,,,,,
k2_symmetric,1200,2,6.0,2,5.94,0.019166666666666665,0.0033333333333333335,"[7.026568392675765, 5.360505768423243]",0.003533185001288075,0,km_spec_degree,initial,0.008490452994010411,0,0.495,-0.0006675865023884274,430,770,-2166.921425393834,9.0,True,1.0,,,,,,,,,,,,,,,,,,
k2_symmetric,1200,2,6.0,2,5.94,0.019166666666666665,0.0033333333333333335,"[7.026568392675765, 5.360505768423243]",0.003533185001288075,0,km_spec_degree,decoded,0.008823543998005334,0,0.4933333333333333,-0.0006059792400081777,452,748,,,,,0.0,173.16549115214957,0.0,0.49416666666666664,,,,,,,,,,,,,,
k2_symmetric,1200,2,6.0,2,5.94,0.019166666666666665,0.0033333333333333335,"[7.026568392675765, 5.360505768423243]",0.003533185001288075,0,gmm_full_spec_degree,initial,0.09752194800239522,0,0.4766666666666667,0.0014284558355229494,410,790,-3726.4164001851846,28.0,True,2.0,,,,,0.0,,,,,,,,,,,,,
k2_symmetric,1200,2,6.0,2,5.94,0.019166666666666665,0.0033333333333333335,"[7.026568392675765, 5.360505768423243]",0.003533185001288075,0,gmm_full_spec_degree,decoded,0.09784612499788636,0,0.41500000000000004,0.028192591569459483,386,814,,,,,0.0,18.45385790672542,0.0,0.46625,,,,,,,,,,,,,,
k2_symmetric,1200,2,6.0,2,5.94,0.019166666666666665,0.0033333333333333335,"[7.026568392675765, 5.360505768423243]",0.003533185001288075,0,km_neighbor_degree,initial,0.00812726699950872,0,0.4733333333333334,0.00201835128542507,548,652,-2589.623897805057,7.0,True,2.0,,,,,,,,,,,,,,,,,,
k2_symmetric,1200,2,6.0,2,5.94,0.019166666666666665,0.0033333333333333335,"[7.026568392675765, 5.360505768423243]",0.003533185001288075,0,km_neighbor_degree,decoded,0.008409501999267377,0,0.46499999999999997,0.004074686078471701,552,648,,,,,0.0,39.00576505945903,0.0,0.48375,,,,,,,,,,,,,,
k2_symmetric,1200,2,6.0,2,5.94,0.019166666666666665,0.0033333333333333335,"[7.026568392675765, 5.360505768423243]",0.003533185001288075,0,gmm_full_neighbor_degree,initial,0.1727582710009301,0,0.20333333333333337,0.3515211182008841,492,708,-4936.545870200644,51.0,True,5.0,,,,,0.0,,,,,,,,,,,,,
k2_symmetric,1200,2,6.0,2,5.94,0.019166666666666665,0.0033333333333333335,"[7.026568392675765, 5.360505768423243]",0.003533185001288075,0,gmm_full_neighbor_degree,decoded,0.17306757600454148,0,0.19999999999999996,0.3594864554595487,482,718,,,,,0.0,1.4388953467897194,0.0,0.19416666666666665,,,,,,,,,,,,,,
k2_symmetric,1200,2,6.0,2,5.94,0.019166666666666665,0.0033333333333333335,"[7.026568392675765, 5.360505768423243]",0.003533185001288075,0,poisson_gaussian,initial,0.09722759499709355,0,0.47583333333333333,0.0015758640088955327,423,777,-6037.320871241178,32.0,True,,,,,,,-5.031100726034315,converged,random_data,1098123074.0,0.0,2.0,0.0,1.0,6.0,7921.0,0.02,,
k2_symmetric,1200,2,6.0,2,5.94,0.019166666666666665,0.0033333333333333335,"[7.026568392675765, 5.360505768423243]",0.003533185001288075,0,poisson_gaussian,decoded,0.09752290899632499,0,0.3966666666666666,0.04200089029027172,400,800,,,,,0.0,15.180822062780795,0.0,0.45875,,,,,,,,,,,,,,
k2_symmetric,1200,2,6.0,2,5.94,0.019166666666666665,0.0033333333333333335,"[7.026568392675765, 5.360505768423243]",0.003533185001288075,0,spectral_bernoulli_surrogate,initial,0.11146933000418358,0,0.49083333333333334,-6.758357820193293e-05,169,1031,-22471.304547877742,28.0,True,2.0,,,,,,,,,,,,,,,,,0.0,
k2_symmetric,1200,2,6.0,2,5.94,0.019166666666666665,0.0033333333333333335,"[7.026568392675765, 5.360505768423243]",0.003533185001288075,0,spectral_bernoulli_surrogate,decoded,0.11178162000578595,0,0.4983333333333333,-0.00022510181164459226,92,1108,,,,,0.0,84.41885669997721,0.0,0.4875,,,,,,,,,,,,,,
k2_symmetric,1200,2,6.0,2,5.94,0.019166666666666665,0.0033333333333333335,"[7.026568392675765, 5.360505768423243]",0.003533185001288075,0,raw_bernoulli_vem,initial,0.08275989999674493,0,0.5,0.0,0,1200,-22471.30549786541,29.0,True,5.0,,,,,,,,,,,,,,,,,0.0,
k2_symmetric,1200,2,6.0,2,5.94,0.019166666666666665,0.0033333333333333335,"[7.026568392675765, 5.360505768423243]",0.003533185001288075,0,edge_only_oracle,reference,0.0,0,0.043333333333333335,0.8340393680564138,596,604,,,,,,,,,,,,,,,,,,,,,,
k2_symmetric,1200,2,96.0,0,95.925,0.0,0.0,"[96.83672951722814, 59.09774703827812]",0.00395204500091495,0,km_classic_U,initial,0.0065240049952990375,0,0.0,1.0,600,600,-42.72239725087055,2.0,True,0.0,,,,,,,,,,,,,,,,,,
k2_symmetric,1200,2,96.0,0,95.925,0.0,0.0,"[96.83672951722814, 59.09774703827812]",0.00395204500091495,0,km_classic_U,decoded,0.00684120199730387,0,0.0,1.0,600,600,,,,,0.0,1.0084892473686715,0.0,0.0,,,,,,,,,,,,,,
k2_symmetric,1200,2,96.0,0,95.925,0.0,0.0,"[96.83672951722814, 59.09774703827812]",0.00395204500091495,0,km_ASE,initial,0.006166134997329209,0,0.0,1.0,600,600,-2955.4597402967315,2.0,True,0.0,,,,,,,,,,,,,,,,,,
k2_symmetric,1200,2,96.0,0,95.925,0.0,0.0,"[96.83672951722814, 59.09774703827812]",0.00395204500091495,0,km_ASE,decoded,0.006494729001133237,0,0.0,1.0,600,600,,,,,0.0,1.0084892473686715,0.0,0.0,,,,,,,,,,,,,,
k2_symmetric,1200,2,96.0,0,95.925,0.0,0.0,"[96.83672951722814, 59.09774703827812]",0.00395204500091495,0,km_RRE,initial,0.006112825001764577,0,0.0,1.0,600,600,-216364.9421953469,2.0,True,0.0,,,,,,,,,,,,,,,,,,
k2_symmetric,1200,2,96.0,0,95.925,0.0,0.0,"[96.83672951722814, 59.09774703827812]",0.00395204500091495,0,km_RRE,decoded,0.006406387001334224,0,0.0,1.0,600,600,,,,,0.0,1.0084892473686715,0.0,0.0,,,,,,,,,,,,,,
k2_symmetric,1200,2,96.0,0,95.925,0.0,0.0,"[96.83672951722814, 59.09774703827812]",0.00395204500091495,0,km_spec,initial,0.00641442000051029,0,0.0,1.0,600,600,-1227.9525445088227,4.0,True,0.0,,,,,,,,,,,,,,,,,,
k2_symmetric,1200,2,96.0,0,95.925,0.0,0.0,"[96.83672951722814, 59.09774703827812]",0.00395204500091495,0,km_spec,decoded,0.00670123199961381,0,0.0,1.0,600,600,,,,,0.0,1.0084892473686715,0.0,0.0,,,,,,,,,,,,,,
k2_symmetric,1200,2,96.0,0,95.925,0.0,0.0,"[96.83672951722814, 59.09774703827812]",0.00395204500091495,0,gmm_tied_spec,initial,0.018820162003976293,0,0.0,1.0,600,600,-2047.4340496477075,6.0,True,0.0,,,,,0.0,,,,,,,,,,,,,
k2_symmetric,1200,2,96.0,0,95.925,0.0,0.0,"[96.83672951722814, 59.09774703827812]",0.00395204500091495,0,gmm_tied_spec,decoded,0.01915855100378394,0,0.0,1.0,600,600,,,,,0.0,1.0084892473686715,0.0,0.0,,,,,,,,,,,,,,
k2_symmetric,1200,2,96.0,0,95.925,0.0,0.0,"[96.83672951722814, 59.09774703827812]",0.00395204500091495,0,gmm_full_spec,initial,0.018775695003569126,0,0.0,1.0,600,600,-1796.6048254529358,6.0,True,0.0,,,,,0.0,,,,,,,,,,,,,
k2_symmetric,1200,2,96.0,0,95.925,0.0,0.0,"[96.83672951722814, 59.09774703827812]",0.00395204500091495,0,gmm_full_spec,decoded,0.01911513600498438,0,0.0,1.0,600,600,,,,,0.0,1.0084892473686715,0.0,0.0,,,,,,,,,,,,,,
k2_symmetric,1200,2,96.0,0,95.925,0.0,0.0,"[96.83672951722814, 59.09774703827812]",0.00395204500091495,0,km_spec_degree,initial,0.007965233002323657,0,0.46166666666666667,0.005048107208591029,592,608,-2068.212545795919,10.0,True,0.0,,,,,,,,,,,,,,,,,,
k2_symmetric,1200,2,96.0,0,95.925,0.0,0.0,"[96.83672951722814, 59.09774703827812]",0.00395204500091495,0,km_spec_degree,decoded,0.00826601599692367,0,0.0008333333333333526,0.9966666643557163,599,601,,,,,0.0,13.968951928833798,0.0,0.5,,,,,,,,,,,,,,
k2_symmetric,1200,2,96.0,0,95.925,0.0,0.0,"[96.83672951722814, 59.09774703827812]",0.00395204500091495,0,gmm_full_spec_degree,initial,0.03731282200169517,0,0.0,1.0,600,600,-846.2539467183084,7.0,True,0.0,,,,,0.0,,,,,,,,,,,,,
k2_symmetric,1200,2,96.0,0,95.925,0.0,0.0,"[96.83672951722814, 59.09774703827812]",0.00395204500091495,0,gmm_full_spec_degree,decoded,0.037628247002430726,0,0.0,1.0,600,600,,,,,0.0,1.0084892473686715,0.0,0.0,,,,,,,,,,,,,,
k2_symmetric,1200,2,96.0,0,95.925,0.0,0.0,"[96.83672951722814, 59.09774703827812]",0.00395204500091495,0,km_neighbor_degree,initial,0.007571299996925518,0,0.0,1.0,600,600,-2420.245914487914,4.0,True,0.0,,,,,,,,,,,,,,,,,,
k2_symmetric,1200,2,96.0,0,95.925,0.0,0.0,"[96.83672951722814, 59.09774703827812]",0.00395204500091495,0,km_neighbor_degree,decoded,0.007853064002119936,0,0.0,1.0,600,600,,,,,0.0,1.0084892473686715,0.0,0.0,,,,,,,,,,,,,,
k2_symmetric,1200,2,96.0,0,95.925,0.0,0.0,"[96.83672951722814, 59.09774703827812]",0.00395204500091495,0,gmm_full_neighbor_degree,initial,0.06394946299406001,0,0.0,1.0,600,600,-3504.3405301353077,7.0,True,0.0,,,,,0.0,,,,,,,,,,,,,
k2_symmetric,1200,2,96.0,0,95.925,0.0,0.0,"[96.83672951722814, 59.09774703827812]",0.00395204500091495,0,gmm_full_neighbor_degree,decoded,0.06430393599293893,0,0.0,1.0,600,600,,,,,0.0,1.0084892473686715,0.0,0.0,,,,,,,,,,,,,,
k2_symmetric,1200,2,96.0,0,95.925,0.0,0.0,"[96.83672951722814, 59.09774703827812]",0.00395204500091495,0,poisson_gaussian,initial,0.04419848000543425,0,0.0,1.0,600,600,-6187.796054396242,6.0,True,,,,,,,-5.156496711996868,converged,weighted_kmeans++_seeding,2259449567.0,0.0,2.0,0.0,0.0,6.0,7919.0,0.02,,
k2_symmetric,1200,2,96.0,0,95.925,0.0,0.0,"[96.83672951722814, 59.09774703827812]",0.00395204500091495,0,poisson_gaussian,decoded,0.04451697900367435,0,0.0,1.0,600,600,,,,,0.0,1.0084892473686715,0.0,0.0,,,,,,,,,,,,,,
k2_symmetric,1200,2,96.0,0,95.925,0.0,0.0,"[96.83672951722814, 59.09774703827812]",0.00395204500091495,0,spectral_bernoulli_surrogate,initial,0.04632900100114057,0,0.0,1.0,600,600,-189416.69787119492,2.0,True,0.0,,,,,,,,,,,,,,,,,0.0,
k2_symmetric,1200,2,96.0,0,95.925,0.0,0.0,"[96.83672951722814, 59.09774703827812]",0.00395204500091495,0,spectral_bernoulli_surrogate,decoded,0.04676799099979689,0,0.0,1.0,600,600,,,,,0.0,1.0084892473686715,0.0,0.0,,,,,,,,,,,,,,
k2_symmetric,1200,2,96.0,0,95.925,0.0,0.0,"[96.83672951722814, 59.09774703827812]",0.00395204500091495,0,raw_bernoulli_vem,initial,0.08703484100260539,0,0.0,1.0,600,600,-189338.54951074027,3.0,True,0.0,,,,,,,,,,,,,,,,,0.0,
k2_symmetric,1200,2,96.0,0,95.925,0.0,0.0,"[96.83672951722814, 59.09774703827812]",0.00395204500091495,0,edge_only_oracle,reference,0.0,0,0.0,1.0,600,600,,,,,,,,,,,,,,,,,,,,,,
k2_symmetric,1200,2,96.0,1,95.74,0.0,0.0,"[96.61409040214232, 59.07800787246896]",0.003959096000471618,0,km_classic_U,initial,0.006525306998810265,0,0.0,1.0,600,600,-42.838939752140064,2.0,True,0.0,,,,,,,,,,,,,,,,,,
k2_symmetric,1200,2,96.0,1,95.74,0.0,0.0,"[96.61409040214232, 59.07800787246896]",0.003959096000471618,0,km_classic_U,decoded,0.006852359001641162,0,0.0,1.0,600,600,,,,,0.0,1.0089043723432622,0.0,0.0,,,,,,,,,,,,,,
k2_symmetric,1200,2,96.0,1,95.74,0.0,0.0,"[96.61409040214232, 59.07800787246896]",0.003959096000471618,0,km_ASE,initial,0.006215941997652408,0,0.0,1.0,600,600,-2943.766672604913,2.0,True,0.0,,,,,,,,,,,,,,,,,,
k2_symmetric,1200,2,96.0,1,95.74,0.0,0.0,"[96.61409040214232, 59.07800787246896]",0.003959096000471618,0,km_ASE,decoded,0.00649641399650136,0,0.0,1.0,600,600,,,,,0.0,1.0089043723432622,0.0,0.0,,,,,,,,,,,,,,
k2_symmetric,1200,2,96.0,1,95.74,0.0,0.0,"[96.61409040214232, 59.07800787246896]",0.003959096000471618,0,km_RRE,initial,0.006967351997445803,0,0.0,1.0,600,600,-213806.48090159387,2.0,True,0.0,,,,,,,,,,,,,,,,,,
k2_symmetric,1200,2,96.0,1,95.74,0.0,0.0,"[96.61409040214232, 59.07800787246896]",0.003959096000471618,0,km_RRE,decoded,0.007270918998983689,0,0.0,1.0,600,600,,,,,0.0,1.0089043723432622,0.0,0.0,,,,,,,,,,,,,,
k2_symmetric,1200,2,96.0,1,95.74,0.0,0.0,"[96.61409040214232, 59.07800787246896]",0.003959096000471618,0,km_spec,initial,0.006338815997878555,0,0.0,1.0,600,600,-1218.4744455954385,2.0,True,0.0,,,,,,,,,,,,,,,,,,
k2_symmetric,1200,2,96.0,1,95.74,0.0,0.0,"[96.61409040214232, 59.07800787246896]",0.003959096000471618,0,km_spec,decoded,0.00660787099332083,0,0.0,1.0,600,600,,,,,0.0,1.0089043723432622,0.0,0.0,,,,,,,,,,,,,,
k2_symmetric,1200,2,96.0,1,95.74,0.0,0.0,"[96.61409040214232, 59.07800787246896]",0.003959096000471618,0,gmm_tied_spec,initial,0.021790140999655705,0,0.0,1.0,600,600,-2051.8869292450227,4.0,True,0.0,,,,,0.0,,,,,,,,,,,,,
k2_symmetric,1200,2,96.0,1,95.74,0.0,0.0,"[96.61409040214232, 59.07800787246896]",0.003959096000471618,0,gmm_tied_spec,decoded,0.022072926003602333,0,0.0,1.0,600,600,,,,,0.0,1.0089043723432622,0.0,0.0,,,,,,,,,,,,,,
k2_symmetric,1200,2,96.0,1,95.74,0.0,0.0,"[96.61409040214232, 59.07800787246896]",0.003959096000471618,0,gmm_full_spec,initial,0.021720955999626312,0,0.0,1.0,600,600,-1798.6867444504448,4.0,True,0.0,,,,,0.0,,,,,,,,,,,,,
k2_symmetric,1200,2,96.0,1,95.74,0.0,0.0,"[96.61409040214232, 59.07800787246896]",0.003959096000471618,0,gmm_full_spec,decoded,0.022044001998438034,0,0.0,1.0,600,600,,,,,0.0,1.0089043723432622,0.0,0.0,,,,,,,,,,,,,,
k2_symmetric,1200,2,96.0,1,95.74,0.0,0.0,"[96.61409040214232, 59.07800787246896]",0.003959096000471618,0,km_spec_degree,initial,0.0076589220043388195,0,0.4508333333333333,0.008849246759566528,547,653,-2082.511502262534,8.0,True,3.0,,,,,,,,,,,,,,,,,,
k2_symmetric,1200,2,96.0,1,95.74,0.0,0.0,"[96.61409040214232, 59.07800787246896]",0.003959096000471618,0,km_spec_degree,decoded,0.007970892002049368,0,0.0,1.0,600,600,,,,,0.0,9.986062118449615,0.0,0.5,,,,,,,,,,,,,,
k2_symmetric,1200,2,96.0,1,95.74,0.0,0.0,"[96.61409040214232, 59.07800787246896]",0.003959096000471618,0,gmm_full_spec_degree,initial,0.02344786400499288,0,0.0,1.0,600,600,-834.8695549654731,4.0,True,0.0,,,,,0.0,,,,,,,,,,,,,
k2_symmetric,1200,2,96.0,1,95.74,0.0,0.0,"[96.61409040214232, 59.07800787246896]",0.003959096000471618,0,gmm_full_spec_degree,decoded,0.023774075008986983,0,0.0,1.0,600,600,,,,,0.0,1.0089043723432622,0.0,0.0,,,,,,,,,,,,,,
k2_symmetric,1200,2,96.0,1,95.74,0.0,0.0,"[96.61409040214232, 59.07800787246896]",0.003959096000471618,0,km_neighbor_degree,initial,0.007441404995915946,0,0.0,1.0,600,600,-2419.319779854261,2.0,True,0.0,,,,,,,,,,,,,,,,,,
k2_symmetric,1200,2,96.0,1,95.74,0.0,0.0,"[96.61409040214232, 59.07800787246896]",0.003959096000471618,0,km_neighbor_degree,decoded,0.007711671998549718,0,0.0,1.0,600,600,,,,,0.0,1.0089043723432622,0.0,0.0,,,,,,,,,,,,,,
k2_symmetric,1200,2,96.0,1,95.74,0.0,0.0,"[96.61409040214232, 59.07800787246896]",0.003959096000471618,0,gmm_full_neighbor_degree,initial,0.050332177997916006,0,0.0,1.0,600,600,-3505.7042505336503,5.0,True,0.0,,,,,0.0,,,,,,,,,,,,,
k2_symmetric,1200,2,96.0,1,95.74,0.0,0.0,"[96.61409040214232, 59.07800787246896]",0.003959096000471618,0,gmm_full_neighbor_degree,decoded,0.05061490299704019,0,0.0,1.0,600,600,,,,,0.0,1.0089043723432622,0.0,0.0,,,,,,,,,,,,,,
k2_symmetric,1200,2,96.0,1,95.74,0.0,0.0,"[96.61409040214232, 59.07800787246896]",0.003959096000471618,0,poisson_gaussian,initial,0.06860714000504231,0,0.0,1.0,600,600,-6157.414694296969,8.0,True,,,,,,,-5.131178911914141,converged,weighted_kmeans++_seeding,742591023.0,0.0,2.0,0.0,2.0,6.0,7920.0,0.02,,
k2_symmetric,1200,2,96.0,1,95.74,0.0,0.0,"[96.61409040214232, 59.07800787246896]",0.003959096000471618,0,poisson_gaussian,decoded,0.06888606000575237,0,0.0,1.0,600,600,,,,,0.0,1.0089043723432625,0.0,0.0,,,,,,,,,,,,,,
k2_symmetric,1200,2,96.0,1,95.74,0.0,0.0,"[96.61409040214232, 59.07800787246896]",0.003959096000471618,0,spectral_bernoulli_surrogate,initial,0.031018323003081605,0,0.0,1.0,600,600,-189139.88219406444,2.0,True,0.0,,,,,,,,,,,,,,,,,0.0,
k2_symmetric,1200,2,96.0,1,95.74,0.0,0.0,"[96.61409040214232, 59.07800787246896]",0.003959096000471618,0,spectral_bernoulli_surrogate,decoded,0.031430964001629036,0,0.0,1.0,600,600,,,,,0.0,1.0089043723432622,0.0,0.0,,,,,,,,,,,,,,
k2_symmetric,1200,2,96.0,1,95.74,0.0,0.0,"[96.61409040214232, 59.07800787246896]",0.003959096000471618,0,raw_bernoulli_vem,initial,0.08116408999921987,0,0.0,1.0,600,600,-189065.47133953497,2.0,True,0.0,,,,,,,,,,,,,,,,,0.0,
k2_symmetric,1200,2,96.0,1,95.74,0.0,0.0,"[96.61409040214232, 59.07800787246896]",0.003959096000471618,0,edge_only_oracle,reference,0.0,0,0.0,1.0,600,600,,,,,,,,,,,,,,,,,,,,,,
k2_symmetric,1200,2,96.0,2,95.53666666666666,0.0,0.0,"[96.42997287176061, 59.22341778925777]",0.003943943003832828,0,km_classic_U,initial,0.006620660002226941,0,0.0,1.0,600,600,-42.05922857553984,2.0,True,0.0,,,,,,,,,,,,,,,,,,
k2_symmetric,1200,2,96.0,2,95.53666666666666,0.0,0.0,"[96.42997287176061, 59.22341778925777]",0.003943943003832828,0,km_classic_U,decoded,0.006973631003347691,0,0.0,1.0,600,600,,,,,0.0,1.0083338278410814,0.0,0.0,,,,,,,,,,,,,,
k2_symmetric,1200,2,96.0,2,95.53666666666666,0.0,0.0,"[96.42997287176061, 59.22341778925777]",0.003943943003832828,0,km_ASE,initial,0.006177563001983799,0,0.0,1.0,600,600,-2909.337243272673,2.0,True,0.0,,,,,,,,,,,,,,,,,,
k2_symmetric,1200,2,96.0,2,95.53666666666666,0.0,0.0,"[96.42997287176061, 59.22341778925777]",0.003943943003832828,0,km_ASE,decoded,0.006452877001720481,0,0.0,1.0,600,600,,,,,0.0,1.0083338278410814,0.0,0.0,,,,,,,,,,,,,,
k2_symmetric,1200,2,96.0,2,95.53666666666666,0.0,0.0,"[96.42997287176061, 59.22341778925777]",0.003943943003832828,0,km_RRE,initial,0.006084403001295868,0,0.0,1.0,600,600,-212651.62930194728,2.0,True,0.0,,,,,,,,,,,,,,,,,,
k2_symmetric,1200,2,96.0,2,95.53666666666666,0.0,0.0,"[96.42997287176061, 59.22341778925777]",0.003943943003832828,0,km_RRE,decoded,0.006383944004483055,0,0.0,1.0,600,600,,,,,0.0,1.0083338278410814,0.0,0.0,,,,,,,,,,,,,,
k2_symmetric,1200,2,96.0,2,95.53666666666666,0.0,0.0,"[96.42997287176061, 59.22341778925777]",0.003943943003832828,0,km_spec,initial,0.006589072996575851,0,0.0,1.0,600,600,-1227.8554111229514,3.0,True,0.0,,,,,,,,,,,,,,,,,,
k2_symmetric,1200,2,96.0,2,95.53666666666666,0.0,0.0,"[96.42997287176061, 59.22341778925777]",0.003943943003832828,0,km_spec,decoded,0.006860631998279132,0,0.0,1.0,600,600,,,,,0.0,1.0083338278410814,0.0,0.0,,,,,,,,,,,,,,
k2_symmetric,1200,2,96.0,2,95.53666666666666,0.0,0.0,"[96.42997287176061, 59.22341778925777]",0.003943943003832828,0,gmm_tied_spec,initial,0.02570272600132739,0,0.0,1.0,600,600,-2038.424876153736,5.0,True,0.0,,,,,0.0,,,,,,,,,,,,,
k2_symmetric,1200,2,96.0,2,95.53666666666666,0.0,0.0,"[96.42997287176061, 59.22341778925777]",0.003943943003832828,0,gmm_tied_spec,decoded,0.02604310899914708,0,0.0,1.0,600,600,,,,,0.0,1.0083338278410814,0.0,0.0,,,,,,,,,,,,,,
k2_symmetric,1200,2,96.0,2,95.53666666666666,0.0,0.0,"[96.42997287176061, 59.22341778925777]",0.003943943003832828,0,gmm_full_spec,initial,0.02231882599880919,0,0.0,1.0,600,600,-1816.5491443851759,5.0,True,0.0,,,,,0.0,,,,,,,,,,,,,
k2_symmetric,1200,2,96.0,2,95.53666666666666,0.0,0.0,"[96.42997287176061, 59.22341778925777]",0.003943943003832828,0,gmm_full_spec,decoded,0.022657684996374883,0,0.0,1.0,600,600,,,,,0.0,1.0083338278410814,0.0,0.0,,,,,,,,,,,,,,
k2_symmetric,1200,2,96.0,2,95.53666666666666,0.0,0.0,"[96.42997287176061, 59.22341778925777]",0.003943943003832828,0,km_spec_degree,initial,0.00835958599782316,0,0.4658333333333333,0.0038394514328464868,581,619,-2057.488537184004,10.0,True,1.0,,,,,,,,,,,,,,,,,,
k2_symmetric,1200,2,96.0,2,95.53666666666666,0.0,0.0,"[96.42997287176061, 59.22341778925777]",0.003943943003832828,0,km_spec_degree,decoded,0.008706037995580118,0,0.00666666666666671,0.9734890041196061,592,608,,,,,0.0,15.668720334373054,0.0,0.5,,,,,,,,,,,,,,
k2_symmetric,1200,2,96.0,2,95.53666666666666,0.0,0.0,"[96.42997287176061, 59.22341778925777]",0.003943943003832828,0,gmm_full_spec_degree,initial,0.02874913899722742,0,0.0,1.0,600,600,-852.4669774693485,6.0,True,0.0,,,,,0.0,,,,,,,,,,,,,
k2_symmetric,1200,2,96.0,2,95.53666666666666,0.0,0.0,"[96.42997287176061, 59.22341778925777]",0.003943943003832828,0,gmm_full_spec_degree,decoded,0.029122720996383578,0,0.0,1.0,600,600,,,,,0.0,1.0083338278410814,0.0,0.0,,,,,,,,,,,,,,
k2_symmetric,1200,2,96.0,2,95.53666666666666,0.0,0.0,"[96.42997287176061, 59.22341778925777]",0.003943943003832828,0,km_neighbor_degree,initial,0.012605848001840059,0,0.0,1.0,600,600,-2421.2759094600283,6.0,True,0.0,,,,,,,,,,,,,,,,,,
k2_symmetric,1200,2,96.0,2,95.53666666666666,0.0,0.0,"[96.42997287176061, 59.22341778925777]",0.003943943003832828,0,km_neighbor_degree,decoded,0.013006720997509547,0,0.0,1.0,600,600,,,,,0.0,1.0083338278410814,0.0,0.0,,,,,,,,,,,,,,
k2_symmetric,1200,2,96.0,2,95.53666666666666,0.0,0.0,"[96.42997287176061, 59.22341778925777]",0.003943943003832828,0,gmm_full_neighbor_degree,initial,0.09164532799331937,0,0.0,1.0,600,600,-3528.40809187988,9.0,True,0.0,,,,,0.0,,,,,,,,,,,,,
k2_symmetric,1200,2,96.0,2,95.53666666666666,0.0,0.0,"[96.42997287176061, 59.22341778925777]",0.003943943003832828,0,gmm_full_neighbor_degree,decoded,0.09198316599940881,0,0.0,1.0,600,600,,,,,0.0,1.0083338278410814,0.0,0.0,,,,,,,,,,,,,,
k2_symmetric,1200,2,96.0,2,95.53666666666666,0.0,0.0,"[96.42997287176061, 59.22341778925777]",0.003943943003832828,0,poisson_gaussian,initial,0.038854331003676634,0,0.0,1.0,600,600,-6195.397943507223,7.0,True,,,,,,,-5.162831619589353,numerical_plateau,random_data,1120802142.0,1.0,2.0,0.0,3.0,6.0,7921.0,0.02,,
k2_symmetric,1200,2,96.0,2,95.53666666666666,0.0,0.0,"[96.42997287176061, 59.22341778925777]",0.003943943003832828,0,poisson_gaussian,decoded,0.03918926500045927,0,0.0,1.0,600,600,,,,,0.0,1.0083338278410814,0.0,0.0,,,,,,,,,,,,,,
k2_symmetric,1200,2,96.0,2,95.53666666666666,0.0,0.0,"[96.42997287176061, 59.22341778925777]",0.003943943003832828,0,spectral_bernoulli_surrogate,initial,0.04929476699908264,0,0.0,1.0,600,600,-188729.54192405663,3.0,True,2.0,,,,,,,,,,,,,,,,,0.0,
k2_symmetric,1200,2,96.0,2,95.53666666666666,0.0,0.0,"[96.42997287176061, 59.22341778925777]",0.003943943003832828,0,spectral_bernoulli_surrogate,decoded,0.049622479993558954,0,0.0,1.0,600,600,,,,,0.0,1.0083338278410814,0.0,0.0,,,,,,,,,,,,,,
k2_symmetric,1200,2,96.0,2,95.53666666666666,0.0,0.0,"[96.42997287176061, 59.22341778925777]",0.003943943003832828,0,raw_bernoulli_vem,initial,0.12744083700090414,0,0.0,1.0,600,600,-188648.56563661224,3.0,True,0.0,,,,,,,,,,,,,,,,,0.0,
k2_symmetric,1200,2,96.0,2,95.53666666666666,0.0,0.0,"[96.42997287176061, 59.22341778925777]",0.003943943003832828,0,edge_only_oracle,reference,0.0,0,0.0,1.0,600,600,,,,,,,,,,,,,,,,,,,,,,
k3_heterogeneous,1200,3,24.0,0,24.136666666666667,0.0,0.0,"[29.436872022881488, 15.36184152507906, -10.831307035977325]",0.00393221499689389,1,km_classic_U,initial,0.009225579000485595,0,0.49583333333333335,0.4284702603806543,191,805,-842.5252878524263,16.0,True,3.0,,,,,,,,,,,,,,,,,,
k3_heterogeneous,1200,3,24.0,0,24.136666666666667,0.0,0.0,"[29.436872022881488, 15.36184152507906, -10.831307035977325]",0.00393221499689389,1,km_classic_U,decoded,0.009612059999199118,0,0.49250000000000005,0.4416569738089579,190,801,,,,,0.0,2.1194028984419475,0.0,0.11972222222222222,,,,,,,,,,,,,,
k3_heterogeneous,1200,3,24.0,0,24.136666666666667,0.0,0.0,"[29.436872022881488, 15.36184152507906, -10.831307035977325]",0.00393221499689389,1,km_ASE,initial,0.008053484998526983,0,0.49416666666666664,0.43668745980488377,190,803,-11149.630929737152,12.0,True,1.0,,,,,,,,,,,,,,,,,,
k3_heterogeneous,1200,3,24.0,0,24.136666666666667,0.0,0.0,"[29.436872022881488, 15.36184152507906, -10.831307035977325]",0.00393221499689389,1,km_ASE,decoded,0.008387036999920383,0,0.49250000000000005,0.4416569738089579,190,801,,,,,0.0,2.1166712251674142,0.0,0.12,,,,,,,,,,,,,,
k3_heterogeneous,1200,3,24.0,0,24.136666666666667,0.0,0.0,"[29.436872022881488, 15.36184152507906, -10.831307035977325]",0.00393221499689389,1,km_RRE,initial,0.0078769600004307,0,0.4741666666666666,0.43993072597399135,166,803,-167428.29901843364,6.0,True,0.0,,,,,,,,,,,,,,,,,,
k3_heterogeneous,1200,3,24.0,0,24.136666666666667,0.0,0.0,"[29.436872022881488, 15.36184152507906, -10.831307035977325]",0.00393221499689389,1,km_RRE,decoded,0.008181709003110882,0,0.4816666666666667,0.443028426987803,177,801,,,,,0.0,2.1619847370304734,0.0,0.12027777777777778,,,,,,,,,,,,,,
k3_heterogeneous,1200,3,24.0,0,24.136666666666667,0.0,0.0,"[29.436872022881488, 15.36184152507906, -10.831307035977325]",0.00393221499689389,1,km_spec,initial,0.007704180003202055,0,0.49416666666666664,0.43668745980488377,190,803,-1037.0551377997274,4.0,True,0.0,,,,,,,,,,,,,,,,,,
k3_heterogeneous,1200,3,24.0,0,24.136666666666667,0.0,0.0,"[29.436872022881488, 15.36184152507906, -10.831307035977325]",0.00393221499689389,1,km_spec,decoded,0.0080049130046973,0,0.49250000000000005,0.4416569738089579,190,801,,,,,0.0,2.116671225167415,0.0,0.12,,,,,,,,,,,,,,
k3_heterogeneous,1200,3,24.0,0,24.136666666666667,0.0,0.0,"[29.436872022881488, 15.36184152507906, -10.831307035977325]",0.00393221499689389,1,gmm_tied_spec,initial,0.10824254600447603,0,0.42500000000000004,0.45958530553727345,105,805,-3631.757809771193,37.0,True,4.0,,,,,0.0,,,,,,,,,,,,,
k3_heterogeneous,1200,3,24.0,0,24.136666666666667,0.0,0.0,"[29.436872022881488, 15.36184152507906, -10.831307035977325]",0.00393221499689389,1,gmm_tied_spec,decoded,0.10862579300737707,0,0.4683333333333334,0.44624190954418363,161,801,,,,,0.0,2.4776944050990775,0.0,0.14083333333333334,,,,,,,,,,,,,,
k3_heterogeneous,1200,3,24.0,0,24.136666666666667,0.0,0.0,"[29.436872022881488, 15.36184152507906, -10.831307035977325]",0.00393221499689389,1,gmm_full_spec,initial,0.13062560700200265,0,0.10750000000000004,0.7283252199014385,389,412,-2976.7277779413243,54.0,True,2.0,,,,,0.0,,,,,,,,,,,,,
k3_heterogeneous,1200,3,24.0,0,24.136666666666667,0.0,0.0,"[29.436872022881488, 15.36184152507906, -10.831307035977325]",0.00393221499689389,1,gmm_full_spec,decoded,0.1309736100010923,0,0.5,0.10018355226500335,222,493,,,,,0.0,40.450756542746234,0.0,0.4091666666666667,,,,,,,,,,,,,,
k3_heterogeneous,1200,3,24.0,0,24.136666666666667,0.0,0.0,"[29.436872022881488, 15.36184152507906, -10.831307035977325]",0.00393221499689389,1,km_spec_degree,initial,0.00906229300017003,0,0.47583333333333333,0.43062046198596865,167,804,-1552.2747652153323,8.0,True,1.0,,,,,,,,,,,,,,,,,,
k3_heterogeneous,1200,3,24.0,0,24.136666666666667,0.0,0.0,"[29.436872022881488, 15.36184152507906, -10.831307035977325]",0.00393221499689389,1,km_spec_degree,decoded,0.009411248000105843,0,0.4816666666666667,0.443028426987803,177,801,,,,,0.0,2.1659127333230948,0.0,0.1213888888888889,,,,,,,,,,,,,,
k3_heterogeneous,1200,3,24.0,0,24.136666666666667,0.0,0.0,"[29.436872022881488, 15.36184152507906, -10.831307035977325]",0.00393221499689389,1,gmm_full_spec_degree,initial,0.16327283000282478,0,0.10666666666666669,0.7307610242634026,394,406,-2442.2170249620012,33.0,True,0.0,,,,,0.0,,,,,,,,,,,,,
k3_heterogeneous,1200,3,24.0,0,24.136666666666667,0.0,0.0,"[29.436872022881488, 15.36184152507906, -10.831307035977325]",0.00393221499689389,1,gmm_full_spec_degree,decoded,0.16363503500906518,0,0.5041666666666667,0.09361876151523707,215,496,,,,,0.0,43.75780606019349,0.0,0.41638888888888886,,,,,,,,,,,,,,
k3_heterogeneous,1200,3,24.0,0,24.136666666666667,0.0,0.0,"[29.436872022881488, 15.36184152507906, -10.831307035977325]",0.00393221499689389,1,km_neighbor_degree,initial,0.008455921000859234,0,0.10083333333333333,0.7387872229115976,368,433,-2200.8430355846103,6.0,True,3.0,,,,,,,,,,,,,,,,,,
k3_heterogeneous,1200,3,24.0,0,24.136666666666667,0.0,0.0,"[29.436872022881488, 15.36184152507906, -10.831307035977325]",0.00393221499689389,1,km_neighbor_degree,decoded,0.008916644001146778,0,0.49250000000000005,0.08747234587160356,266,519,,,,,0.0,70.2162898867838,0.0,0.46194444444444444,,,,,,,,,,,,,,
k3_heterogeneous,1200,3,24.0,0,24.136666666666667,0.0,0.0,"[29.436872022881488, 15.36184152507906, -10.831307035977325]",0.00393221499689389,1,gmm_full_neighbor_degree,initial,0.2162096969987033,0,0.32999999999999996,0.5124709411140177,228,573,-5174.254494395769,53.0,True,1.0,,,,,0.0,,,,,,,,,,,,,
k3_heterogeneous,1200,3,24.0,0,24.136666666666667,0.0,0.0,"[29.436872022881488, 15.36184152507906, -10.831307035977325]",0.00393221499689389,1,gmm_full_neighbor_degree,decoded,0.21660275899921544,0,0.6083333333333334,0.01588545913295497,135,551,,,,,0.0,125.99896393287074,0.0,0.48388888888888887,,,,,,,,,,,,,,
k3_heterogeneous,1200,3,24.0,0,24.136666666666667,0.0,0.0,"[29.436872022881488, 15.36184152507906, -10.831307035977325]",0.00393221499689389,1,poisson_gaussian,initial,0.14846846900036326,0,0.07666666666666666,0.7955386773841832,387,414,-7795.720125767575,21.0,True,,,,,,,-6.496433438139646,converged,random_data,923434654.0,0.0,3.0,0.0,1.0,6.0,7919.0,0.02,,
k3_heterogeneous,1200,3,24.0,0,24.136666666666667,0.0,0.0,"[29.436872022881488, 15.36184152507906, -10.831307035977325]",0.00393221499689389,1,poisson_gaussian,decoded,0.1488121759975911,0,0.5841666666666667,0.02101752249290759,107,552,,,,,0.0,113.04380942499677,0.0,0.4716666666666667,,,,,,,,,,,,,,
k3_heterogeneous,1200,3,24.0,0,24.136666666666667,0.0,0.0,"[29.436872022881488, 15.36184152507906, -10.831307035977325]",0.00393221499689389,1,spectral_bernoulli_surrogate,initial,0.1376285430014832,0,0.12250000000000005,0.6986729029007421,391,410,-68035.9823726281,46.0,True,1.0,,,,,,,,,,,,,,,,,0.0,
k3_heterogeneous,1200,3,24.0,0,24.136666666666667,0.0,0.0,"[29.436872022881488, 15.36184152507906, -10.831307035977325]",0.00393221499689389,1,spectral_bernoulli_surrogate,decoded,0.13806925599783426,0,0.6458333333333333,0.0006080235583361913,52,587,,,,,0.0,319.5596051700308,0.0,0.4880555555555556,,,,,,,,,,,,,,
k3_heterogeneous,1200,3,24.0,0,24.136666666666667,0.0,0.0,"[29.436872022881488, 15.36184152507906, -10.831307035977325]",0.00393221499689389,1,raw_bernoulli_vem,initial,0.09622439600207144,0,0.04083333333333339,0.8845050678630809,398,403,-67773.63473670112,23.0,True,1.0,,,,,,,,,,,,,,,,,0.0,
k3_heterogeneous,1200,3,24.0,0,24.136666666666667,0.0,0.0,"[29.436872022881488, 15.36184152507906, -10.831307035977325]",0.00393221499689389,1,edge_only_oracle,reference,0.0,0,0.035833333333333384,0.897831042970254,394,407,,,,,,,,,,,,,,,,,,,,,,
k3_heterogeneous,1200,3,24.0,1,23.963333333333335,0.0033333333333333335,0.0,"[29.383746997906123, 14.885625312182524, -10.913605909053791]",0.004113337003218476,1,km_classic_U,initial,0.0085897719982313,0,0.49,0.4257257536601586,183,805,-820.942924544894,5.0,True,5.0,,,,,,,,,,,,,,,,,,
k3_heterogeneous,1200,3,24.0,1,23.963333333333335,0.0033333333333333335,0.0,"[29.383746997906123, 14.885625312182524, -10.913605909053791]",0.004113337003218476,1,km_classic_U,decoded,0.008973759999207687,0,0.49416666666666664,0.4430946480720752,195,799,,,,,0.0,2.1355008533563726,0.0,0.12055555555555555,,,,,,,,,,,,,,
k3_heterogeneous,1200,3,24.0,1,23.963333333333335,0.0033333333333333335,0.0,"[29.383746997906123, 14.885625312182524, -10.913605909053791]",0.004113337003218476,1,km_ASE,initial,0.00801795200095512,0,0.4866666666666667,0.4341442088554263,182,803,-10905.963355939828,7.0,True,1.0,,,,,,,,,,,,,,,,,,
k3_heterogeneous,1200,3,24.0,1,23.963333333333335,0.0033333333333333335,0.0,"[29.383746997906123, 14.885625312182524, -10.913605909053791]",0.004113337003218476,1,km_ASE,decoded,0.008351804994163103,0,0.4933333333333333,0.4431398190475995,194,799,,,,,0.0,2.1367012727514467,0.0,0.12055555555555555,,,,,,,,,,,,,,
k3_heterogeneous,1200,3,24.0,1,23.963333333333335,0.0033333333333333335,0.0,"[29.383746997906123, 14.885625312182524, -10.913605909053791]",0.004113337003218476,1,km_RRE,initial,0.007257457997184247,0,0.4883333333333333,0.43631966579415793,185,802,-164008.5256826907,5.0,True,0.0,,,,,,,,,,,,,,,,,,
k3_heterogeneous,1200,3,24.0,1,23.963333333333335,0.0033333333333333335,0.0,"[29.383746997906123, 14.885625312182524, -10.913605909053791]",0.004113337003218476,1,km_RRE,decoded,0.007584189996123314,0,0.495,0.4430560773656802,196,799,,,,,0.0,2.130573550796226,0.0,0.12,,,,,,,,,,,,,,
k3_heterogeneous,1200,3,24.0,1,23.963333333333335,0.0033333333333333335,0.0,"[29.383746997906123, 14.885625312182524, -10.913605909053791]",0.004113337003218476,1,km_spec,initial,0.008988401998067275,0,0.4866666666666667,0.4341442088554263,182,803,-1015.7168607636869,7.0,True,1.0,,,,,,,,,,,,,,,,,,
k3_heterogeneous,1200,3,24.0,1,23.963333333333335,0.0033333333333333335,0.0,"[29.383746997906123, 14.885625312182524, -10.913605909053791]",0.004113337003218476,1,km_spec,decoded,0.009298178003518842,0,0.4933333333333333,0.4431398190475995,194,799,,,,,0.0,2.1367012727514467,0.0,0.12055555555555555,,,,,,,,,,,,,,
k3_heterogeneous,1200,3,24.0,1,23.963333333333335,0.0033333333333333335,0.0,"[29.383746997906123, 14.885625312182524, -10.913605909053791]",0.004113337003218476,1,gmm_tied_spec,initial,0.09151078500144649,0,0.4525,0.44996370562741494,141,802,-3620.7429972036707,16.0,True,5.0,,,,,0.0,,,,,,,,,,,,,
k3_heterogeneous,1200,3,24.0,1,23.963333333333335,0.0033333333333333335,0.0,"[29.383746997906123, 14.885625312182524, -10.913605909053791]",0.004113337003218476,1,gmm_tied_spec,decoded,0.09207269999751588,0,0.48416666666666663,0.4440721295266594,183,799,,,,,0.0,2.2850231762777997,0.0,0.1297222222222222,,,,,,,,,,,,,,
k3_heterogeneous,1200,3,24.0,1,23.963333333333335,0.0033333333333333335,0.0,"[29.383746997906123, 14.885625312182524, -10.913605909053791]",0.004113337003218476,1,gmm_full_spec,initial,0.10315573400293943,0,0.4658333333333333,0.44526430744552653,167,796,-3101.1622791947893,14.0,True,0.0,,,,,0.0,,,,,,,,,,,,,
k3_heterogeneous,1200,3,24.0,1,23.963333333333335,0.0033333333333333335,0.0,"[29.383746997906123, 14.885625312182524, -10.913605909053791]",0.004113337003218476,1,gmm_full_spec,decoded,0.10354728299716953,0,0.48416666666666663,0.4440721295266594,183,799,,,,,0.0,2.1342494861169214,0.0,0.1363888888888889,,,,,,,,,,,,,,
k3_heterogeneous,1200,3,24.0,1,23.963333333333335,0.0033333333333333335,0.0,"[29.383746997906123, 14.885625312182524, -10.913605909053791]",0.004113337003218476,1,km_spec_degree,initial,0.008531755003787111,0,0.4916666666666667,0.431180993681568,187,804,-1515.26826891347,8.0,True,2.0,,,,,,,,,,,,,,,,,,
k3_heterogeneous,1200,3,24.0,1,23.963333333333335,0.0033333333333333335,0.0,"[29.383746997906123, 14.885625312182524, -10.913605909053791]",0.004113337003218476,1,km_spec_degree,decoded,0.008869463003065903,0,0.495,0.4430560773656802,196,799,,,,,0.0,2.136189297210961,0.0,0.12111111111111111,,,,,,,,,,,,,,
k3_heterogeneous,1200,3,24.0,1,23.963333333333335,0.0033333333333333335,0.0,"[29.383746997906123, 14.885625312182524, -10.913605909053791]",0.004113337003218476,1,gmm_full_spec_degree,initial,0.10345751599379582,0,0.45666666666666667,0.4473965939331138,158,795,-2543.80090623298,15.0,True,0.0,,,,,0.0,,,,,,,,,,,,,
k3_heterogeneous,1200,3,24.0,1,23.963333333333335,0.0033333333333333335,0.0,"[29.383746997906123, 14.885625312182524, -10.913605909053791]",0.004113337003218476,1,gmm_full_spec_degree,decoded,0.10381027699622791,0,0.48,0.44475957978246783,178,799,,,,,0.0,2.1484775012671093,0.0,0.14,,,,,,,,,,,,,,
k3_heterogeneous,1200,3,24.0,1,23.963333333333335,0.0033333333333333335,0.0,"[29.383746997906123, 14.885625312182524, -10.913605909053791]",0.004113337003218476,1,km_neighbor_degree,initial,0.00839083299797494,0,0.10250000000000004,0.7378397681486146,388,411,-2192.5711109655067,9.0,True,2.0,,,,,,,,,,,,,,,,,,
k3_heterogeneous,1200,3,24.0,1,23.963333333333335,0.0033333333333333335,0.0,"[29.383746997906123, 14.885625312182524, -10.913605909053791]",0.004113337003218476,1,km_neighbor_degree,decoded,0.008700127997144591,0,0.5625,0.035937307006557354,233,542,,,,,0.0,143.38239423039272,0.0,0.4847222222222222,,,,,,,,,,,,,,
k3_heterogeneous,1200,3,24.0,1,23.963333333333335,0.0033333333333333335,0.0,"[29.383746997906123, 14.885625312182524, -10.913605909053791]",0.004113337003218476,1,gmm_full_neighbor_degree,initial,0.28058715400402434,0,0.23916666666666664,0.5393894628567086,377,423,-5178.132886144295,110.0,True,5.0,,,,,0.0,,,,,,,,,,,,,
k3_heterogeneous,1200,3,24.0,1,23.963333333333335,0.0033333333333333335,0.0,"[29.383746997906123, 14.885625312182524, -10.913605909053791]",0.004113337003218476,1,gmm_full_neighbor_degree,decoded,0.2809202650023508,0,0.6008333333333333,0.01273155149873791,113,557,,,,,0.0,120.0633224775775,0.0,0.4647222222222222,,,,,,,,,,,,,,
k3_heterogeneous,1200,3,24.0,1,23.963333333333335,0.0033333333333333335,0.0,"[29.383746997906123, 14.885625312182524, -10.913605909053791]",0.004113337003218476,1,poisson_gaussian,initial,0.16146440100419568,0,0.08083333333333331,0.7866277124731482,381,419,-7804.55173030135,29.0,True,,,,,,,-6.503793108584459,converged,random_data,968887260.0,0.0,3.0,0.0,3.0,6.0,7920.0,0.02,,
k3_heterogeneous,1200,3,24.0,1,23.963333333333335,0.0033333333333333335,0.0,"[29.383746997906123, 14.885625312182524, -10.913605909053791]",0.004113337003218476,1,poisson_gaussian,decoded,0.16183647000434576,0,0.6591666666666667,-0.0008322486287993858,3,611,,,,,0.0,2414.3164730639805,0.0,0.5033333333333333,,,,,,,,,,,,,,
k3_heterogeneous,1200,3,24.0,1,23.963333333333335,0.0033333333333333335,0.0,"[29.383746997906123, 14.885625312182524, -10.913605909053791]",0.004113337003218476,1,spectral_bernoulli_surrogate,initial,0.12220829499710817,0,0.13749999999999996,0.6738505981494026,327,473,-67681.23867756382,29.0,True,4.0,,,,,,,,,,,,,,,,,0.0,
k3_heterogeneous,1200,3,24.0,1,23.963333333333335,0.0033333333333333335,0.0,"[29.383746997906123, 14.885625312182524, -10.913605909053791]",0.004113337003218476,1,spectral_bernoulli_surrogate,decoded,0.1225301589947776,0,0.6491666666666667,5.36165539563388e-05,53,600,,,,,0.0,478.49073190603144,0.0,0.4905555555555556,,,,,,,,,,,,,,
k3_heterogeneous,1200,3,24.0,1,23.963333333333335,0.0033333333333333335,0.0,"[29.383746997906123, 14.885625312182524, -10.913605909053791]",0.004113337003218476,1,raw_bernoulli_vem,initial,0.13395336399844382,0,0.054166666666666696,0.8504989048987317,383,417,-67436.04656967631,31.0,True,4.0,,,,,,,,,,,,,,,,,0.0,
k3_heterogeneous,1200,3,24.0,1,23.963333333333335,0.0033333333333333335,0.0,"[29.383746997906123, 14.885625312182524, -10.913605909053791]",0.004113337003218476,1,edge_only_oracle,reference,0.0,0,0.04583333333333328,0.8717393129504373,399,401,,,,,,,,,,,,,,,,,,,,,,
k3_heterogeneous,1200,3,24.0,2,23.975,0.004166666666666667,0.0,"[29.376954181865226, 15.16996492675145, 10.79898946670739]",0.004211394996673334,0,km_classic_U,initial,0.009002432998386212,0,0.49750000000000005,0.4315101867495082,193,801,-896.2782843639833,7.0,True,2.0,,,,,,,,,,,,,,,,,,
k3_heterogeneous,1200,3,24.0,2,23.975,0.004166666666666667,0.0,"[29.376954181865226, 15.16996492675145, 10.79898946670739]",0.004211394996673334,0,km_classic_U,decoded,0.00934851400234038,0,0.4966666666666667,0.4438787273264808,196,800,,,,,0.0,2.131269105703873,0.0,0.12611111111111112,,,,,,,,,,,,,,
k3_heterogeneous,1200,3,24.0,2,23.975,0.004166666666666667,0.0,"[29.376954181865226, 15.16996492675145, 10.79898946670739]",0.004211394996673334,0,km_ASE,initial,0.007889848995546345,0,0.4983333333333333,0.4413799170575396,197,801,-11857.830421952993,7.0,True,2.0,,,,,,,,,,,,,,,,,,
k3_heterogeneous,1200,3,24.0,2,23.975,0.004166666666666667,0.0,"[29.376954181865226, 15.16996492675145, 10.79898946670739]",0.004211394996673334,0,km_ASE,decoded,0.008224071993026882,0,0.4983333333333333,0.443839150389653,198,800,,,,,0.0,2.1348494695956988,0.0,0.12638888888888888,,,,,,,,,,,,,,
k3_heterogeneous,1200,3,24.0,2,23.975,0.004166666666666667,0.0,"[29.376954181865226, 15.16996492675145, 10.79898946670739]",0.004211394996673334,0,km_RRE,initial,0.007825953005522024,0,0.48750000000000004,0.43734713997979585,182,803,-177476.3898375143,8.0,True,0.0,,,,,,,,,,,,,,,,,,
k3_heterogeneous,1200,3,24.0,2,23.975,0.004166666666666667,0.0,"[29.376954181865226, 15.16996492675145, 10.79898946670739]",0.004211394996673334,0,km_RRE,decoded,0.008126505003019702,0,0.48916666666666664,0.44438325584732924,187,800,,,,,0.0,2.1511236965782374,0.0,0.12833333333333333,,,,,,,,,,,,,,
k3_heterogeneous,1200,3,24.0,2,23.975,0.004166666666666667,0.0,"[29.376954181865226, 15.16996492675145, 10.79898946670739]",0.004211394996673334,0,km_spec,initial,0.008002448004845064,0,0.5,0.4389036449684448,198,802,-1101.4826894567748,6.0,True,2.0,,,,,,,,,,,,,,,,,,
k3_heterogeneous,1200,3,24.0,2,23.975,0.004166666666666667,0.0,"[29.376954181865226, 15.16996492675145, 10.79898946670739]",0.004211394996673334,0,km_spec,decoded,0.008302559006551746,0,0.49916666666666665,0.4438292560174143,199,800,,,,,0.0,2.1387713353774207,0.0,0.12638888888888888,,,,,,,,,,,,,,
k3_heterogeneous,1200,3,24.0,2,23.975,0.004166666666666667,0.0,"[29.376954181865226, 15.16996492675145, 10.79898946670739]",0.004211394996673334,0,gmm_tied_spec,initial,0.07347293000202626,0,0.4441666666666667,0.45186380505960194,130,803,-3763.357928171575,15.0,True,4.0,,,,,0.0,,,,,,,,,,,,,
k3_heterogeneous,1200,3,24.0,2,23.975,0.004166666666666667,0.0,"[29.376954181865226, 15.16996492675145, 10.79898946670739]",0.004211394996673334,0,gmm_tied_spec,decoded,0.0738503170068725,0,0.4475,0.4568681298068269,137,800,,,,,0.0,2.3506843365805565,0.0,0.145,,,,,,,,,,,,,,
k3_heterogeneous,1200,3,24.0,2,23.975,0.004166666666666667,0.0,"[29.376954181865226, 15.16996492675145, 10.79898946670739]",0.004211394996673334,0,gmm_full_spec,initial,0.1689294410025468,0,0.09833333333333338,0.7483979989519999,349,450,-3112.3558551428323,82.0,True,2.0,,,,,0.0,,,,,,,,,,,,,
k3_heterogeneous,1200,3,24.0,2,23.975,0.004166666666666667,0.0,"[29.376954181865226, 15.16996492675145, 10.79898946670739]",0.004211394996673334,0,gmm_full_spec,decoded,0.1693087320018094,0,0.4491666666666667,0.1390680421740271,369,454,,,,,0.0,25.864646903038956,0.0,0.40305555555555556,,,,,,,,,,,,,,
k3_heterogeneous,1200,3,24.0,2,23.975,0.004166666666666667,0.0,"[29.376954181865226, 15.16996492675145, 10.79898946670739]",0.004211394996673334,0,km_spec_degree,initial,0.008354306999535765,0,0.4916666666666667,0.4170064568977329,181,810,-1624.9585704090769,8.0,True,5.0,,,,,,,,,,,,,,,,,,
k3_heterogeneous,1200,3,24.0,2,23.975,0.004166666666666667,0.0,"[29.376954181865226, 15.16996492675145, 10.79898946670739]",0.004211394996673334,0,km_spec_degree,decoded,0.008713437993719708,0,0.48916666666666664,0.44438325584732924,187,800,,,,,0.0,2.1820129600705616,0.0,0.13194444444444445,,,,,,,,,,,,,,
k3_heterogeneous,1200,3,24.0,2,23.975,0.004166666666666667,0.0,"[29.376954181865226, 15.16996492675145, 10.79898946670739]",0.004211394996673334,0,gmm_full_spec_degree,initial,0.15567016400018474,0,0.10083333333333333,0.7434644919710117,338,461,-2584.474264525884,20.0,True,4.0,,,,,0.0,,,,,,,,,,,,,
k3_heterogeneous,1200,3,24.0,2,23.975,0.004166666666666667,0.0,"[29.376954181865226, 15.16996492675145, 10.79898946670739]",0.004211394996673334,0,gmm_full_spec_degree,decoded,0.15600338500371436,0,0.4666666666666667,0.11988028049498335,353,464,,,,,0.0,27.728576329616246,0.0,0.4097222222222222,,,,,,,,,,,,,,
k3_heterogeneous,1200,3,24.0,2,23.975,0.004166666666666667,0.0,"[29.376954181865226, 15.16996492675145, 10.79898946670739]",0.004211394996673334,0,km_neighbor_degree,initial,0.008975161996204406,0,0.09666666666666668,0.7504292716180407,358,444,-2191.884584456754,11.0,True,0.0,,,,,,,,,,,,,,,,,,
k3_heterogeneous,1200,3,24.0,2,23.975,0.004166666666666667,0.0,"[29.376954181865226, 15.16996492675145, 10.79898946670739]",0.004211394996673334,0,km_neighbor_degree,decoded,0.009425889991689473,0,0.62,0.00697110943008277,55,589,,,,,0.0,1247.095935842227,0.0,0.49944444444444447,,,,,,,,,,,,,,
k3_heterogeneous,1200,3,24.0,2,23.975,0.004166666666666667,0.0,"[29.376954181865226, 15.16996492675145, 10.79898946670739]",0.004211394996673334,0,gmm_full_neighbor_degree,initial,0.24970332399971085,0,0.16000000000000003,0.6463247985429887,217,582,-5230.89108389039,37.0,True,4.0,,,,,0.0,,,,,,,,,,,,,
k3_heterogeneous,1200,3,24.0,2,23.975,0.004166666666666667,0.0,"[29.376954181865226, 15.16996492675145, 10.79898946670739]",0.004211394996673334,0,gmm_full_neighbor_degree,decoded,0.2501088040007744,0,0.585,0.0251219929868192,185,557,,,,,0.0,70.20020718292231,0.0,0.4413888888888889,,,,,,,,,,,,,,
k3_heterogeneous,1200,3,24.0,2,23.975,0.004166666666666667,0.0,"[29.376954181865226, 15.16996492675145, 10.79898946670739]",0.004211394996673334,0,poisson_gaussian,initial,0.10992720799549716,0,0.06000000000000005,0.8357231597912347,389,410,-7843.398996537499,11.0,True,,,,,,,-6.536165830447916,converged,weighted_kmeans++_seeding,1597364652.0,0.0,3.0,0.0,4.0,6.0,7921.0,0.02,,
k3_heterogeneous,1200,3,24.0,2,23.975,0.004166666666666667,0.0,"[29.376954181865226, 15.16996492675145, 10.79898946670739]",0.004211394996673334,0,poisson_gaussian,decoded,0.11043119699024828,0,0.54,0.05142584719611995,210,546,,,,,0.0,71.2256611995745,0.0,0.46444444444444444,,,,,,,,,,,,,,
k3_heterogeneous,1200,3,24.0,2,23.975,0.004166666666666667,0.0,"[29.376954181865226, 15.16996492675145, 10.79898946670739]",0.004211394996673334,0,spectral_bernoulli_surrogate,initial,0.18027939099556534,0,0.135,0.6785204275512481,322,478,-67757.48769728922,33.0,True,4.0,,,,,,,,,,,,,,,,,0.0,
k3_heterogeneous,1200,3,24.0,2,23.975,0.004166666666666667,0.0,"[29.376954181865226, 15.16996492675145, 10.79898946670739]",0.004211394996673334,0,spectral_bernoulli_surrogate,decoded,0.18068578300153604,0,0.53,0.06874232908268402,317,551,,,,,0.0,90.93126602242667,0.0,0.4752777777777778,,,,,,,,,,,,,,
k3_heterogeneous,1200,3,24.0,2,23.975,0.004166666666666667,0.0,"[29.376954181865226, 15.16996492675145, 10.79898946670739]",0.004211394996673334,0,raw_bernoulli_vem,initial,0.10417978600162314,0,0.03749999999999998,0.8936828946925046,383,417,-67459.2189592801,13.0,True,5.0,,,,,,,,,,,,,,,,,0.0,
k3_heterogeneous,1200,3,24.0,2,23.975,0.004166666666666667,0.0,"[29.376954181865226, 15.16996492675145, 10.79898946670739]",0.004211394996673334,0,edge_only_oracle,reference,0.0,0,0.02833333333333332,0.918476855584596,398,402,,,,,,,,,,,,,,,,,,,,,,
k3_heterogeneous,1200,3,6.0,0,5.888333333333334,0.0425,0.005833333333333334,"[7.626757843418547, -5.276539896385442, 5.269448317594906]",0.004205106000881642,1,km_classic_U,initial,0.00900595799612347,0,0.5375,0.1905817205831871,161,877,-1623.3599564978022,8.0,True,0.0,,,,,,,,,,,,,,,,,,
k3_heterogeneous,1200,3,6.0,0,5.888333333333334,0.0425,0.005833333333333334,"[7.626757843418547, -5.276539896385442, 5.269448317594906]",0.004205106000881642,1,km_classic_U,decoded,0.009433822000573855,0,0.5366666666666666,0.20546084376278162,164,863,,,,,0.0,3.5453962638722682,0.0,0.28444444444444444,,,,,,,,,,,,,,
k3_heterogeneous,1200,3,6.0,0,5.888333333333334,0.0425,0.005833333333333334,"[7.626757843418547, -5.276539896385442, 5.269448317594906]",0.004205106000881642,1,km_ASE,initial,0.008425414998782799,0,0.5358333333333334,0.2017848561599595,160,878,-9054.543133305284,8.0,True,2.0,,,,,,,,,,,,,,,,,,
k3_heterogeneous,1200,3,6.0,0,5.888333333333334,0.0425,0.005833333333333334,"[7.626757843418547, -5.276539896385442, 5.269448317594906]",0.004205106000881642,1,km_ASE,decoded,0.008748131003812887,0,0.5366666666666666,0.20227806218033864,162,865,,,,,0.0,3.6456335106403763,0.0,0.2863888888888889,,,,,,,,,,,,,,
k3_heterogeneous,1200,3,6.0,0,5.888333333333334,0.0425,0.005833333333333334,"[7.626757843418547, -5.276539896385442, 5.269448317594906]",0.004205106000881642,1,km_RRE,initial,0.008675981996930204,0,0.53,0.2131235300438279,163,871,-51171.055992703965,10.0,True,3.0,,,,,,,,,,,,,,,,,,
k3_heterogeneous,1200,3,6.0,0,5.888333333333334,0.0425,0.005833333333333334,"[7.626757843418547, -5.276539896385442, 5.269448317594906]",0.004205106000881642,1,km_RRE,decoded,0.00899269799265312,0,0.5349999999999999,0.2108841380001568,165,861,,,,,0.0,3.875615676596006,0.0,0.29527777777777775,,,,,,,,,,,,,,
k3_heterogeneous,1200,3,6.0,0,5.888333333333334,0.0425,0.005833333333333334,"[7.626757843418547, -5.276539896385442, 5.269448317594906]",0.004205106000881642,1,km_spec,initial,0.009264928004995454,0,0.53,0.22468784223970273,163,868,-1897.1926797302212,20.0,True,1.0,,,,,,,,,,,,,,,,,,
k3_heterogeneous,1200,3,6.0,0,5.888333333333334,0.0425,0.005833333333333334,"[7.626757843418547, -5.276539896385442, 5.269448317594906]",0.004205106000881642,1,km_spec,decoded,0.009580063000612427,0,0.5366666666666666,0.20817053634066707,163,864,,,,,0.0,3.9073837457501774,0.0,0.2947222222222222,,,,,,,,,,,,,,
k3_heterogeneous,1200,3,6.0,0,5.888333333333334,0.0425,0.005833333333333334,"[7.626757843418547, -5.276539896385442, 5.269448317594906]",0.004205106000881642,1,gmm_tied_spec,initial,0.10094738099724054,0,0.5483333333333333,0.13751089767589567,104,948,-4625.851426221718,12.0,True,0.0,,,,,0.0,,,,,,,,,,,,,
k3_heterogeneous,1200,3,6.0,0,5.888333333333334,0.0425,0.005833333333333334,"[7.626757843418547, -5.276539896385442, 5.269448317594906]",0.004205106000881642,1,gmm_tied_spec,decoded,0.10133139899699017,0,0.5125,0.17593588114553807,127,884,,,,,0.0,5.027670038339407,0.0,0.3238888888888889,,,,,,,,,,,,,,
k3_heterogeneous,1200,3,6.0,0,5.888333333333334,0.0425,0.005833333333333334,"[7.626757843418547, -5.276539896385442, 5.269448317594906]",0.004205106000881642,1,gmm_full_spec,initial,0.4182615359968622,0,0.32499999999999996,0.3085329265106766,352,464,-3746.997344145643,128.0,True,2.0,,,,,0.0,,,,,,,,,,,,,
k3_heterogeneous,1200,3,6.0,0,5.888333333333334,0.0425,0.005833333333333334,"[7.626757843418547, -5.276539896385442, 5.269448317594906]",0.004205106000881642,1,gmm_full_spec,decoded,0.41866842799208825,0,0.6358333333333333,0.001996159098476501,190,547,,,,,0.0,94.50243363759138,0.0,0.4836111111111111,,,,,,,,,,,,,,
k3_heterogeneous,1200,3,6.0,0,5.888333333333334,0.0425,0.005833333333333334,"[7.626757843418547, -5.276539896385442, 5.269448317594906]",0.004205106000881642,1,km_spec_degree,initial,0.008849133002513554,0,0.5191666666666667,0.2096618045984255,169,855,-2556.8259625600217,16.0,True,2.0,,,,,,,,,,,,,,,,,,
k3_heterogeneous,1200,3,6.0,0,5.888333333333334,0.0425,0.005833333333333334,"[7.626757843418547, -5.276539896385442, 5.269448317594906]",0.004205106000881642,1,km_spec_degree,decoded,0.009173049998935312,0,0.5225,0.23098519778510695,174,840,,,,,0.0,4.443810510746851,0.0,0.3211111111111111,,,,,,,,,,,,,,
k3_heterogeneous,1200,3,6.0,0,5.888333333333334,0.0425,0.005833333333333334,"[7.626757843418547, -5.276539896385442, 5.269448317594906]",0.004205106000881642,1,gmm_full_spec_degree,initial,0.26417777800088516,0,0.3175,0.3186407807089643,343,437,-4348.423199244772,63.0,True,3.0,,,,,0.0,,,,,,,,,,,,,
k3_heterogeneous,1200,3,6.0,0,5.888333333333334,0.0425,0.005833333333333334,"[7.626757843418547, -5.276539896385442, 5.269448317594906]",0.004205106000881642,1,gmm_full_spec_degree,decoded,0.26455012900260044,0,0.6533333333333333,-0.000157185579377252,48,578,,,,,0.0,342.80185163299745,0.0,0.4922222222222222,,,,,,,,,,,,,,
k3_heterogeneous,1200,3,6.0,0,5.888333333333334,0.0425,0.005833333333333334,"[7.626757843418547, -5.276539896385442, 5.269448317594906]",0.004205106000881642,1,km_neighbor_degree,initial,0.008870814999681897,0,0.3058333333333333,0.35596854224679386,320,524,-2922.203431718386,15.0,True,1.0,,,,,,,,,,,,,,,,,,
k3_heterogeneous,1200,3,6.0,0,5.888333333333334,0.0425,0.005833333333333334,"[7.626757843418547, -5.276539896385442, 5.269448317594906]",0.004205106000881642,1,km_neighbor_degree,decoded,0.009245018001820426,0,0.6116666666666667,0.010427232517504242,58,575,,,,,0.0,215.73200315028154,0.0,0.49083333333333334,,,,,,,,,,,,,,
k3_heterogeneous,1200,3,6.0,0,5.888333333333334,0.0425,0.005833333333333334,"[7.626757843418547, -5.276539896385442, 5.269448317594906]",0.004205106000881642,1,gmm_full_neighbor_degree,initial,0.39787538700329605,0,0.3208333333333333,0.34693302603025855,297,459,-6111.014851107453,91.0,True,4.0,,,,,0.0,,,,,,,,,,,,,
k3_heterogeneous,1200,3,6.0,0,5.888333333333334,0.0425,0.005833333333333334,"[7.626757843418547, -5.276539896385442, 5.269448317594906]",0.004205106000881642,1,gmm_full_neighbor_degree,decoded,0.3982912230057991,0,0.6408333333333334,0.002255966204859614,271,579,,,,,0.0,178.04692432930833,0.0,0.4905555555555556,,,,,,,,,,,,,,
k3_heterogeneous,1200,3,6.0,0,5.888333333333334,0.0425,0.005833333333333334,"[7.626757843418547, -5.276539896385442, 5.269448317594906]",0.004205106000881642,1,poisson_gaussian,initial,0.29381895899859956,0,0.31000000000000005,0.35453212505765064,278,516,-7413.702042743294,132.0,True,,,,,,,-6.178085035619412,converged,weighted_kmeans++_seeding,2259449567.0,0.0,3.0,0.0,0.0,6.0,7919.0,0.02,,
k3_heterogeneous,1200,3,6.0,0,5.888333333333334,0.0425,0.005833333333333334,"[7.626757843418547, -5.276539896385442, 5.269448317594906]",0.004205106000881642,1,poisson_gaussian,decoded,0.2942359559965553,0,0.6608333333333334,-0.000942505912326908,7,600,,,,,0.0,1478.4694849209275,0.0,0.49472222222222223,,,,,,,,,,,,,,
k3_heterogeneous,1200,3,6.0,0,5.888333333333334,0.0425,0.005833333333333334,"[7.626757843418547, -5.276539896385442, 5.269448317594906]",0.004205106000881642,1,spectral_bernoulli_surrogate,initial,0.1116374920020462,0,0.44833333333333336,0.19281676644518664,0,810,-22252.49969646284,12.0,True,5.0,,,,,,,,,,,,,,,,,0.0,
k3_heterogeneous,1200,3,6.0,0,5.888333333333334,0.0425,0.005833333333333334,"[7.626757843418547, -5.276539896385442, 5.269448317594906]",0.004205106000881642,1,spectral_bernoulli_surrogate,decoded,0.1116869269972085,0,0.44833333333333336,0.19281676644518664,0,810,,,,,1.0,,,,,,,,,,,,,,,,,small_cluster
k3_heterogeneous,1200,3,6.0,0,5.888333333333334,0.0425,0.005833333333333334,"[7.626757843418547, -5.276539896385442, 5.269448317594906]",0.004205106000881642,1,raw_bernoulli_vem,initial,0.1107547749998048,0,0.3416666666666667,0.4333713127811932,42,768,-22044.841559416403,27.0,True,1.0,,,,,,,,,,,,,,,,,1.0,
k3_heterogeneous,1200,3,6.0,0,5.888333333333334,0.0425,0.005833333333333334,"[7.626757843418547, -5.276539896385442, 5.269448317594906]",0.004205106000881642,1,edge_only_oracle,reference,0.0,0,0.15083333333333337,0.6207853480901931,365,440,,,,,,,,,,,,,,,,,,,,,,
k3_heterogeneous,1200,3,6.0,1,5.791666666666667,0.034166666666666665,0.010833333333333334,"[7.673524884362259, 5.340290352810816, -5.310003688990258]",0.0030138039946905337,1,km_classic_U,initial,0.009424458003195468,0,0.5549999999999999,0.15076798142208064,138,919,-1600.9928344171678,17.0,True,1.0,,,,,,,,,,,,,,,,,,
k3_heterogeneous,1200,3,6.0,1,5.791666666666667,0.034166666666666665,0.010833333333333334,"[7.673524884362259, 5.340290352810816, -5.310003688990258]",0.0030138039946905337,1,km_classic_U,decoded,0.009774785001354758,0,0.54,0.17058188755151357,150,897,,,,,0.0,3.3594156677080207,0.0,0.2925,,,,,,,,,,,,,,
k3_heterogeneous,1200,3,6.0,1,5.791666666666667,0.034166666666666665,0.010833333333333334,"[7.673524884362259, 5.340290352810816, -5.310003688990258]",0.0030138039946905337,1,km_ASE,initial,0.009021260993904434,0,0.5525,0.17301481093600798,147,899,-9071.994518979354,16.0,True,0.0,,,,,,,,,,,,,,,,,,
k3_heterogeneous,1200,3,6.0,1,5.791666666666667,0.034166666666666665,0.010833333333333334,"[7.673524884362259, 5.340290352810816, -5.310003688990258]",0.0030138039946905337,1,km_ASE,decoded,0.009326089995738585,0,0.5416666666666667,0.1818701443948615,141,885,,,,,0.0,3.469431817684737,0.0,0.29777777777777775,,,,,,,,,,,,,,
k3_heterogeneous,1200,3,6.0,1,5.791666666666667,0.034166666666666665,0.010833333333333334,"[7.673524884362259, 5.340290352810816, -5.310003688990258]",0.0030138039946905337,1,km_RRE,initial,0.008296140003949404,0,0.5366666666666666,0.20238591494853558,157,880,-51955.55708007255,13.0,True,5.0,,,,,,,,,,,,,,,,,,
k3_heterogeneous,1200,3,6.0,1,5.791666666666667,0.034166666666666665,0.010833333333333334,"[7.673524884362259, 5.340290352810816, -5.310003688990258]",0.0030138039946905337,1,km_RRE,decoded,0.00859870500426041,0,0.5408333333333333,0.1839619715718441,161,878,,,,,0.0,3.5749444921967997,0.0,0.3,,,,,,,,,,,,,,
k3_heterogeneous,1200,3,6.0,1,5.791666666666667,0.034166666666666665,0.010833333333333334,"[7.673524884362259, 5.340290352810816, -5.310003688990258]",0.0030138039946905337,1,km_spec,initial,0.008203550001780968,0,0.5308333333333333,0.20487225471164758,157,880,-1904.7343038567474,13.0,True,0.0,,,,,,,,,,,,,,,,,,
k3_heterogeneous,1200,3,6.0,1,5.791666666666667,0.034166666666666665,0.010833333333333334,"[7.673524884362259, 5.340290352810816, -5.310003688990258]",0.0030138039946905337,1,km_spec,decoded,0.008503470999130514,0,0.5375,0.18278277814461202,156,879,,,,,0.0,3.5671048104719496,0.0,0.3,,,,,,,,,,,,,,
k3_heterogeneous,1200,3,6.0,1,5.791666666666667,0.034166666666666665,0.010833333333333334,"[7.673524884362259, 5.340290352810816, -5.310003688990258]",0.0030138039946905337,1,gmm_tied_spec,initial,0.08043144700059202,0,0.5708333333333333,0.09172119959287918,82,999,-4623.214141906898,42.0,True,3.0,,,,,0.0,,,,,,,,,,,,,
k3_heterogeneous,1200,3,6.0,1,5.791666666666667,0.034166666666666665,0.010833333333333334,"[7.673524884362259, 5.340290352810816, -5.310003688990258]",0.0030138039946905337,1,gmm_tied_spec,decoded,0.08075104800082045,0,0.5408333333333333,0.1483489588647931,110,925,,,,,0.0,4.526871851840006,0.0,0.3352777777777778,,,,,,,,,,,,,,
k3_heterogeneous,1200,3,6.0,1,5.791666666666667,0.034166666666666665,0.010833333333333334,"[7.673524884362259, 5.340290352810816, -5.310003688990258]",0.0030138039946905337,1,gmm_full_spec,initial,0.30921997299446957,0,0.3566666666666667,0.28494854447416007,249,510,-3590.690904902962,87.0,True,2.0,,,,,0.0,,,,,,,,,,,,,
k3_heterogeneous,1200,3,6.0,1,5.791666666666667,0.034166666666666665,0.010833333333333334,"[7.673524884362259, 5.340290352810816, -5.310003688990258]",0.0030138039946905337,1,gmm_full_spec,decoded,0.30972325999027817,0,0.5816666666666667,0.018802726387572632,285,512,,,,,0.0,43.130604622213056,0.0,0.4716666666666667,,,,,,,,,,,,,,
k3_heterogeneous,1200,3,6.0,1,5.791666666666667,0.034166666666666665,0.010833333333333334,"[7.673524884362259, 5.340290352810816, -5.310003688990258]",0.0030138039946905337,1,km_spec_degree,initial,0.009546520996082108,0,0.38583333333333336,0.2276810112427531,223,661,-2518.044273866482,17.0,True,4.0,,,,,,,,,,,,,,,,,,
k3_heterogeneous,1200,3,6.0,1,5.791666666666667,0.034166666666666665,0.010833333333333334,"[7.673524884362259, 5.340290352810816, -5.310003688990258]",0.0030138039946905337,1,km_spec_degree,decoded,0.009924129000864923,0,0.4916666666666667,0.09923526640517076,314,486,,,,,0.0,108.66080558451813,0.0,0.4872222222222222,,,,,,,,,,,,,,
k3_heterogeneous,1200,3,6.0,1,5.791666666666667,0.034166666666666665,0.010833333333333334,"[7.673524884362259, 5.340290352810816, -5.310003688990258]",0.0030138039946905337,1,gmm_full_spec_degree,initial,0.3142502849950688,0,0.3491666666666666,0.28812491529300555,282,494,-4104.105633338923,55.0,True,4.0,,,,,0.0,,,,,,,,,,,,,
k3_heterogeneous,1200,3,6.0,1,5.791666666666667,0.034166666666666665,0.010833333333333334,"[7.673524884362259, 5.340290352810816, -5.310003688990258]",0.0030138039946905337,1,gmm_full_spec_degree,decoded,0.3146344929918996,0,0.5575,0.03062572031434476,360,478,,,,,0.0,34.68867277971638,0.0,0.4672222222222222,,,,,,,,,,,,,,
k3_heterogeneous,1200,3,6.0,1,5.791666666666667,0.034166666666666665,0.010833333333333334,"[7.673524884362259, 5.340290352810816, -5.310003688990258]",0.0030138039946905337,1,km_neighbor_degree,initial,0.009667203004937619,0,0.365,0.2779836514744378,312,526,-2941.1749160471286,13.0,True,0.0,,,,,,,,,,,,,,,,,,
k3_heterogeneous,1200,3,6.0,1,5.791666666666667,0.034166666666666665,0.010833333333333334,"[7.673524884362259, 5.340290352810816, -5.310003688990258]",0.0030138039946905337,1,km_neighbor_degree,decoded,0.009992342005716637,0,0.4666666666666667,0.10038687498227841,259,547,,,,,0.0,44.671600644321295,0.0,0.4711111111111111,,,,,,,,,,,,,,
k3_heterogeneous,1200,3,6.0,1,5.791666666666667,0.034166666666666665,0.010833333333333334,"[7.673524884362259, 5.340290352810816, -5.310003688990258]",0.0030138039946905337,1,gmm_full_neighbor_degree,initial,0.4655067389976466,0,0.3425,0.3258357796503342,292,486,-6038.174778736358,106.0,True,0.0,,,,,0.0,,,,,,,,,,,,,
k3_heterogeneous,1200,3,6.0,1,5.791666666666667,0.034166666666666665,0.010833333333333334,"[7.673524884362259, 5.340290352810816, -5.310003688990258]",0.0030138039946905337,1,gmm_full_neighbor_degree,decoded,0.46587649499997497,0,0.5816666666666667,0.02633060568606489,190,505,,,,,0.0,33.2398829151507,0.0,0.4288888888888889,,,,,,,,,,,,,,
k3_heterogeneous,1200,3,6.0,1,5.791666666666667,0.034166666666666665,0.010833333333333334,"[7.673524884362259, 5.340290352810816, -5.310003688990258]",0.0030138039946905337,1,poisson_gaussian,initial,0.37483351399714593,0,0.3391666666666666,0.3275113162220516,232,547,-7357.775575334623,35.0,True,,,,,,,-6.131479646112186,converged,random_data,968887260.0,0.0,3.0,0.0,3.0,6.0,7920.0,0.02,,
k3_heterogeneous,1200,3,6.0,1,5.791666666666667,0.034166666666666665,0.010833333333333334,"[7.673524884362259, 5.340290352810816, -5.310003688990258]",0.0030138039946905337,1,poisson_gaussian,decoded,0.3751760790037224,0,0.62,0.006718323581168476,165,533,,,,,0.0,55.14473058259115,0.0,0.4711111111111111,,,,,,,,,,,,,,
k3_heterogeneous,1200,3,6.0,1,5.791666666666667,0.034166666666666665,0.010833333333333334,"[7.673524884362259, 5.340290352810816, -5.310003688990258]",0.0030138039946905337,1,spectral_bernoulli_surrogate,initial,0.2910221369966166,0,0.4125,0.1788869415324662,296,555,-21910.77492275694,17.0,True,4.0,,,,,,,,,,,,,,,,,0.0,
k3_heterogeneous,1200,3,6.0,1,5.791666666666667,0.034166666666666665,0.010833333333333334,"[7.673524884362259, 5.340290352810816, -5.310003688990258]",0.0030138039946905337,1,spectral_bernoulli_surrogate,decoded,0.29137439699843526,0,0.5591666666666666,0.03246343772759301,333,477,,,,,0.0,122.4591318339981,0.0,0.4963888888888889,,,,,,,,,,,,,,
k3_heterogeneous,1200,3,6.0,1,5.791666666666667,0.034166666666666665,0.010833333333333334,"[7.673524884362259, 5.340290352810816, -5.310003688990258]",0.0030138039946905337,1,raw_bernoulli_vem,initial,0.21308968700031983,0,0.26749999999999996,0.4508080827605098,275,523,-21702.046149629972,47.0,True,0.0,,,,,,,,,,,,,,,,,1.0,
k3_heterogeneous,1200,3,6.0,1,5.791666666666667,0.034166666666666665,0.010833333333333334,"[7.673524884362259, 5.340290352810816, -5.310003688990258]",0.0030138039946905337,1,edge_only_oracle,reference,0.0,0,0.1808333333333333,0.5674804590518501,382,419,,,,,,,,,,,,,,,,,,,,,,
k3_heterogeneous,1200,3,6.0,2,5.883333333333334,0.0475,0.006666666666666667,"[7.640861728278122, 5.335442363898258, -5.3176812918910725]",0.0033430090043111704,1,km_classic_U,initial,0.00984581200464163,0,0.5449999999999999,0.15132538752570537,135,915,-1638.5051589038344,10.0,True,4.0,,,,,,,,,,,,,,,,,,
k3_heterogeneous,1200,3,6.0,2,5.883333333333334,0.0475,0.006666666666666667,"[7.640861728278122, 5.335442363898258, -5.3176812918910725]",0.0033430090043111704,1,km_classic_U,decoded,0.010268516998621635,0,0.5141666666666667,0.20644974745838598,138,874,,,,,0.0,3.3444505118788133,0.0,0.285,,,,,,,,,,,,,,
k3_heterogeneous,1200,3,6.0,2,5.883333333333334,0.0475,0.006666666666666667,"[7.640861728278122, 5.335442363898258, -5.3176812918910725]",0.0033430090043111704,1,km_ASE,initial,0.00971433400263777,0,0.5433333333333333,0.16340396673579727,139,913,-9256.705523205494,19.0,True,3.0,,,,,,,,,,,,,,,,,,
k3_heterogeneous,1200,3,6.0,2,5.883333333333334,0.0475,0.006666666666666667,"[7.640861728278122, 5.335442363898258, -5.3176812918910725]",0.0033430090043111704,1,km_ASE,decoded,0.010042407004220877,0,0.5258333333333334,0.19605765856771767,139,885,,,,,0.0,3.4373840202272263,0.0,0.2866666666666667,,,,,,,,,,,,,,
k3_heterogeneous,1200,3,6.0,2,5.883333333333334,0.0475,0.006666666666666667,"[7.640861728278122, 5.335442363898258, -5.3176812918910725]",0.0033430090043111704,1,km_RRE,initial,0.008938687002228107,0,0.55,0.1735524382452512,141,907,-52843.8417499269,20.0,True,1.0,,,,,,,,,,,,,,,,,,
k3_heterogeneous,1200,3,6.0,2,5.883333333333334,0.0475,0.006666666666666667,"[7.640861728278122, 5.335442363898258, -5.3176812918910725]",0.0033430090043111704,1,km_RRE,decoded,0.009279190002416726,0,0.5291666666666667,0.20506083003306347,151,880,,,,,0.0,3.547360300106513,0.0,0.28805555555555556,,,,,,,,,,,,,,
k3_heterogeneous,1200,3,6.0,2,5.883333333333334,0.0475,0.006666666666666667,"[7.640861728278122, 5.335442363898258, -5.3176812918910725]",0.0033430090043111704,1,km_spec,initial,0.009326819999841973,0,0.5433333333333333,0.1846094715315921,148,901,-1932.2123639283332,10.0,True,1.0,,,,,,,,,,,,,,,,,,
k3_heterogeneous,1200,3,6.0,2,5.883333333333334,0.0475,0.006666666666666667,"[7.640861728278122, 5.335442363898258, -5.3176812918910725]",0.0033430090043111704,1,km_spec,decoded,0.009643987003073562,0,0.5308333333333333,0.20231872734657433,151,883,,,,,0.0,3.5305677390758614,0.0,0.28805555555555556,,,,,,,,,,,,,,
k3_heterogeneous,1200,3,6.0,2,5.883333333333334,0.0475,0.006666666666666667,"[7.640861728278122, 5.335442363898258, -5.3176812918910725]",0.0033430090043111704,1,gmm_tied_spec,initial,0.0932820090019959,0,0.5716666666666667,0.08019434129322613,73,1013,-4599.016234311255,23.0,True,3.0,,,,,0.0,,,,,,,,,,,,,
k3_heterogeneous,1200,3,6.0,2,5.883333333333334,0.0475,0.006666666666666667,"[7.640861728278122, 5.335442363898258, -5.3176812918910725]",0.0033430090043111704,1,gmm_tied_spec,decoded,0.09361758400336839,0,0.5391666666666667,0.1359246818075332,96,955,,,,,0.0,4.491036567024657,0.0,0.3075,,,,,,,,,,,,,,
k3_heterogeneous,1200,3,6.0,2,5.883333333333334,0.0475,0.006666666666666667,"[7.640861728278122, 5.335442363898258, -5.3176812918910725]",0.0033430090043111704,1,gmm_full_spec,initial,0.28397191100521013,0,0.33333333333333337,0.27489453665108393,326,527,-3721.5866341512406,76.0,True,5.0,,,,,0.0,,,,,,,,,,,,,
k3_heterogeneous,1200,3,6.0,2,5.883333333333334,0.0475,0.006666666666666667,"[7.640861728278122, 5.335442363898258, -5.3176812918910725]",0.0033430090043111704,1,gmm_full_spec,decoded,0.2843598540057428,0,0.6383333333333333,0.0015556673746322735,51,609,,,,,0.0,183.32265370923508,0.0,0.4777777777777778,,,,,,,,,,,,,,
k3_heterogeneous,1200,3,6.0,2,5.883333333333334,0.0475,0.006666666666666667,"[7.640861728278122, 5.335442363898258, -5.3176812918910725]",0.0033430090043111704,1,km_spec_degree,initial,0.009500772997853346,0,0.4016666666666666,0.18417808501681276,204,719,-2555.9188511325165,10.0,True,3.0,,,,,,,,,,,,,,,,,,
k3_heterogeneous,1200,3,6.0,2,5.883333333333334,0.0475,0.006666666666666667,"[7.640861728278122, 5.335442363898258, -5.3176812918910725]",0.0033430090043111704,1,km_spec_degree,decoded,0.009864028994343244,0,0.40249999999999997,0.16726865353876366,218,590,,,,,0.0,19.753602585424375,0.0,0.4477777777777778,,,,,,,,,,,,,,
k3_heterogeneous,1200,3,6.0,2,5.883333333333334,0.0475,0.006666666666666667,"[7.640861728278122, 5.335442363898258, -5.3176812918910725]",0.0033430090043111704,1,gmm_full_spec_degree,initial,0.27273144599894295,0,0.3341666666666666,0.2764209330313177,340,514,-4219.295560844934,81.0,True,3.0,,,,,0.0,,,,,,,,,,,,,
k3_heterogeneous,1200,3,6.0,2,5.883333333333334,0.0475,0.006666666666666667,"[7.640861728278122, 5.335442363898258, -5.3176812918910725]",0.0033430090043111704,1,gmm_full_spec_degree,decoded,0.2730974869991769,0,0.6458333333333333,0.001743439132056485,40,581,,,,,0.0,237.2010074563587,0.0,0.4875,,,,,,,,,,,,,,
k3_heterogeneous,1200,3,6.0,2,5.883333333333334,0.0475,0.006666666666666667,"[7.640861728278122, 5.335442363898258, -5.3176812918910725]",0.0033430090043111704,1,km_neighbor_degree,initial,0.009870488996966742,0,0.33166666666666667,0.31642342558862063,337,497,-2950.178998625612,17.0,True,0.0,,,,,,,,,,,,,,,,,,
k3_heterogeneous,1200,3,6.0,2,5.883333333333334,0.0475,0.006666666666666667,"[7.640861728278122, 5.335442363898258, -5.3176812918910725]",0.0033430090043111704,1,km_neighbor_degree,decoded,0.010236980000627227,0,0.6208333333333333,0.009076222254560933,53,596,,,,,0.0,313.0130678739673,0.0,0.49194444444444446,,,,,,,,,,,,,,
k3_heterogeneous,1200,3,6.0,2,5.883333333333334,0.0475,0.006666666666666667,"[7.640861728278122, 5.335442363898258, -5.3176812918910725]",0.0033430090043111704,1,gmm_full_neighbor_degree,initial,0.3347056170023279,0,0.385,0.25854656658383673,352,463,-6153.655002923418,51.0,True,5.0,,,,,0.0,,,,,,,,,,,,,
k3_heterogeneous,1200,3,6.0,2,5.883333333333334,0.0475,0.006666666666666667,"[7.640861728278122, 5.335442363898258, -5.3176812918910725]",0.0033430090043111704,1,gmm_full_neighbor_degree,decoded,0.3350818130056723,0,0.4883333333333333,0.18977016306166375,155,634,,,,,0.0,16.201458288216568,0.0,0.4552777777777778,,,,,,,,,,,,,,
k3_heterogeneous,1200,3,6.0,2,5.883333333333334,0.0475,0.006666666666666667,"[7.640861728278122, 5.335442363898258, -5.3176812918910725]",0.0033430090043111704,1,poisson_gaussian,initial,0.23053223400347633,0,0.31499999999999995,0.3314797412441729,320,496,-7484.0928188477865,45.0,True,,,,,,,-6.236744015706488,converged,weighted_kmeans++_seeding,1120580375.0,0.0,3.0,0.0,0.0,6.0,7921.0,0.02,,
k3_heterogeneous,1200,3,6.0,2,5.883333333333334,0.0475,0.006666666666666667,"[7.640861728278122, 5.335442363898258, -5.3176812918910725]",0.0033430090043111704,1,poisson_gaussian,decoded,0.23095885500515578,0,0.5349999999999999,0.06326401065292894,317,463,,,,,0.0,24.915666490407258,0.0,0.4297222222222222,,,,,,,,,,,,,,
k3_heterogeneous,1200,3,6.0,2,5.883333333333334,0.0475,0.006666666666666667,"[7.640861728278122, 5.335442363898258, -5.3176812918910725]",0.0033430090043111704,1,spectral_bernoulli_surrogate,initial,0.146903905995714,0,0.4733333333333334,0.08869258228436099,138,840,-22212.22806729227,19.0,True,4.0,,,,,,,,,,,,,,,,,0.0,
k3_heterogeneous,1200,3,6.0,2,5.883333333333334,0.0475,0.006666666666666667,"[7.640861728278122, 5.335442363898258, -5.3176812918910725]",0.0033430090043111704,1,spectral_bernoulli_surrogate,decoded,0.14726050199533347,0,0.6341666666666667,0.008232004458033673,200,517,,,,,0.0,167.5808230104074,0.0,0.49916666666666665,,,,,,,,,,,,,,
k3_heterogeneous,1200,3,6.0,2,5.883333333333334,0.0475,0.006666666666666667,"[7.640861728278122, 5.335442363898258, -5.3176812918910725]",0.0033430090043111704,1,raw_bernoulli_vem,initial,0.1916029299973161,0,0.3258333333333333,0.43699764973127847,70,743,-22044.72564055505,74.0,True,0.0,,,,,,,,,,,,,,,,,1.0,
k3_heterogeneous,1200,3,6.0,2,5.883333333333334,0.0475,0.006666666666666667,"[7.640861728278122, 5.335442363898258, -5.3176812918910725]",0.0033430090043111704,1,edge_only_oracle,reference,0.0,0,0.18000000000000005,0.5702602115493275,354,445,,,,,,,,,,,,,,,,,,,,,,
k3_heterogeneous,1200,3,96.0,0,94.985,0.0,0.0,"[114.04085190742835, 54.52825237288949, 21.294102505874907]",0.007568656001240015,0,km_classic_U,initial,0.009105348006414715,0,0.012499999999999956,0.9631447684178598,391,409,-379.05883197121216,3.0,True,0.0,,,,,,,,,,,,,,,,,,
k3_heterogeneous,1200,3,96.0,0,94.985,0.0,0.0,"[114.04085190742835, 54.52825237288949, 21.294102505874907]",0.007568656001240015,0,km_classic_U,decoded,0.00949883001158014,0,0.0008333333333333526,0.9974989557302599,399,401,,,,,0.0,1.1758620348833335,0.0,0.007222222222222222,,,,,,,,,,,,,,
k3_heterogeneous,1200,3,96.0,0,94.985,0.0,0.0,"[114.04085190742835, 54.52825237288949, 21.294102505874907]",0.007568656001240015,0,km_ASE,initial,0.007171298006142024,0,0.007499999999999951,0.9777170970049106,393,407,-10253.57514785897,2.0,True,1.0,,,,,,,,,,,,,,,,,,
k3_heterogeneous,1200,3,96.0,0,94.985,0.0,0.0,"[114.04085190742835, 54.52825237288949, 21.294102505874907]",0.007568656001240015,0,km_ASE,decoded,0.0074741740099852905,0,0.0008333333333333526,0.9974989557302599,399,401,,,,,0.0,1.176962477331376,0.0,0.0075,,,,,,,,,,,,,,
k3_heterogeneous,1200,3,96.0,0,94.985,0.0,0.0,"[114.04085190742835, 54.52825237288949, 21.294102505874907]",0.007568656001240015,0,km_RRE,initial,0.007534463999036234,0,0.0008333333333333526,0.9974989557302599,399,401,-384465.7655688107,3.0,True,0.0,,,,,,,,,,,,,,,,,,
k3_heterogeneous,1200,3,96.0,0,94.985,0.0,0.0,"[114.04085190742835, 54.52825237288949, 21.294102505874907]",0.007568656001240015,0,km_RRE,decoded,0.007890309003414586,0,0.0008333333333333526,0.9974989557302599,399,401,,,,,0.0,1.1786222206932155,0.0,0.008333333333333333,,,,,,,,,,,,,,
k3_heterogeneous,1200,3,96.0,0,94.985,0.0,0.0,"[114.04085190742835, 54.52825237288949, 21.294102505874907]",0.007568656001240015,0,km_spec,initial,0.007426322998071555,0,0.009166666666666656,0.9728335195905548,395,405,-425.154337622501,2.0,True,0.0,,,,,,,,,,,,,,,,,,
k3_heterogeneous,1200,3,96.0,0,94.985,0.0,0.0,"[114.04085190742835, 54.52825237288949, 21.294102505874907]",0.007568656001240015,0,km_spec,decoded,0.007773604993417393,0,0.0008333333333333526,0.9974989557302599,399,401,,,,,0.0,1.174100668577264,0.0,0.0075,,,,,,,,,,,,,,
k3_heterogeneous,1200,3,96.0,0,94.985,0.0,0.0,"[114.04085190742835, 54.52825237288949, 21.294102505874907]",0.007568656001240015,0,gmm_tied_spec,initial,0.02721327900508186,0,0.0024999999999999467,0.9925157111810734,397,403,-1575.6995961364407,7.0,True,2.0,,,,,0.0,,,,,,,,,,,,,
k3_heterogeneous,1200,3,96.0,0,94.985,0.0,0.0,"[114.04085190742835, 54.52825237288949, 21.294102505874907]",0.007568656001240015,0,gmm_tied_spec,decoded,0.027529415005119517,0,0.0008333333333333526,0.9974989557302599,399,401,,,,,0.0,1.1820945829095266,0.0,0.008333333333333333,,,,,,,,,,,,,,
k3_heterogeneous,1200,3,96.0,0,94.985,0.0,0.0,"[114.04085190742835, 54.52825237288949, 21.294102505874907]",0.007568656001240015,0,gmm_full_spec,initial,0.035335758002474904,0,0.0,1.0,400,400,-1299.5803726387999,7.0,True,1.0,,,,,0.0,,,,,,,,,,,,,
k3_heterogeneous,1200,3,96.0,0,94.985,0.0,0.0,"[114.04085190742835, 54.52825237288949, 21.294102505874907]",0.007568656001240015,0,gmm_full_spec,decoded,0.035648509008751716,0,0.0008333333333333526,0.9974989557302599,399,401,,,,,0.0,1.178342691474078,0.0,0.008333333333333333,,,,,,,,,,,,,,
k3_heterogeneous,1200,3,96.0,0,94.985,0.0,0.0,"[114.04085190742835, 54.52825237288949, 21.294102505874907]",0.007568656001240015,0,km_spec_degree,initial,0.007683379000809509,0,0.0024999999999999467,0.9925157111810734,397,403,-534.747114693487,2.0,True,0.0,,,,,,,,,,,,,,,,,,
k3_heterogeneous,1200,3,96.0,0,94.985,0.0,0.0,"[114.04085190742835, 54.52825237288949, 21.294102505874907]",0.007568656001240015,0,km_spec_degree,decoded,0.007995839005161542,0,0.0008333333333333526,0.9974989557302599,399,401,,,,,0.0,1.1775626700547146,0.0,0.008055555555555555,,,,,,,,,,,,,,
k3_heterogeneous,1200,3,96.0,0,94.985,0.0,0.0,"[114.04085190742835, 54.52825237288949, 21.294102505874907]",0.007568656001240015,0,gmm_full_spec_degree,initial,0.03270372800034238,0,0.0,1.0,400,400,-526.3313769126228,9.0,True,5.0,,,,,0.0,,,,,,,,,,,,,
k3_heterogeneous,1200,3,96.0,0,94.985,0.0,0.0,"[114.04085190742835, 54.52825237288949, 21.294102505874907]",0.007568656001240015,0,gmm_full_spec_degree,decoded,0.03303204200346954,0,0.0008333333333333526,0.9974989557302599,399,401,,,,,0.0,1.1783426914740778,0.0,0.008333333333333333,,,,,,,,,,,,,,
k3_heterogeneous,1200,3,96.0,0,94.985,0.0,0.0,"[114.04085190742835, 54.52825237288949, 21.294102505874907]",0.007568656001240015,0,km_neighbor_degree,initial,0.011640240998531226,0,0.004166666666666652,0.9875576956299638,395,405,-1534.7484870107833,7.0,True,1.0,,,,,,,,,,,,,,,,,,
k3_heterogeneous,1200,3,96.0,0,94.985,0.0,0.0,"[114.04085190742835, 54.52825237288949, 21.294102505874907]",0.007568656001240015,0,km_neighbor_degree,decoded,0.012135625998780597,0,0.0008333333333333526,0.9974989557302599,399,401,,,,,0.0,1.1773623317727584,0.0,0.008611111111111111,,,,,,,,,,,,,,
k3_heterogeneous,1200,3,96.0,0,94.985,0.0,0.0,"[114.04085190742835, 54.52825237288949, 21.294102505874907]",0.007568656001240015,0,gmm_full_neighbor_degree,initial,0.08424745799857192,0,0.0,1.0,400,400,-3162.6137851354365,13.0,True,4.0,,,,,0.0,,,,,,,,,,,,,
k3_heterogeneous,1200,3,96.0,0,94.985,0.0,0.0,"[114.04085190742835, 54.52825237288949, 21.294102505874907]",0.007568656001240015,0,gmm_full_neighbor_degree,decoded,0.08459782499994617,0,0.0008333333333333526,0.9974989557302599,399,401,,,,,0.0,1.1783426914740778,0.0,0.008333333333333333,,,,,,,,,,,,,,
k3_heterogeneous,1200,3,96.0,0,94.985,0.0,0.0,"[114.04085190742835, 54.52825237288949, 21.294102505874907]",0.007568656001240015,0,poisson_gaussian,initial,0.04136085199570516,0,0.0,1.0,400,400,-7303.524199483347,7.0,True,,,,,,,-6.0862701662361225,converged,random_data,2922523935.0,0.0,3.0,0.0,5.0,6.0,7919.0,0.02,,
k3_heterogeneous,1200,3,96.0,0,94.985,0.0,0.0,"[114.04085190742835, 54.52825237288949, 21.294102505874907]",0.007568656001240015,0,poisson_gaussian,decoded,0.04167710799083579,0,0.0008333333333333526,0.9974989557302599,399,401,,,,,0.0,1.1783426914740776,0.0,0.008333333333333333,,,,,,,,,,,,,,
k3_heterogeneous,1200,3,96.0,0,94.985,0.0,0.0,"[114.04085190742835, 54.52825237288949, 21.294102505874907]",0.007568656001240015,0,spectral_bernoulli_surrogate,initial,0.022380118003638927,0,0.0008333333333333526,0.9974989557302599,399,401,-182102.797887366,3.0,True,5.0,,,,,,,,,,,,,,,,,0.0,
k3_heterogeneous,1200,3,96.0,0,94.985,0.0,0.0,"[114.04085190742835, 54.52825237288949, 21.294102505874907]",0.007568656001240015,0,spectral_bernoulli_surrogate,decoded,0.022685718009597622,0,0.0008333333333333526,0.9974989557302599,399,401,,,,,0.0,1.1786222206932158,0.0,0.008333333333333333,,,,,,,,,,,,,,
k3_heterogeneous,1200,3,96.0,0,94.985,0.0,0.0,"[114.04085190742835, 54.52825237288949, 21.294102505874907]",0.007568656001240015,0,raw_bernoulli_vem,initial,0.059468311999808066,0,0.0,1.0,400,400,-181672.3217428949,4.0,True,0.0,,,,,,,,,,,,,,,,,0.0,
k3_heterogeneous,1200,3,96.0,0,94.985,0.0,0.0,"[114.04085190742835, 54.52825237288949, 21.294102505874907]",0.007568656001240015,0,edge_only_oracle,reference,0.0,0,0.0,1.0,400,400,,,,,,,,,,,,,,,,,,,,,,
k3_heterogeneous,1200,3,96.0,1,95.785,0.0,0.0,"[113.54990526259806, 55.204161818651876, 21.59950286181104]",0.006899469000927638,0,km_classic_U,initial,0.007233573000121396,0,0.010000000000000009,0.9704011223537985,396,404,-343.74287933468037,5.0,True,0.0,,,,,,,,,,,,,,,,,,
k3_heterogeneous,1200,3,96.0,1,95.785,0.0,0.0,"[113.54990526259806, 55.204161818651876, 21.59950286181104]",0.006899469000927638,0,km_classic_U,decoded,0.007583309001347516,0,0.0016666666666667052,0.9950041666666667,400,400,,,,,0.0,1.1496614413190942,0.0,0.0016666666666666668,,,,,,,,,,,,,,
k3_heterogeneous,1200,3,96.0,1,95.785,0.0,0.0,"[113.54990526259806, 55.204161818651876, 21.59950286181104]",0.006899469000927638,0,km_ASE,initial,0.00744672300061211,0,0.005833333333333357,0.9826245958344475,395,405,-9653.341403839464,4.0,True,2.0,,,,,,,,,,,,,,,,,,
k3_heterogeneous,1200,3,96.0,1,95.785,0.0,0.0,"[113.54990526259806, 55.204161818651876, 21.59950286181104]",0.006899469000927638,0,km_ASE,decoded,0.007770800999423955,0,0.0016666666666667052,0.9950041666666667,400,400,,,,,0.0,1.152352585581467,0.0,0.0016666666666666668,,,,,,,,,,,,,,
k3_heterogeneous,1200,3,96.0,1,95.785,0.0,0.0,"[113.54990526259806, 55.204161818651876, 21.59950286181104]",0.006899469000927638,0,km_RRE,initial,0.006916915001056623,0,0.0016666666666667052,0.9950041666666667,400,400,-384124.5685967727,3.0,True,0.0,,,,,,,,,,,,,,,,,,
k3_heterogeneous,1200,3,96.0,1,95.785,0.0,0.0,"[113.54990526259806, 55.204161818651876, 21.59950286181104]",0.006899469000927638,0,km_RRE,decoded,0.007220251005492173,0,0.0016666666666667052,0.9950041666666667,400,400,,,,,0.0,1.154129319211978,0.0,0.002777777777777778,,,,,,,,,,,,,,
k3_heterogeneous,1200,3,96.0,1,95.785,0.0,0.0,"[113.54990526259806, 55.204161818651876, 21.59950286181104]",0.006899469000927638,0,km_spec,initial,0.0068131290026940405,0,0.007499999999999951,0.9777170970049106,393,407,-392.80297267734875,4.0,True,0.0,,,,,,,,,,,,,,,,,,
k3_heterogeneous,1200,3,96.0,1,95.785,0.0,0.0,"[113.54990526259806, 55.204161818651876, 21.59950286181104]",0.006899469000927638,0,km_spec,decoded,0.0071181680032168515,0,0.0016666666666667052,0.9950041666666667,400,400,,,,,0.0,1.1530460378550333,0.0,0.0016666666666666668,,,,,,,,,,,,,,
k3_heterogeneous,1200,3,96.0,1,95.785,0.0,0.0,"[113.54990526259806, 55.204161818651876, 21.59950286181104]",0.006899469000927638,0,gmm_tied_spec,initial,0.028856019998784177,0,0.0016666666666667052,0.9950041666666667,400,400,-1564.5611267038666,7.0,True,4.0,,,,,0.0,,,,,,,,,,,,,
k3_heterogeneous,1200,3,96.0,1,95.785,0.0,0.0,"[113.54990526259806, 55.204161818651876, 21.59950286181104]",0.006899469000927638,0,gmm_tied_spec,decoded,0.029229883002699353,0,0.0016666666666667052,0.9950041666666667,400,400,,,,,0.0,1.1541293192119777,0.0,0.002777777777777778,,,,,,,,,,,,,,
k3_heterogeneous,1200,3,96.0,1,95.785,0.0,0.0,"[113.54990526259806, 55.204161818651876, 21.59950286181104]",0.006899469000927638,0,gmm_full_spec,initial,0.05391755099844886,0,0.0024999999999999467,0.9925157111810734,397,403,-1243.6121098392364,9.0,True,4.0,,,,,0.0,,,,,,,,,,,,,
k3_heterogeneous,1200,3,96.0,1,95.785,0.0,0.0,"[113.54990526259806, 55.204161818651876, 21.59950286181104]",0.006899469000927638,0,gmm_full_spec,decoded,0.05427973600308178,0,0.0016666666666667052,0.9950041666666667,400,400,,,,,0.0,1.155445721971799,0.0,0.002777777777777778,,,,,,,,,,,,,,
k3_heterogeneous,1200,3,96.0,1,95.785,0.0,0.0,"[113.54990526259806, 55.204161818651876, 21.59950286181104]",0.006899469000927638,0,km_spec_degree,initial,0.007576247000542935,0,0.0050000000000000044,0.9850878750944898,396,404,-511.0132498088299,3.0,True,0.0,,,,,,,,,,,,,,,,,,
k3_heterogeneous,1200,3,96.0,1,95.785,0.0,0.0,"[113.54990526259806, 55.204161818651876, 21.59950286181104]",0.006899469000927638,0,km_spec_degree,decoded,0.007895798000390641,0,0.0016666666666667052,0.9950041666666667,400,400,,,,,0.0,1.1523396787099864,0.0,0.0019444444444444444,,,,,,,,,,,,,,
k3_heterogeneous,1200,3,96.0,1,95.785,0.0,0.0,"[113.54990526259806, 55.204161818651876, 21.59950286181104]",0.006899469000927638,0,gmm_full_spec_degree,initial,0.0360914619959658,0,0.0024999999999999467,0.9925157111810734,397,403,-464.5192831999732,6.0,True,1.0,,,,,0.0,,,,,,,,,,,,,
k3_heterogeneous,1200,3,96.0,1,95.785,0.0,0.0,"[113.54990526259806, 55.204161818651876, 21.59950286181104]",0.006899469000927638,0,gmm_full_spec_degree,decoded,0.03646659600053681,0,0.0016666666666667052,0.9950041666666667,400,400,,,,,0.0,1.155445721971799,0.0,0.002777777777777778,,,,,,,,,,,,,,
k3_heterogeneous,1200,3,96.0,1,95.785,0.0,0.0,"[113.54990526259806, 55.204161818651876, 21.59950286181104]",0.006899469000927638,0,km_neighbor_degree,initial,0.007494024001061916,0,0.0016666666666667052,0.995004187586892,398,402,-1543.4218591071221,5.0,True,0.0,,,,,,,,,,,,,,,,,,
k3_heterogeneous,1200,3,96.0,1,95.785,0.0,0.0,"[113.54990526259806, 55.204161818651876, 21.59950286181104]",0.006899469000927638,0,km_neighbor_degree,decoded,0.007809818998794071,0,0.0016666666666667052,0.9950041666666667,400,400,,,,,0.0,1.1532609387019026,0.0,0.002777777777777778,,,,,,,,,,,,,,
k3_heterogeneous,1200,3,96.0,1,95.785,0.0,0.0,"[113.54990526259806, 55.204161818651876, 21.59950286181104]",0.006899469000927638,0,gmm_full_neighbor_degree,initial,0.06620202699559741,0,0.0016666666666667052,0.9950041666666667,400,400,-3127.0552670211123,6.0,True,5.0,,,,,0.0,,,,,,,,,,,,,
k3_heterogeneous,1200,3,96.0,1,95.785,0.0,0.0,"[113.54990526259806, 55.204161818651876, 21.59950286181104]",0.006899469000927638,0,gmm_full_neighbor_degree,decoded,0.06653791199642001,0,0.0016666666666667052,0.9950041666666667,400,400,,,,,0.0,1.1541293192119781,0.0,0.002777777777777778,,,,,,,,,,,,,,
k3_heterogeneous,1200,3,96.0,1,95.785,0.0,0.0,"[113.54990526259806, 55.204161818651876, 21.59950286181104]",0.006899469000927638,0,poisson_gaussian,initial,0.059682118000637274,0,0.0016666666666667052,0.9950041666666667,400,400,-7223.690473877026,5.0,True,,,,,,,-6.019742061564188,converged,weighted_kmeans++_seeding,1044168581.0,0.0,3.0,0.0,0.0,6.0,7920.0,0.02,,
k3_heterogeneous,1200,3,96.0,1,95.785,0.0,0.0,"[113.54990526259806, 55.204161818651876, 21.59950286181104]",0.006899469000927638,0,poisson_gaussian,decoded,0.06002177900518291,0,0.0016666666666667052,0.9950041666666667,400,400,,,,,0.0,1.1541293192119777,0.0,0.002777777777777778,,,,,,,,,,,,,,
k3_heterogeneous,1200,3,96.0,1,95.785,0.0,0.0,"[113.54990526259806, 55.204161818651876, 21.59950286181104]",0.006899469000927638,0,spectral_bernoulli_surrogate,initial,0.02474921999964863,0,0.0024999999999999467,0.9925156484994386,399,401,-183647.98051695863,4.0,True,4.0,,,,,,,,,,,,,,,,,0.0,
k3_heterogeneous,1200,3,96.0,1,95.785,0.0,0.0,"[113.54990526259806, 55.204161818651876, 21.59950286181104]",0.006899469000927638,0,spectral_bernoulli_surrogate,decoded,0.025084023996896576,0,0.0016666666666667052,0.9950041666666667,400,400,,,,,0.0,1.1546311381440613,0.0,0.002777777777777778,,,,,,,,,,,,,,
k3_heterogeneous,1200,3,96.0,1,95.785,0.0,0.0,"[113.54990526259806, 55.204161818651876, 21.59950286181104]",0.006899469000927638,0,raw_bernoulli_vem,initial,0.05973785300011514,0,0.0,1.0,400,400,-183302.4954355291,3.0,True,5.0,,,,,,,,,,,,,,,,,0.0,
k3_heterogeneous,1200,3,96.0,1,95.785,0.0,0.0,"[113.54990526259806, 55.204161818651876, 21.59950286181104]",0.006899469000927638,0,edge_only_oracle,reference,0.0,0,0.0,1.0,400,400,,,,,,,,,,,,,,,,,,,,,,
k3_heterogeneous,1200,3,96.0,2,95.46,0.0,0.0,"[113.20480430233357, 54.54387457329802, 22.30965759698523]",0.006871446996228769,0,km_classic_U,initial,0.007638981995114591,0,0.008333333333333304,0.9752716652490491,396,404,-308.31503694036206,3.0,True,0.0,,,,,,,,,,,,,,,,,,
k3_heterogeneous,1200,3,96.0,2,95.46,0.0,0.0,"[113.20480430233357, 54.54387457329802, 22.30965759698523]",0.006871446996228769,0,km_classic_U,decoded,0.007978221998200752,0,0.0024999999999999467,0.9925156484994386,399,401,,,,,0.0,1.130190275250025,0.0,0.0008333333333333334,,,,,,,,,,,,,,
k3_heterogeneous,1200,3,96.0,2,95.46,0.0,0.0,"[113.20480430233357, 54.54387457329802, 22.30965759698523]",0.006871446996228769,0,km_ASE,initial,0.006754030000593048,0,0.007499999999999951,0.9777161639055045,397,403,-8926.070957361533,2.0,True,0.0,,,,,,,,,,,,,,,,,,
k3_heterogeneous,1200,3,96.0,2,95.46,0.0,0.0,"[113.20480430233357, 54.54387457329802, 22.30965759698523]",0.006871446996228769,0,km_ASE,decoded,0.0071000210009515285,0,0.0024999999999999467,0.9925156484994386,399,401,,,,,0.0,1.129991857893086,0.0,0.0011111111111111111,,,,,,,,,,,,,,
k3_heterogeneous,1200,3,96.0,2,95.46,0.0,0.0,"[113.20480430233357, 54.54387457329802, 22.30965759698523]",0.006871446996228769,0,km_RRE,initial,0.007266892003826797,0,0.0033333333333332993,0.9900334168400151,398,402,-361336.4104027079,3.0,True,0.0,,,,,,,,,,,,,,,,,,
k3_heterogeneous,1200,3,96.0,2,95.46,0.0,0.0,"[113.20480430233357, 54.54387457329802, 22.30965759698523]",0.006871446996228769,0,km_RRE,decoded,0.007582807003927883,0,0.0024999999999999467,0.9925156484994386,399,401,,,,,0.0,1.133247527365855,0.0,0.0016666666666666668,,,,,,,,,,,,,,
k3_heterogeneous,1200,3,96.0,2,95.46,0.0,0.0,"[113.20480430233357, 54.54387457329802, 22.30965759698523]",0.006871446996228769,0,km_spec,initial,0.007136154999898281,0,0.008333333333333304,0.9752716652490491,396,404,-354.3472628680506,3.0,True,0.0,,,,,,,,,,,,,,,,,,
k3_heterogeneous,1200,3,96.0,2,95.46,0.0,0.0,"[113.20480430233357, 54.54387457329802, 22.30965759698523]",0.006871446996228769,0,km_spec,decoded,0.0074434170019230805,0,0.0024999999999999467,0.9925156484994386,399,401,,,,,0.0,1.130190275250025,0.0,0.0008333333333333334,,,,,,,,,,,,,,
k3_heterogeneous,1200,3,96.0,2,95.46,0.0,0.0,"[113.20480430233357, 54.54387457329802, 22.30965759698523]",0.006871446996228769,0,gmm_tied_spec,initial,0.03135637100058375,0,0.0016666666666667052,0.9950041666666667,400,400,-1444.16582011516,6.0,True,3.0,,,,,0.0,,,,,,,,,,,,,
k3_heterogeneous,1200,3,96.0,2,95.46,0.0,0.0,"[113.20480430233357, 54.54387457329802, 22.30965759698523]",0.006871446996228769,0,gmm_tied_spec,decoded,0.03167342800588813,0,0.0024999999999999467,0.9925156484994386,399,401,,,,,0.0,1.1353039774198221,0.0,0.0025,,,,,,,,,,,,,,
k3_heterogeneous,1200,3,96.0,2,95.46,0.0,0.0,"[113.20480430233357, 54.54387457329802, 22.30965759698523]",0.006871446996228769,0,gmm_full_spec,initial,0.08000799499859568,0,0.0024999999999999467,0.9925157111810734,397,403,-1160.063902428758,6.0,True,4.0,,,,,0.0,,,,,,,,,,,,,
k3_heterogeneous,1200,3,96.0,2,95.46,0.0,0.0,"[113.20480430233357, 54.54387457329802, 22.30965759698523]",0.006871446996228769,0,gmm_full_spec,decoded,0.08038925800065044,0,0.0024999999999999467,0.9925156484994386,399,401,,,,,0.0,1.1343591176146013,0.0,0.0025,,,,,,,,,,,,,,
k3_heterogeneous,1200,3,96.0,2,95.46,0.0,0.0,"[113.20480430233357, 54.54387457329802, 22.30965759698523]",0.006871446996228769,0,km_spec_degree,initial,0.007002243000897579,0,0.0050000000000000044,0.9850878750944898,396,404,-471.09769203834423,3.0,True,0.0,,,,,,,,,,,,,,,,,,
k3_heterogeneous,1200,3,96.0,2,95.46,0.0,0.0,"[113.20480430233357, 54.54387457329802, 22.30965759698523]",0.006871446996228769,0,km_spec_degree,decoded,0.007316825998714194,0,0.0024999999999999467,0.9925156484994386,399,401,,,,,0.0,1.1325135008755953,0.0,0.0011111111111111111,,,,,,,,,,,,,,
k3_heterogeneous,1200,3,96.0,2,95.46,0.0,0.0,"[113.20480430233357, 54.54387457329802, 22.30965759698523]",0.006871446996228769,0,gmm_full_spec_degree,initial,0.03535040800488787,0,0.0024999999999999467,0.9925157111810734,397,403,-377.004777083154,11.0,True,1.0,,,,,0.0,,,,,,,,,,,,,
k3_heterogeneous,1200,3,96.0,2,95.46,0.0,0.0,"[113.20480430233357, 54.54387457329802, 22.30965759698523]",0.006871446996228769,0,gmm_full_spec_degree,decoded,0.03566892700473545,0,0.0024999999999999467,0.9925156484994386,399,401,,,,,0.0,1.1343591176146013,0.0,0.0025,,,,,,,,,,,,,,
k3_heterogeneous,1200,3,96.0,2,95.46,0.0,0.0,"[113.20480430233357, 54.54387457329802, 22.30965759698523]",0.006871446996228769,0,km_neighbor_degree,initial,0.014051486999960616,0,0.004166666666666652,0.9875576956299638,395,405,-1527.7301395067057,4.0,True,0.0,,,,,,,,,,,,,,,,,,
k3_heterogeneous,1200,3,96.0,2,95.46,0.0,0.0,"[113.20480430233357, 54.54387457329802, 22.30965759698523]",0.006871446996228769,0,km_neighbor_degree,decoded,0.014408414004719816,0,0.0024999999999999467,0.9925156484994386,399,401,,,,,0.0,1.1333698957100302,0.0,0.002777777777777778,,,,,,,,,,,,,,
k3_heterogeneous,1200,3,96.0,2,95.46,0.0,0.0,"[113.20480430233357, 54.54387457329802, 22.30965759698523]",0.006871446996228769,0,gmm_full_neighbor_degree,initial,0.05993770399800269,0,0.0008333333333333526,0.9974989557302599,399,401,-3062.132630922267,12.0,True,3.0,,,,,0.0,,,,,,,,,,,,,
k3_heterogeneous,1200,3,96.0,2,95.46,0.0,0.0,"[113.20480430233357, 54.54387457329802, 22.30965759698523]",0.006871446996228769,0,gmm_full_neighbor_degree,decoded,0.06043648499326082,0,0.0024999999999999467,0.9925156484994386,399,401,,,,,0.0,1.1353544258159116,0.0,0.0025,,,,,,,,,,,,,,
k3_heterogeneous,1200,3,96.0,2,95.46,0.0,0.0,"[113.20480430233357, 54.54387457329802, 22.30965759698523]",0.006871446996228769,0,poisson_gaussian,initial,0.05640905600012047,0,0.0024999999999999467,0.9925157111810734,397,403,-7169.801629479882,5.0,True,,,,,,,-5.974834691233235,converged,weighted_kmeans++_seeding,1120580375.0,0.0,3.0,0.0,0.0,6.0,7921.0,0.02,,
k3_heterogeneous,1200,3,96.0,2,95.46,0.0,0.0,"[113.20480430233357, 54.54387457329802, 22.30965759698523]",0.006871446996228769,0,poisson_gaussian,decoded,0.056739823005045764,0,0.0024999999999999467,0.9925156484994386,399,401,,,,,0.0,1.1343591176146015,0.0,0.0025,,,,,,,,,,,,,,
k3_heterogeneous,1200,3,96.0,2,95.46,0.0,0.0,"[113.20480430233357, 54.54387457329802, 22.30965759698523]",0.006871446996228769,0,spectral_bernoulli_surrogate,initial,0.03703142599988496,0,0.0016666666666667052,0.995004187586892,398,402,-183129.12021700834,3.0,True,1.0,,,,,,,,,,,,,,,,,0.0,
k3_heterogeneous,1200,3,96.0,2,95.46,0.0,0.0,"[113.20480430233357, 54.54387457329802, 22.30965759698523]",0.006871446996228769,0,spectral_bernoulli_surrogate,decoded,0.03738700100075221,0,0.0024999999999999467,0.9925156484994386,399,401,,,,,0.0,1.1350383297295026,0.0,0.0025,,,,,,,,,,,,,,
k3_heterogeneous,1200,3,96.0,2,95.46,0.0,0.0,"[113.20480430233357, 54.54387457329802, 22.30965759698523]",0.006871446996228769,0,raw_bernoulli_vem,initial,0.12571372900129063,0,0.0,1.0,400,400,-182821.23047296822,3.0,True,0.0,,,,,,,,,,,,,,,,,0.0,
k3_heterogeneous,1200,3,96.0,2,95.46,0.0,0.0,"[113.20480430233357, 54.54387457329802, 22.30965759698523]",0.006871446996228769,0,edge_only_oracle,reference,0.0,0,0.0,1.0,400,400,,,,,,,,,,,,,,,,,,,,,,
k4_hierarchical,1200,4,24.0,0,23.91,0.0008333333333333334,0.0,"[27.697656573020506, 15.900278738367044, 10.596464355531358, -10.516033081003231]",0.004115570998692419,1,km_classic_U,initial,0.01153761699970346,0,0.475,0.44845700870158134,144,606,-1481.6218253904433,9.0,True,1.0,,,,,,,,,,,,,,,,,,
k4_hierarchical,1200,4,24.0,0,23.91,0.0008333333333333334,0.0,"[27.697656573020506, 15.900278738367044, 10.596464355531358, -10.516033081003231]",0.004115570998692419,1,km_classic_U,decoded,0.011932631001400296,0,0.4675,0.463266840640157,166,602,,,,,0.0,1.9135038728677929,0.0,0.18729166666666666,,,,,,,,,,,,,,
k4_hierarchical,1200,4,24.0,0,23.91,0.0008333333333333334,0.0,"[27.697656573020506, 15.900278738367044, 10.596464355531358, -10.516033081003231]",0.004115570998692419,1,km_ASE,initial,0.009772059995157178,0,0.4716666666666667,0.4517176632629669,136,609,-17674.695825478924,9.0,True,4.0,,,,,,,,,,,,,,,,,,
k4_hierarchical,1200,4,24.0,0,23.91,0.0008333333333333334,0.0,"[27.697656573020506, 15.900278738367044, 10.596464355531358, -10.516033081003231]",0.004115570998692419,1,km_ASE,decoded,0.010118751000845805,0,0.4633333333333334,0.4673884324559566,161,602,,,,,0.0,1.9584510494589351,0.0,0.18645833333333334,,,,,,,,,,,,,,
k4_hierarchical,1200,4,24.0,0,23.91,0.0008333333333333334,0.0,"[27.697656573020506, 15.900278738367044, 10.596464355531358, -10.516033081003231]",0.004115570998692419,1,km_RRE,initial,0.009059348994924221,0,0.47,0.4475388947927587,152,611,-228987.1769002012,13.0,True,2.0,,,,,,,,,,,,,,,,,,
k4_hierarchical,1200,4,24.0,0,23.91,0.0008333333333333334,0.0,"[27.697656573020506, 15.900278738367044, 10.596464355531358, -10.516033081003231]",0.004115570998692419,1,km_RRE,decoded,0.009367061997181736,0,0.4666666666666667,0.4599094281058338,179,602,,,,,0.0,1.9408761245674955,0.0,0.184375,,,,,,,,,,,,,,
k4_hierarchical,1200,4,24.0,0,23.91,0.0008333333333333334,0.0,"[27.697656573020506, 15.900278738367044, 10.596464355531358, -10.516033081003231]",0.004115570998692419,1,km_spec,initial,0.00954243400337873,0,0.47250000000000003,0.4414719448470225,164,611,-1696.187154888237,12.0,True,3.0,,,,,,,,,,,,,,,,,,
k4_hierarchical,1200,4,24.0,0,23.91,0.0008333333333333334,0.0,"[27.697656573020506, 15.900278738367044, 10.596464355531358, -10.516033081003231]",0.004115570998692419,1,km_spec,decoded,0.00985081800899934,0,0.4691666666666666,0.45744130909570896,183,602,,,,,0.0,1.9010788679872423,0.0,0.185,,,,,,,,,,,,,,
k4_hierarchical,1200,4,24.0,0,23.91,0.0008333333333333334,0.0,"[27.697656573020506, 15.900278738367044, 10.596464355531358, -10.516033081003231]",0.004115570998692419,1,gmm_tied_spec,initial,0.18196281499695033,0,0.2366666666666667,0.5275483088110574,197,398,-5256.599115477229,71.0,True,1.0,,,,,0.0,,,,,,,,,,,,,
k4_hierarchical,1200,4,24.0,0,23.91,0.0008333333333333334,0.0,"[27.697656573020506, 15.900278738367044, 10.596464355531358, -10.516033081003231]",0.004115570998692419,1,gmm_tied_spec,decoded,0.18232137500308454,0,0.7116666666666667,0.007860664403003972,20,574,,,,,0.0,204.61725671911742,0.0,0.4845833333333333,,,,,,,,,,,,,,
k4_hierarchical,1200,4,24.0,0,23.91,0.0008333333333333334,0.0,"[27.697656573020506, 15.900278738367044, 10.596464355531358, -10.516033081003231]",0.004115570998692419,1,gmm_full_spec,initial,0.2915467200000421,0,0.37749999999999995,0.4045033286300853,218,386,-4263.052902515527,80.0,True,5.0,,,,,0.0,,,,,,,,,,,,,
k4_hierarchical,1200,4,24.0,0,23.91,0.0008333333333333334,0.0,"[27.697656573020506, 15.900278738367044, 10.596464355531358, -10.516033081003231]",0.004115570998692419,1,gmm_full_spec,decoded,0.2920527909955126,0,0.5700000000000001,0.17856388727539643,76,436,,,,,0.0,63.78543162787815,0.0,0.4035416666666667,,,,,,,,,,,,,,
k4_hierarchical,1200,4,24.0,0,23.91,0.0008333333333333334,0.0,"[27.697656573020506, 15.900278738367044, 10.596464355531358, -10.516033081003231]",0.004115570998692419,1,km_spec_degree,initial,0.009655153997300658,0,0.4558333333333333,0.45490050850719077,136,618,-2249.0497409569343,17.0,True,3.0,,,,,,,,,,,,,,,,,,
k4_hierarchical,1200,4,24.0,0,23.91,0.0008333333333333334,0.0,"[27.697656573020506, 15.900278738367044, 10.596464355531358, -10.516033081003231]",0.004115570998692419,1,km_spec_degree,decoded,0.009966191995772533,0,0.44166666666666665,0.4880733056184356,150,602,,,,,0.0,2.06191211749681,0.0,0.19125,,,,,,,,,,,,,,
k4_hierarchical,1200,4,24.0,0,23.91,0.0008333333333333334,0.0,"[27.697656573020506, 15.900278738367044, 10.596464355531358, -10.516033081003231]",0.004115570998692419,1,gmm_full_spec_degree,initial,0.3225662979966728,0,0.3516666666666667,0.4504848995890616,199,405,-3809.691471663322,127.0,True,0.0,,,,,0.0,,,,,,,,,,,,,
k4_hierarchical,1200,4,24.0,0,23.91,0.0008333333333333334,0.0,"[27.697656573020506, 15.900278738367044, 10.596464355531358, -10.516033081003231]",0.004115570998692419,1,gmm_full_spec_degree,decoded,0.3229332099945168,0,0.5933333333333333,0.1889105611494063,71,422,,,,,0.0,40.40888331950477,0.0,0.37854166666666667,,,,,,,,,,,,,,
k4_hierarchical,1200,4,24.0,0,23.91,0.0008333333333333334,0.0,"[27.697656573020506, 15.900278738367044, 10.596464355531358, -10.516033081003231]",0.004115570998692419,1,km_neighbor_degree,initial,0.010424321000755299,0,0.24,0.5119971060760372,272,341,-3005.9416360398686,15.0,True,0.0,,,,,,,,,,,,,,,,,,
k4_hierarchical,1200,4,24.0,0,23.91,0.0008333333333333334,0.0,"[27.697656573020506, 15.900278738367044, 10.596464355531358, -10.516033081003231]",0.004115570998692419,1,km_neighbor_degree,decoded,0.01073250400077086,0,0.5974999999999999,0.06852355447136069,65,552,,,,,0.0,75.65892762769661,0.0,0.46020833333333333,,,,,,,,,,,,,,
k4_hierarchical,1200,4,24.0,0,23.91,0.0008333333333333334,0.0,"[27.697656573020506, 15.900278738367044, 10.596464355531358, -10.516033081003231]",0.004115570998692419,1,gmm_full_neighbor_degree,initial,0.3438255420041969,0,0.41666666666666663,0.3756731625313161,221,380,-6744.839728474446,88.0,True,3.0,,,,,0.0,,,,,,,,,,,,,
k4_hierarchical,1200,4,24.0,0,23.91,0.0008333333333333334,0.0,"[27.697656573020506, 15.900278738367044, 10.596464355531358, -10.516033081003231]",0.004115570998692419,1,gmm_full_neighbor_degree,decoded,0.3441895590003696,0,0.35750000000000004,0.41053028949761494,258,342,,,,,0.0,42.39336136061815,0.0,0.441875,,,,,,,,,,,,,,
k4_hierarchical,1200,4,24.0,0,23.91,0.0008333333333333334,0.0,"[27.697656573020506, 15.900278738367044, 10.596464355531358, -10.516033081003231]",0.004115570998692419,1,poisson_gaussian,initial,0.25075770099647343,0,0.21916666666666662,0.5477514827831363,249,350,-9160.478188854107,67.0,True,,,,,,,-7.633731824045089,converged,random_data,923434654.0,0.0,4.0,0.0,1.0,6.0,7919.0,0.02,,
k4_hierarchical,1200,4,24.0,0,23.91,0.0008333333333333334,0.0,"[27.697656573020506, 15.900278738367044, 10.596464355531358, -10.516033081003231]",0.004115570998692419,1,poisson_gaussian,decoded,0.2513780739973299,0,0.5216666666666667,0.22771774154588512,188,409,,,,,0.0,104.97980571606239,0.0,0.473125,,,,,,,,,,,,,,
k4_hierarchical,1200,4,24.0,0,23.91,0.0008333333333333334,0.0,"[27.697656573020506, 15.900278738367044, 10.596464355531358, -10.516033081003231]",0.004115570998692419,1,spectral_bernoulli_surrogate,initial,0.44539805599924875,0,0.3883333333333333,0.40813138365547574,152,446,-66117.77250705304,92.0,True,1.0,,,,,,,,,,,,,,,,,0.0,
k4_hierarchical,1200,4,24.0,0,23.91,0.0008333333333333334,0.0,"[27.697656573020506, 15.900278738367044, 10.596464355531358, -10.516033081003231]",0.004115570998692419,1,spectral_bernoulli_surrogate,decoded,0.445819690998178,0,0.6158333333333333,0.07966206521209841,31,571,,,,,0.0,116.11715334739054,0.125,0.483125,,,,,,,,,,,,,,
k4_hierarchical,1200,4,24.0,0,23.91,0.0008333333333333334,0.0,"[27.697656573020506, 15.900278738367044, 10.596464355531358, -10.516033081003231]",0.004115570998692419,1,raw_bernoulli_vem,initial,0.22684206499980064,0,0.2008333333333333,0.5941673834778155,205,395,-67057.73840436223,83.0,True,5.0,,,,,,,,,,,,,,,,,0.0,
k4_hierarchical,1200,4,24.0,0,23.91,0.0008333333333333334,0.0,"[27.697656573020506, 15.900278738367044, 10.596464355531358, -10.516033081003231]",0.004115570998692419,1,edge_only_oracle,reference,0.0,0,0.08250000000000002,0.7989031793792152,288,312,,,,,,,,,,,,,,,,,,,,,,
k4_hierarchical,1200,4,24.0,1,23.721666666666668,0.0,0.0,"[27.62723078138991, 15.480575821022121, -10.491079241682383, 10.462033188047176]",0.0043284010025672615,1,km_classic_U,initial,0.010055266000563279,0,0.48250000000000004,0.4311942344678315,154,601,-1503.3352715978901,12.0,True,1.0,,,,,,,,,,,,,,,,,,
k4_hierarchical,1200,4,24.0,1,23.721666666666668,0.0,0.0,"[27.62723078138991, 15.480575821022121, -10.491079241682383, 10.462033188047176]",0.0043284010025672615,1,km_classic_U,decoded,0.010454937997565139,0,0.48083333333333333,0.4438580368937618,168,600,,,,,0.0,1.8861426752775874,0.0,0.17770833333333333,,,,,,,,,,,,,,
k4_hierarchical,1200,4,24.0,1,23.721666666666668,0.0,0.0,"[27.62723078138991, 15.480575821022121, -10.491079241682383, 10.462033188047176]",0.0043284010025672615,1,km_ASE,initial,0.009624568003346212,0,0.4608333333333333,0.4573473678884322,153,602,-17654.562725686283,31.0,True,1.0,,,,,,,,,,,,,,,,,,
k4_hierarchical,1200,4,24.0,1,23.721666666666668,0.0,0.0,"[27.62723078138991, 15.480575821022121, -10.491079241682383, 10.462033188047176]",0.0043284010025672615,1,km_ASE,decoded,0.009965050005121157,0,0.4608333333333333,0.45792513853278366,164,600,,,,,0.0,1.9201289009226756,0.0,0.17791666666666667,,,,,,,,,,,,,,
k4_hierarchical,1200,4,24.0,1,23.721666666666668,0.0,0.0,"[27.62723078138991, 15.480575821022121, -10.491079241682383, 10.462033188047176]",0.0043284010025672615,1,km_RRE,initial,0.008688189001986757,0,0.43999999999999995,0.4764227033235058,134,601,-223444.8694754658,13.0,True,0.0,,,,,,,,,,,,,,,,,,
k4_hierarchical,1200,4,24.0,1,23.721666666666668,0.0,0.0,"[27.62723078138991, 15.480575821022121, -10.491079241682383, 10.462033188047176]",0.0043284010025672615,1,km_RRE,decoded,0.009012437003548257,0,0.44666666666666666,0.4694279489146892,149,600,,,,,0.0,2.020657469916141,0.0,0.18229166666666666,,,,,,,,,,,,,,
k4_hierarchical,1200,4,24.0,1,23.721666666666668,0.0,0.0,"[27.62723078138991, 15.480575821022121, -10.491079241682383, 10.462033188047176]",0.0043284010025672615,1,km_spec,initial,0.009339049000118393,0,0.4541666666666667,0.46169654433107954,148,602,-1716.4713695820903,11.0,True,0.0,,,,,,,,,,,,,,,,,,
k4_hierarchical,1200,4,24.0,1,23.721666666666668,0.0,0.0,"[27.62723078138991, 15.480575821022121, -10.491079241682383, 10.462033188047176]",0.0043284010025672615,1,km_spec,decoded,0.009659360999648925,0,0.4558333333333333,0.46097781713962865,158,600,,,,,0.0,1.9219810784861702,0.0,0.17729166666666665,,,,,,,,,,,,,,
k4_hierarchical,1200,4,24.0,1,23.721666666666668,0.0,0.0,"[27.62723078138991, 15.480575821022121, -10.491079241682383, 10.462033188047176]",0.0043284010025672615,1,gmm_tied_spec,initial,0.1243075729944394,0,0.4083333333333333,0.4955917503935969,66,601,-5228.912826314195,16.0,True,0.0,,,,,0.0,,,,,,,,,,,,,
k4_hierarchical,1200,4,24.0,1,23.721666666666668,0.0,0.0,"[27.62723078138991, 15.480575821022121, -10.491079241682383, 10.462033188047176]",0.0043284010025672615,1,gmm_tied_spec,decoded,0.12468234699190361,0,0.42833333333333334,0.48038836830280707,116,599,,,,,0.0,2.7601921921645256,0.0,0.21354166666666666,,,,,,,,,,,,,,
k4_hierarchical,1200,4,24.0,1,23.721666666666668,0.0,0.0,"[27.62723078138991, 15.480575821022121, -10.491079241682383, 10.462033188047176]",0.0043284010025672615,1,gmm_full_spec,initial,0.4658227899999474,0,0.37,0.40492149204770433,146,456,-4249.117803424826,150.0,False,0.0,,,,,0.0,,,,,,,,,,,,,
k4_hierarchical,1200,4,24.0,1,23.721666666666668,0.0,0.0,"[27.62723078138991, 15.480575821022121, -10.491079241682383, 10.462033188047176]",0.0043284010025672615,1,gmm_full_spec,decoded,0.4662042939962703,0,0.6691666666666667,0.025755521725688183,15,584,,,,,0.0,464.89979824027847,0.0,0.48020833333333335,,,,,,,,,,,,,,
k4_hierarchical,1200,4,24.0,1,23.721666666666668,0.0,0.0,"[27.62723078138991, 15.480575821022121, -10.491079241682383, 10.462033188047176]",0.0043284010025672615,1,km_spec_degree,initial,0.011796494996815454,0,0.4408333333333333,0.4672092489534401,123,606,-2242.321217798137,10.0,True,0.0,,,,,,,,,,,,,,,,,,
k4_hierarchical,1200,4,24.0,1,23.721666666666668,0.0,0.0,"[27.62723078138991, 15.480575821022121, -10.491079241682383, 10.462033188047176]",0.0043284010025672615,1,km_spec_degree,decoded,0.012280091999855358,0,0.44166666666666665,0.4729258078306168,141,600,,,,,0.0,2.0562941183890384,0.0,0.18645833333333334,,,,,,,,,,,,,,
k4_hierarchical,1200,4,24.0,1,23.721666666666668,0.0,0.0,"[27.62723078138991, 15.480575821022121, -10.491079241682383, 10.462033188047176]",0.0043284010025672615,1,gmm_full_spec_degree,initial,0.43328174899943406,0,0.33499999999999996,0.427089680310445,190,411,-3730.540503834451,47.0,True,3.0,,,,,0.0,,,,,,,,,,,,,
k4_hierarchical,1200,4,24.0,1,23.721666666666668,0.0,0.0,"[27.62723078138991, 15.480575821022121, -10.491079241682383, 10.462033188047176]",0.0043284010025672615,1,gmm_full_spec_degree,decoded,0.4336610300015309,0,0.6641666666666667,0.028376348238063155,74,529,,,,,0.0,133.90377355329124,0.0,0.44625,,,,,,,,,,,,,,
k4_hierarchical,1200,4,24.0,1,23.721666666666668,0.0,0.0,"[27.62723078138991, 15.480575821022121, -10.491079241682383, 10.462033188047176]",0.0043284010025672615,1,km_neighbor_degree,initial,0.010831453000719193,0,0.3041666666666667,0.42425210104242045,284,313,-3066.9338508876676,22.0,True,0.0,,,,,,,,,,,,,,,,,,
k4_hierarchical,1200,4,24.0,1,23.721666666666668,0.0,0.0,"[27.62723078138991, 15.480575821022121, -10.491079241682383, 10.462033188047176]",0.0043284010025672615,1,km_neighbor_degree,decoded,0.011153667997859884,0,0.5900000000000001,0.0811101107985008,77,573,,,,,0.0,238.1750151906133,0.0,0.48083333333333333,,,,,,,,,,,,,,
k4_hierarchical,1200,4,24.0,1,23.721666666666668,0.0,0.0,"[27.62723078138991, 15.480575821022121, -10.491079241682383, 10.462033188047176]",0.0043284010025672615,1,gmm_full_neighbor_degree,initial,0.3828827050019754,0,0.3416666666666667,0.4525397655339579,154,446,-6763.981924900282,82.0,True,3.0,,,,,0.0,,,,,,,,,,,,,
k4_hierarchical,1200,4,24.0,1,23.721666666666668,0.0,0.0,"[27.62723078138991, 15.480575821022121, -10.491079241682383, 10.462033188047176]",0.0043284010025672615,1,gmm_full_neighbor_degree,decoded,0.3832724610037985,0,0.4575,0.30534101172811584,232,388,,,,,0.0,23.809882086408944,0.0,0.3722916666666667,,,,,,,,,,,,,,
k4_hierarchical,1200,4,24.0,1,23.721666666666668,0.0,0.0,"[27.62723078138991, 15.480575821022121, -10.491079241682383, 10.462033188047176]",0.0043284010025672615,1,poisson_gaussian,initial,0.25407568200171227,0,0.2958333333333333,0.4853106662134811,276,323,-9206.544346381394,33.0,True,,,,,,,-7.672120288651161,converged,random_data,2442964223.0,0.0,4.0,0.0,1.0,6.0,7920.0,0.02,,
k4_hierarchical,1200,4,24.0,1,23.721666666666668,0.0,0.0,"[27.62723078138991, 15.480575821022121, -10.491079241682383, 10.462033188047176]",0.0043284010025672615,1,poisson_gaussian,decoded,0.2544366650035954,0,0.6308333333333334,0.13718900065253994,74,452,,,,,0.0,63.47657119782582,0.0,0.36895833333333333,,,,,,,,,,,,,,
k4_hierarchical,1200,4,24.0,1,23.721666666666668,0.0,0.0,"[27.62723078138991, 15.480575821022121, -10.491079241682383, 10.462033188047176]",0.0043284010025672615,1,spectral_bernoulli_surrogate,initial,0.3533139650025987,0,0.3783333333333333,0.4057211719976018,168,433,-65834.98817905328,42.0,True,1.0,,,,,,,,,,,,,,,,,0.0,
k4_hierarchical,1200,4,24.0,1,23.721666666666668,0.0,0.0,"[27.62723078138991, 15.480575821022121, -10.491079241682383, 10.462033188047176]",0.0043284010025672615,1,spectral_bernoulli_surrogate,decoded,0.35376146800263086,0,0.5549999999999999,0.12164410483135754,177,487,,,,,0.0,29.954553874555167,0.125,0.44125,,,,,,,,,,,,,,
k4_hierarchical,1200,4,24.0,1,23.721666666666668,0.0,0.0,"[27.62723078138991, 15.480575821022121, -10.491079241682383, 10.462033188047176]",0.0043284010025672615,1,raw_bernoulli_vem,initial,0.4290030039992416,0,0.24416666666666664,0.5226519574572847,253,347,-66636.53323287949,66.0,True,5.0,,,,,,,,,,,,,,,,,0.0,
k4_hierarchical,1200,4,24.0,1,23.721666666666668,0.0,0.0,"[27.62723078138991, 15.480575821022121, -10.491079241682383, 10.462033188047176]",0.0043284010025672615,1,edge_only_oracle,reference,0.0,0,0.12,0.7216520396791801,293,307,,,,,,,,,,,,,,,,,,,,,,
k4_hierarchical,1200,4,24.0,2,23.948333333333334,0.0008333333333333334,0.0,"[27.917822565544146, 15.79699306425886, -10.512299762444123, 10.36218149874937]",0.005357319001632277,1,km_classic_U,initial,0.009453239996219054,0,0.5316666666666667,0.4053280734965866,177,601,-1529.5620215312274,13.0,True,4.0,,,,,,,,,,,,,,,,,,
k4_hierarchical,1200,4,24.0,2,23.948333333333334,0.0008333333333333334,0.0,"[27.917822565544146, 15.79699306425886, -10.512299762444123, 10.36218149874937]",0.005357319001632277,1,km_classic_U,decoded,0.009829825998167507,0,0.5283333333333333,0.41516811345939086,177,600,,,,,0.0,1.81833594768255,0.0,0.17104166666666668,,,,,,,,,,,,,,
k4_hierarchical,1200,4,24.0,2,23.948333333333334,0.0008333333333333334,0.0,"[27.917822565544146, 15.79699306425886, -10.512299762444123, 10.36218149874937]",0.005357319001632277,1,km_ASE,initial,0.010419293997983914,0,0.5241666666666667,0.4121392266172293,169,601,-18200.779177101074,32.0,True,1.0,,,,,,,,,,,,,,,,,,
k4_hierarchical,1200,4,24.0,2,23.948333333333334,0.0008333333333333334,0.0,"[27.917822565544146, 15.79699306425886, -10.512299762444123, 10.36218149874937]",0.005357319001632277,1,km_ASE,decoded,0.010763651996967383,0,0.5275000000000001,0.4164852724456543,174,600,,,,,0.0,1.83376672851566,0.0,0.17104166666666668,,,,,,,,,,,,,,
k4_hierarchical,1200,4,24.0,2,23.948333333333334,0.0008333333333333334,0.0,"[27.917822565544146, 15.79699306425886, -10.512299762444123, 10.36218149874937]",0.005357319001632277,1,km_RRE,initial,0.009977328998502344,0,0.5075000000000001,0.42291492440668543,153,600,-239266.46182651893,20.0,True,0.0,,,,,,,,,,,,,,,,,,
k4_hierarchical,1200,4,24.0,2,23.948333333333334,0.0008333333333333334,0.0,"[27.917822565544146, 15.79699306425886, -10.512299762444123, 10.36218149874937]",0.005357319001632277,1,km_RRE,decoded,0.010288116995070595,0,0.5258333333333334,0.42210583663627094,153,600,,,,,0.0,1.8909680142520806,0.0,0.17729166666666665,,,,,,,,,,,,,,
k4_hierarchical,1200,4,24.0,2,23.948333333333334,0.0008333333333333334,0.0,"[27.917822565544146, 15.79699306425886, -10.512299762444123, 10.36218149874937]",0.005357319001632277,1,km_spec,initial,0.010137770004803315,0,0.5191666666666667,0.40757151964236943,168,605,-1778.2285948881342,17.0,True,4.0,,,,,,,,,,,,,,,,,,
k4_hierarchical,1200,4,24.0,2,23.948333333333334,0.0008333333333333334,0.0,"[27.917822565544146, 15.79699306425886, -10.512299762444123, 10.36218149874937]",0.005357319001632277,1,km_spec,decoded,0.01045518700266257,0,0.5241666666666667,0.41771427924858184,172,600,,,,,0.0,1.8583642207446864,0.0,0.17395833333333333,,,,,,,,,,,,,,
k4_hierarchical,1200,4,24.0,2,23.948333333333334,0.0008333333333333334,0.0,"[27.917822565544146, 15.79699306425886, -10.512299762444123, 10.36218149874937]",0.005357319001632277,1,gmm_tied_spec,initial,0.15290151700173737,0,0.44166666666666665,0.4731845998561364,80,600,-5357.48369248955,28.0,True,4.0,,,,,0.0,,,,,,,,,,,,,
k4_hierarchical,1200,4,24.0,2,23.948333333333334,0.0008333333333333334,0.0,"[27.917822565544146, 15.79699306425886, -10.512299762444123, 10.36218149874937]",0.005357319001632277,1,gmm_tied_spec,decoded,0.15328906999639003,0,0.7166666666666667,0.002918505928844697,22,635,,,,,0.0,409.1083443088672,0.0,0.48770833333333335,,,,,,,,,,,,,,
k4_hierarchical,1200,4,24.0,2,23.948333333333334,0.0008333333333333334,0.0,"[27.917822565544146, 15.79699306425886, -10.512299762444123, 10.36218149874937]",0.005357319001632277,1,gmm_full_spec,initial,0.293646168000123,0,0.37,0.4153160783320612,181,420,-4246.748386174362,39.0,True,2.0,,,,,0.0,,,,,,,,,,,,,
k4_hierarchical,1200,4,24.0,2,23.948333333333334,0.0008333333333333334,0.0,"[27.917822565544146, 15.79699306425886, -10.512299762444123, 10.36218149874937]",0.005357319001632277,1,gmm_full_spec,decoded,0.29405967000639066,0,0.64,0.09749691604423874,62,457,,,,,0.0,53.03183548301785,0.0,0.46375,,,,,,,,,,,,,,
k4_hierarchical,1200,4,24.0,2,23.948333333333334,0.0008333333333333334,0.0,"[27.917822565544146, 15.79699306425886, -10.512299762444123, 10.36218149874937]",0.005357319001632277,1,km_spec_degree,initial,0.01004109499626793,0,0.5383333333333333,0.36603706607774356,152,634,-2388.244421410313,15.0,True,5.0,,,,,,,,,,,,,,,,,,
k4_hierarchical,1200,4,24.0,2,23.948333333333334,0.0008333333333333334,0.0,"[27.917822565544146, 15.79699306425886, -10.512299762444123, 10.36218149874937]",0.005357319001632277,1,km_spec_degree,decoded,0.010410700997454114,0,0.5316666666666667,0.41817126506995167,164,600,,,,,0.0,1.9846493456020802,0.0,0.18604166666666666,,,,,,,,,,,,,,
k4_hierarchical,1200,4,24.0,2,23.948333333333334,0.0008333333333333334,0.0,"[27.917822565544146, 15.79699306425886, -10.512299762444123, 10.36218149874937]",0.005357319001632277,1,gmm_full_spec_degree,initial,0.3163743080003769,0,0.3633333333333333,0.42318571751502143,169,430,-3808.6502178852597,35.0,True,2.0,,,,,0.0,,,,,,,,,,,,,
k4_hierarchical,1200,4,24.0,2,23.948333333333334,0.0008333333333333334,0.0,"[27.917822565544146, 15.79699306425886, -10.512299762444123, 10.36218149874937]",0.005357319001632277,1,gmm_full_spec_degree,decoded,0.3167416310025146,0,0.6525000000000001,0.057238428691523575,58,505,,,,,0.0,88.83075834818747,0.0,0.47,,,,,,,,,,,,,,
k4_hierarchical,1200,4,24.0,2,23.948333333333334,0.0008333333333333334,0.0,"[27.917822565544146, 15.79699306425886, -10.512299762444123, 10.36218149874937]",0.005357319001632277,1,km_neighbor_degree,initial,0.010065501999633852,0,0.3516666666666667,0.38315965459248347,270,339,-3087.757022652952,25.0,True,5.0,,,,,,,,,,,,,,,,,,
k4_hierarchical,1200,4,24.0,2,23.948333333333334,0.0008333333333333334,0.0,"[27.917822565544146, 15.79699306425886, -10.512299762444123, 10.36218149874937]",0.005357319001632277,1,km_neighbor_degree,decoded,0.010420004997286014,0,0.6141666666666667,0.05237688936361048,69,554,,,,,0.0,102.26972739060754,0.0,0.4685416666666667,,,,,,,,,,,,,,
k4_hierarchical,1200,4,24.0,2,23.948333333333334,0.0008333333333333334,0.0,"[27.917822565544146, 15.79699306425886, -10.512299762444123, 10.36218149874937]",0.005357319001632277,1,gmm_full_neighbor_degree,initial,0.33749123299639905,0,0.33999999999999997,0.436459591109553,191,409,-6786.183980241948,55.0,True,2.0,,,,,0.0,,,,,,,,,,,,,
k4_hierarchical,1200,4,24.0,2,23.948333333333334,0.0008333333333333334,0.0,"[27.917822565544146, 15.79699306425886, -10.512299762444123, 10.36218149874937]",0.005357319001632277,1,gmm_full_neighbor_degree,decoded,0.33784223099792143,0,0.5866666666666667,0.09883938703531644,131,434,,,,,0.0,57.77457932094294,0.0,0.46166666666666667,,,,,,,,,,,,,,
k4_hierarchical,1200,4,24.0,2,23.948333333333334,0.0008333333333333334,0.0,"[27.917822565544146, 15.79699306425886, -10.512299762444123, 10.36218149874937]",0.005357319001632277,1,poisson_gaussian,initial,0.2482441700049094,0,0.29000000000000004,0.4603107601907586,212,389,-9231.397103418816,24.0,True,,,,,,,-7.69283091951568,converged,random_data,1120802142.0,0.0,4.0,0.0,3.0,6.0,7921.0,0.02,,
k4_hierarchical,1200,4,24.0,2,23.948333333333334,0.0008333333333333334,0.0,"[27.917822565544146, 15.79699306425886, -10.512299762444123, 10.36218149874937]",0.005357319001632277,1,poisson_gaussian,decoded,0.24858299001061823,0,0.6025,0.09690725694003115,212,447,,,,,0.0,50.74956179552042,0.0,0.4714583333333333,,,,,,,,,,,,,,
k4_hierarchical,1200,4,24.0,2,23.948333333333334,0.0008333333333333334,0.0,"[27.917822565544146, 15.79699306425886, -10.512299762444123, 10.36218149874937]",0.005357319001632277,1,spectral_bernoulli_surrogate,initial,0.28841107900370844,0,0.37749999999999995,0.4194481181365139,126,474,-66286.56862547276,56.0,True,2.0,,,,,,,,,,,,,,,,,0.0,
k4_hierarchical,1200,4,24.0,2,23.948333333333334,0.0008333333333333334,0.0,"[27.917822565544146, 15.79699306425886, -10.512299762444123, 10.36218149874937]",0.005357319001632277,1,spectral_bernoulli_surrogate,decoded,0.28878401999827474,0,0.5275000000000001,0.20789189147986417,146,435,,,,,0.0,16.74096235508554,0.125,0.345,,,,,,,,,,,,,,
k4_hierarchical,1200,4,24.0,2,23.948333333333334,0.0008333333333333334,0.0,"[27.917822565544146, 15.79699306425886, -10.512299762444123, 10.36218149874937]",0.005357319001632277,1,raw_bernoulli_vem,initial,0.3022059640061343,0,0.24916666666666665,0.5490171299888588,154,446,-67086.57766806801,40.0,True,3.0,,,,,,,,,,,,,,,,,0.0,
k4_hierarchical,1200,4,24.0,2,23.948333333333334,0.0008333333333333334,0.0,"[27.917822565544146, 15.79699306425886, -10.512299762444123, 10.36218149874937]",0.005357319001632277,1,edge_only_oracle,reference,0.0,0,0.12083333333333335,0.7259288046303949,292,308,,,,,,,,,,,,,,,,,,,,,,
k4_hierarchical,1200,4,6.0,0,6.033333333333333,0.03166666666666667,0.005,"[7.704460138772176, -5.315905286508983, 5.274941446299404, -5.267088483479759]",0.00465200799953891,2,km_classic_U,initial,0.011142472001665737,0,0.6308333333333334,0.09825204355776662,111,836,-2561.840407718747,17.0,True,2.0,,,,,,,,,,,,,,,,,,
k4_hierarchical,1200,4,6.0,0,6.033333333333333,0.03166666666666667,0.005,"[7.704460138772176, -5.315905286508983, 5.274941446299404, -5.267088483479759]",0.00465200799953891,2,km_classic_U,decoded,0.011501923007017467,0,0.6141666666666667,0.10142396657094004,100,451,,,,,0.0,8.571897453637838,0.0625,0.375625,,,,,,,,,,,,,,
k4_hierarchical,1200,4,6.0,0,6.033333333333333,0.03166666666666667,0.005,"[7.704460138772176, -5.315905286508983, 5.274941446299404, -5.267088483479759]",0.00465200799953891,2,km_ASE,initial,0.009879370998532977,0,0.6308333333333334,0.1113910998530852,112,828,-14097.430268718066,17.0,True,0.0,,,,,,,,,,,,,,,,,,
k4_hierarchical,1200,4,6.0,0,6.033333333333333,0.03166666666666667,0.005,"[7.704460138772176, -5.315905286508983, 5.274941446299404, -5.267088483479759]",0.00465200799953891,2,km_ASE,decoded,0.010227083999780007,0,0.6041666666666667,0.15390117769844094,187,539,,,,,0.0,13.233514833398948,0.0,0.40625,,,,,,,,,,,,,,
k4_hierarchical,1200,4,6.0,0,6.033333333333333,0.03166666666666667,0.005,"[7.704460138772176, -5.315905286508983, 5.274941446299404, -5.267088483479759]",0.00465200799953891,2,km_RRE,initial,0.009879552002530545,0,0.625,0.11375224500115033,111,815,-78264.89131382568,23.0,True,1.0,,,,,,,,,,,,,,,,,,
k4_hierarchical,1200,4,6.0,0,6.033333333333333,0.03166666666666667,0.005,"[7.704460138772176, -5.315905286508983, 5.274941446299404, -5.267088483479759]",0.00465200799953891,2,km_RRE,decoded,0.010189388005528599,0,0.6074999999999999,0.15504004957881476,128,576,,,,,0.0,9.22507909044451,0.0,0.3879166666666667,,,,,,,,,,,,,,
k4_hierarchical,1200,4,6.0,0,6.033333333333333,0.03166666666666667,0.005,"[7.704460138772176, -5.315905286508983, 5.274941446299404, -5.267088483479759]",0.00465200799953891,2,km_spec,initial,0.010779485004604794,0,0.625,0.11790862141538953,118,819,-2794.0412660748966,17.0,True,1.0,,,,,,,,,,,,,,,,,,
k4_hierarchical,1200,4,6.0,0,6.033333333333333,0.03166666666666667,0.005,"[7.704460138772176, -5.315905286508983, 5.274941446299404, -5.267088483479759]",0.00465200799953891,2,km_spec,decoded,0.011092916007328313,0,0.6066666666666667,0.16410070845155586,167,565,,,,,0.0,13.99468763474143,0.0,0.4083333333333333,,,,,,,,,,,,,,
k4_hierarchical,1200,4,6.0,0,6.033333333333333,0.03166666666666667,0.005,"[7.704460138772176, -5.315905286508983, 5.274941446299404, -5.267088483479759]",0.00465200799953891,2,gmm_tied_spec,initial,0.13133412399474764,0,0.69,0.031292761771032074,51,1016,-6181.516496777136,23.0,True,0.0,,,,,0.0,,,,,,,,,,,,,
k4_hierarchical,1200,4,6.0,0,6.033333333333333,0.03166666666666667,0.005,"[7.704460138772176, -5.315905286508983, 5.274941446299404, -5.267088483479759]",0.00465200799953891,2,gmm_tied_spec,decoded,0.13171158199111233,0,0.6283333333333334,0.037338857538420166,45,626,,,,,0.0,17.504917208774163,0.0625,0.43041666666666667,,,,,,,,,,,,,,
k4_hierarchical,1200,4,6.0,0,6.033333333333333,0.03166666666666667,0.005,"[7.704460138772176, -5.315905286508983, 5.274941446299404, -5.267088483479759]",0.00465200799953891,2,gmm_full_spec,initial,0.4071806159990956,0,0.52,0.16136995101056636,154,430,-4558.943894384844,96.0,True,3.0,,,,,0.0,,,,,,,,,,,,,
k4_hierarchical,1200,4,6.0,0,6.033333333333333,0.03166666666666667,0.005,"[7.704460138772176, -5.315905286508983, 5.274941446299404, -5.267088483479759]",0.00465200799953891,2,gmm_full_spec,decoded,0.4079040740034543,0,0.72,0.001820539273935667,41,556,,,,,0.0,306.40072112201153,0.0,0.49833333333333335,,,,,,,,,,,,,,
k4_hierarchical,1200,4,6.0,0,6.033333333333333,0.03166666666666667,0.005,"[7.704460138772176, -5.315905286508983, 5.274941446299404, -5.267088483479759]",0.00465200799953891,2,km_spec_degree,initial,0.011790575998020358,0,0.6125,0.11256810524132195,115,680,-3359.3763028544963,29.0,True,0.0,,,,,,,,,,,,,,,,,,
k4_hierarchical,1200,4,6.0,0,6.033333333333333,0.03166666666666667,0.005,"[7.704460138772176, -5.315905286508983, 5.274941446299404, -5.267088483479759]",0.00465200799953891,2,km_spec_degree,decoded,0.012142915998992976,0,0.595,0.11610930979078127,169,395,,,,,0.0,38.065916767302596,0.0,0.473125,,,,,,,,,,,,,,
k4_hierarchical,1200,4,6.0,0,6.033333333333333,0.03166666666666667,0.005,"[7.704460138772176, -5.315905286508983, 5.274941446299404, -5.267088483479759]",0.00465200799953891,2,gmm_full_spec_degree,initial,0.44259315700037405,0,0.5166666666666666,0.17110561147673795,164,433,-5117.952798629865,74.0,True,1.0,,,,,0.0,,,,,,,,,,,,,
k4_hierarchical,1200,4,6.0,0,6.033333333333333,0.03166666666666667,0.005,"[7.704460138772176, -5.315905286508983, 5.274941446299404, -5.267088483479759]",0.00465200799953891,2,gmm_full_spec_degree,decoded,0.44299300800048513,0,0.7191666666666667,0.0021228516823202296,30,564,,,,,0.0,372.4734982490847,0.0,0.486875,,,,,,,,,,,,,,
k4_hierarchical,1200,4,6.0,0,6.033333333333333,0.03166666666666667,0.005,"[7.704460138772176, -5.315905286508983, 5.274941446299404, -5.267088483479759]",0.00465200799953891,2,km_neighbor_degree,initial,0.0106397650015424,0,0.6033333333333333,0.21866301493270626,164,580,-3643.916417991364,16.0,True,3.0,,,,,,,,,,,,,,,,,,
k4_hierarchical,1200,4,6.0,0,6.033333333333333,0.03166666666666667,0.005,"[7.704460138772176, -5.315905286508983, 5.274941446299404, -5.267088483479759]",0.00465200799953891,2,km_neighbor_degree,decoded,0.010985294997226447,0,0.6866666666666666,0.022052151718121256,19,523,,,,,0.0,74.84533112570519,0.0,0.45979166666666665,,,,,,,,,,,,,,
k4_hierarchical,1200,4,6.0,0,6.033333333333333,0.03166666666666667,0.005,"[7.704460138772176, -5.315905286508983, 5.274941446299404, -5.267088483479759]",0.00465200799953891,2,gmm_full_neighbor_degree,initial,0.43838646399672143,0,0.5241666666666667,0.2038354708146691,132,453,-7424.173962435782,150.0,False,5.0,,,,,0.0,,,,,,,,,,,,,
k4_hierarchical,1200,4,6.0,0,6.033333333333333,0.03166666666666667,0.005,"[7.704460138772176, -5.315905286508983, 5.274941446299404, -5.267088483479759]",0.00465200799953891,2,gmm_full_neighbor_degree,decoded,0.43876431299577234,0,0.7258333333333333,0.0014232656723280732,0,588,,,,,0.0,674.6496050641072,0.0,0.49395833333333333,,,,,,,,,,,,,,
k4_hierarchical,1200,4,6.0,0,6.033333333333333,0.03166666666666667,0.005,"[7.704460138772176, -5.315905286508983, 5.274941446299404, -5.267088483479759]",0.00465200799953891,2,poisson_gaussian,initial,0.5083763340007863,0,0.48583333333333334,0.2248042783894092,159,440,-8732.417297583705,128.0,True,,,,,,,-7.277014414653087,converged,weighted_kmeans++_seeding,1089408280.0,0.0,4.0,0.0,4.0,6.0,7919.0,0.02,,
k4_hierarchical,1200,4,6.0,0,6.033333333333333,0.03166666666666667,0.005,"[7.704460138772176, -5.315905286508983, 5.274941446299404, -5.267088483479759]",0.00465200799953891,2,poisson_gaussian,decoded,0.5087696550035616,0,0.6758333333333333,0.033091732401683685,231,413,,,,,0.0,145.60710771200326,0.0,0.4891666666666667,,,,,,,,,,,,,,
k4_hierarchical,1200,4,6.0,0,6.033333333333333,0.03166666666666667,0.005,"[7.704460138772176, -5.315905286508983, 5.274941446299404, -5.267088483479759]",0.00465200799953891,2,spectral_bernoulli_surrogate,initial,0.35968195400346303,0,0.6541666666666667,0.049207838498028414,88,877,-22241.007392154752,150.0,False,2.0,,,,,,,,,,,,,,,,,0.0,
k4_hierarchical,1200,4,6.0,0,6.033333333333333,0.03166666666666667,0.005,"[7.704460138772176, -5.315905286508983, 5.274941446299404, -5.267088483479759]",0.00465200799953891,2,spectral_bernoulli_surrogate,decoded,0.3600968080063467,0,0.6858333333333333,0.011957935989543348,46,581,,,,,0.0,33.90097617951173,0.0625,0.464375,,,,,,,,,,,,,,
k4_hierarchical,1200,4,6.0,0,6.033333333333333,0.03166666666666667,0.005,"[7.704460138772176, -5.315905286508983, 5.274941446299404, -5.267088483479759]",0.00465200799953891,2,raw_bernoulli_vem,initial,0.22717634799482767,0,0.5,0.39681974428230965,9,606,-22431.65317170444,96.0,True,0.0,,,,,,,,,,,,,,,,,0.0,
k4_hierarchical,1200,4,6.0,0,6.033333333333333,0.03166666666666667,0.005,"[7.704460138772176, -5.315905286508983, 5.274941446299404, -5.267088483479759]",0.00465200799953891,2,edge_only_oracle,reference,0.0,0,0.27249999999999996,0.45536019623311486,278,315,,,,,,,,,,,,,,,,,,,,,,
k4_hierarchical,1200,4,6.0,1,5.891666666666667,0.034166666666666665,0.005,"[7.469057682585557, -5.351788453191363, 5.209363160098856, -5.183208103120236]",0.004697636999480892,2,km_classic_U,initial,0.01051072100381134,0,0.6525000000000001,0.0839902955386922,94,884,-2350.661929156652,26.0,True,2.0,,,,,,,,,,,,,,,,,,
k4_hierarchical,1200,4,6.0,1,5.891666666666667,0.034166666666666665,0.005,"[7.469057682585557, -5.351788453191363, 5.209363160098856, -5.183208103120236]",0.004697636999480892,2,km_classic_U,decoded,0.01089683199825231,0,0.6416666666666666,0.057798226989735926,150,493,,,,,0.0,4.0473124014729045,0.125,0.35083333333333333,,,,,,,,,,,,,,
k4_hierarchical,1200,4,6.0,1,5.891666666666667,0.034166666666666665,0.005,"[7.469057682585557, -5.351788453191363, 5.209363160098856, -5.183208103120236]",0.004697636999480892,2,km_ASE,initial,0.00959113799763145,0,0.6475,0.08773145114673936,75,876,-12886.79721364981,14.0,True,2.0,,,,,,,,,,,,,,,,,,
k4_hierarchical,1200,4,6.0,1,5.891666666666667,0.034166666666666665,0.005,"[7.469057682585557, -5.351788453191363, 5.209363160098856, -5.183208103120236]",0.004697636999480892,2,km_ASE,decoded,0.009972351996111684,0,0.6391666666666667,0.13025496534825023,135,732,,,,,0.0,4.514884554644117,0.0,0.363125,,,,,,,,,,,,,,
k4_hierarchical,1200,4,6.0,1,5.891666666666667,0.034166666666666665,0.005,"[7.469057682585557, -5.351788453191363, 5.209363160098856, -5.183208103120236]",0.004697636999480892,2,km_RRE,initial,0.009637127004680224,0,0.6466666666666667,0.10001395434522943,92,864,-70392.4242065786,20.0,True,2.0,,,,,,,,,,,,,,,,,,
k4_hierarchical,1200,4,6.0,1,5.891666666666667,0.034166666666666665,0.005,"[7.469057682585557, -5.351788453191363, 5.209363160098856, -5.183208103120236]",0.004697636999480892,2,km_RRE,decoded,0.009993603001930751,0,0.6225,0.09382362024034017,148,590,,,,,0.0,4.4746665940535415,0.0625,0.3595833333333333,,,,,,,,,,,,,,
k4_hierarchical,1200,4,6.0,1,5.891666666666667,0.034166666666666665,0.005,"[7.469057682585557, -5.351788453191363, 5.209363160098856, -5.183208103120236]",0.004697636999480892,2,km_spec,initial,0.010110949995578267,0,0.6433333333333333,0.10604291756664155,91,851,-2685.7351921628488,26.0,True,2.0,,,,,,,,,,,,,,,,,,
k4_hierarchical,1200,4,6.0,1,5.891666666666667,0.034166666666666665,0.005,"[7.469057682585557, -5.351788453191363, 5.209363160098856, -5.183208103120236]",0.004697636999480892,2,km_spec,decoded,0.01049157199304318,0,0.6375,0.13905552599874982,146,730,,,,,0.0,4.690010108165645,0.0,0.36375,,,,,,,,,,,,,,
k4_hierarchical,1200,4,6.0,1,5.891666666666667,0.034166666666666665,0.005,"[7.469057682585557, -5.351788453191363, 5.209363160098856, -5.183208103120236]",0.004697636999480892,2,gmm_tied_spec,initial,0.19754549400386168,0,0.7016666666666667,0.01990685728944371,36,1049,-6160.237186126342,64.0,True,4.0,,,,,0.0,,,,,,,,,,,,,
k4_hierarchical,1200,4,6.0,1,5.891666666666667,0.034166666666666665,0.005,"[7.469057682585557, -5.351788453191363, 5.209363160098856, -5.183208103120236]",0.004697636999480892,2,gmm_tied_spec,decoded,0.19795374800014542,0,0.635,0.05626000336845015,76,720,,,,,0.0,6.315467080374327,0.0625,0.37625,,,,,,,,,,,,,,
k4_hierarchical,1200,4,6.0,1,5.891666666666667,0.034166666666666665,0.005,"[7.469057682585557, -5.351788453191363, 5.209363160098856, -5.183208103120236]",0.004697636999480892,2,gmm_full_spec,initial,0.37240939999901457,0,0.5308333333333333,0.1882110486544691,191,393,-4662.884870504906,102.0,True,1.0,,,,,0.0,,,,,,,,,,,,,
k4_hierarchical,1200,4,6.0,1,5.891666666666667,0.034166666666666665,0.005,"[7.469057682585557, -5.351788453191363, 5.209363160098856, -5.183208103120236]",0.004697636999480892,2,gmm_full_spec,decoded,0.37282846000016434,0,0.7383333333333333,-0.0007476131724560073,8,614,,,,,0.0,1374.5935577418263,0.0,0.49854166666666666,,,,,,,,,,,,,,
k4_hierarchical,1200,4,6.0,1,5.891666666666667,0.034166666666666665,0.005,"[7.469057682585557, -5.351788453191363, 5.209363160098856, -5.183208103120236]",0.004697636999480892,2,km_spec_degree,initial,0.010691363000660203,0,0.6191666666666666,0.0847961603595767,94,662,-3271.9732479744484,17.0,True,3.0,,,,,,,,,,,,,,,,,,
k4_hierarchical,1200,4,6.0,1,5.891666666666667,0.034166666666666665,0.005,"[7.469057682585557, -5.351788453191363, 5.209363160098856, -5.183208103120236]",0.004697636999480892,2,km_spec_degree,decoded,0.011045496001315769,0,0.625,0.05348307241522619,114,555,,,,,0.0,67.67262000717969,0.0,0.48270833333333335,,,,,,,,,,,,,,
k4_hierarchical,1200,4,6.0,1,5.891666666666667,0.034166666666666665,0.005,"[7.469057682585557, -5.351788453191363, 5.209363160098856, -5.183208103120236]",0.004697636999480892,2,gmm_full_spec_degree,initial,0.42519607699796325,0,0.5166666666666666,0.2000660343870737,192,398,-5261.266184983986,117.0,True,3.0,,,,,0.0,,,,,,,,,,,,,
k4_hierarchical,1200,4,6.0,1,5.891666666666667,0.034166666666666665,0.005,"[7.469057682585557, -5.351788453191363, 5.209363160098856, -5.183208103120236]",0.004697636999480892,2,gmm_full_spec_degree,decoded,0.4256083879954531,0,0.7216666666666667,0.002324081287004243,45,586,,,,,0.0,250.73345998826397,0.0,0.48770833333333335,,,,,,,,,,,,,,
k4_hierarchical,1200,4,6.0,1,5.891666666666667,0.034166666666666665,0.005,"[7.469057682585557, -5.351788453191363, 5.209363160098856, -5.183208103120236]",0.004697636999480892,2,km_neighbor_degree,initial,0.010671162999642547,0,0.5783333333333334,0.16395524750408816,183,506,-3686.436014583829,31.0,True,5.0,,,,,,,,,,,,,,,,,,
k4_hierarchical,1200,4,6.0,1,5.891666666666667,0.034166666666666665,0.005,"[7.469057682585557, -5.351788453191363, 5.209363160098856, -5.183208103120236]",0.004697636999480892,2,km_neighbor_degree,decoded,0.01102658799936762,0,0.6166666666666667,0.13581631136224442,217,476,,,,,0.0,12.233614684122461,0.0,0.43833333333333335,,,,,,,,,,,,,,
k4_hierarchical,1200,4,6.0,1,5.891666666666667,0.034166666666666665,0.005,"[7.469057682585557, -5.351788453191363, 5.209363160098856, -5.183208103120236]",0.004697636999480892,2,gmm_full_neighbor_degree,initial,0.4504071199989994,0,0.5241666666666667,0.17853407483895056,174,515,-7440.536568653863,104.0,True,1.0,,,,,0.0,,,,,,,,,,,,,
k4_hierarchical,1200,4,6.0,1,5.891666666666667,0.034166666666666665,0.005,"[7.469057682585557, -5.351788453191363, 5.209363160098856, -5.183208103120236]",0.004697636999480892,2,gmm_full_neighbor_degree,decoded,0.450809856003616,0,0.725,0.0013148429472764611,9,550,,,,,0.0,206.1329923824406,0.0,0.4870833333333333,,,,,,,,,,,,,,
k4_hierarchical,1200,4,6.0,1,5.891666666666667,0.034166666666666665,0.005,"[7.469057682585557, -5.351788453191363, 5.209363160098856, -5.183208103120236]",0.004697636999480892,2,poisson_gaussian,initial,0.22433654599444708,0,0.56,0.17559323833771392,195,376,-8716.218868693748,32.0,True,,,,,,,-7.263515723911457,converged,random_data,2208145215.0,0.0,4.0,0.0,5.0,6.0,7920.0,0.02,,
k4_hierarchical,1200,4,6.0,1,5.891666666666667,0.034166666666666665,0.005,"[7.469057682585557, -5.351788453191363, 5.209363160098856, -5.183208103120236]",0.004697636999480892,2,poisson_gaussian,decoded,0.22467863999918336,0,0.7216666666666667,0.001619890196949258,22,615,,,,,0.0,100.96653962296334,0.0,0.488125,,,,,,,,,,,,,,
k4_hierarchical,1200,4,6.0,1,5.891666666666667,0.034166666666666665,0.005,"[7.469057682585557, -5.351788453191363, 5.209363160098856, -5.183208103120236]",0.004697636999480892,2,spectral_bernoulli_surrogate,initial,0.18815961600193987,0,0.6133333333333333,0.08611055694871603,114,624,-21014.09807602921,59.0,True,5.0,,,,,,,,,,,,,,,,,0.0,
k4_hierarchical,1200,4,6.0,1,5.891666666666667,0.034166666666666665,0.005,"[7.469057682585557, -5.351788453191363, 5.209363160098856, -5.183208103120236]",0.004697636999480892,2,spectral_bernoulli_surrogate,decoded,0.18851748399902135,0,0.6866666666666666,0.022090148886253526,20,511,,,,,0.0,35.77530832435602,0.125,0.46125,,,,,,,,,,,,,,
k4_hierarchical,1200,4,6.0,1,5.891666666666667,0.034166666666666665,0.005,"[7.469057682585557, -5.351788453191363, 5.209363160098856, -5.183208103120236]",0.004697636999480892,2,raw_bernoulli_vem,initial,0.13777630499680527,0,0.5133333333333333,0.3913140688280986,0,628,-22060.928336116092,73.0,True,1.0,,,,,,,,,,,,,,,,,0.0,
k4_hierarchical,1200,4,6.0,1,5.891666666666667,0.034166666666666665,0.005,"[7.469057682585557, -5.351788453191363, 5.209363160098856, -5.183208103120236]",0.004697636999480892,2,edge_only_oracle,reference,0.0,0,0.2908333333333334,0.4218357057189095,274,322,,,,,,,,,,,,,,,,,,,,,,
k4_hierarchical,1200,4,6.0,2,6.185,0.030833333333333334,0.004166666666666667,"[7.977529789039211, -5.520540552227373, 5.437365892380856, -5.409807552929295]",0.003961840004194528,2,km_classic_U,initial,0.010258722002618015,0,0.6541666666666667,0.09533448495605698,104,839,-2495.1638392184786,20.0,True,5.0,,,,,,,,,,,,,,,,,,
k4_hierarchical,1200,4,6.0,2,6.185,0.030833333333333334,0.004166666666666667,"[7.977529789039211, -5.520540552227373, 5.437365892380856, -5.409807552929295]",0.003961840004194528,2,km_classic_U,decoded,0.010654157005774323,0,0.7216666666666667,0.002289213810504842,10,684,,,,,0.0,229.77105210586717,0.0,0.47604166666666664,,,,,,,,,,,,,,
k4_hierarchical,1200,4,6.0,2,6.185,0.030833333333333334,0.004166666666666667,"[7.977529789039211, -5.520540552227373, 5.437365892380856, -5.409807552929295]",0.003961840004194528,2,km_ASE,initial,0.009044415004609618,0,0.65,0.09694643252209284,104,852,-14130.426197377019,13.0,True,3.0,,,,,,,,,,,,,,,,,,
k4_hierarchical,1200,4,6.0,2,6.185,0.030833333333333334,0.004166666666666667,"[7.977529789039211, -5.520540552227373, 5.437365892380856, -5.409807552929295]",0.003961840004194528,2,km_ASE,decoded,0.009391066007083282,0,0.6691666666666667,0.057161271482148494,85,673,,,,,0.0,35.255197695154514,0.0,0.45375,,,,,,,,,,,,,,
k4_hierarchical,1200,4,6.0,2,6.185,0.030833333333333334,0.004166666666666667,"[7.977529789039211, -5.520540552227373, 5.437365892380856, -5.409807552929295]",0.003961840004194528,2,km_RRE,initial,0.00966043199878186,0,0.6441666666666667,0.11323072713078118,103,828,-80443.41955021273,21.0,True,3.0,,,,,,,,,,,,,,,,,,
k4_hierarchical,1200,4,6.0,2,6.185,0.030833333333333334,0.004166666666666667,"[7.977529789039211, -5.520540552227373, 5.437365892380856, -5.409807552929295]",0.003961840004194528,2,km_RRE,decoded,0.0099734429968521,0,0.7125,0.006732217277960866,10,624,,,,,0.0,272.59968993109845,0.0,0.5004166666666666,,,,,,,,,,,,,,
k4_hierarchical,1200,4,6.0,2,6.185,0.030833333333333334,0.004166666666666667,"[7.977529789039211, -5.520540552227373, 5.437365892380856, -5.409807552929295]",0.003961840004194528,2,km_spec,initial,0.009536265002680011,0,0.6333333333333333,0.1311968361420745,98,808,-2716.185468168142,12.0,True,2.0,,,,,,,,,,,,,,,,,,
k4_hierarchical,1200,4,6.0,2,6.185,0.030833333333333334,0.004166666666666667,"[7.977529789039211, -5.520540552227373, 5.437365892380856, -5.409807552929295]",0.003961840004194528,2,km_spec,decoded,0.009852922004938591,0,0.6666666666666667,0.047562028243646734,66,674,,,,,0.0,58.27715527470821,0.0,0.460625,,,,,,,,,,,,,,
k4_hierarchical,1200,4,6.0,2,6.185,0.030833333333333334,0.004166666666666667,"[7.977529789039211, -5.520540552227373, 5.437365892380856, -5.409807552929295]",0.003961840004194528,2,gmm_tied_spec,initial,0.21341434599889908,0,0.69,0.0337733700409976,54,999,-6162.149010639572,39.0,True,0.0,,,,,0.0,,,,,,,,,,,,,
k4_hierarchical,1200,4,6.0,2,6.185,0.030833333333333334,0.004166666666666667,"[7.977529789039211, -5.520540552227373, 5.437365892380856, -5.409807552929295]",0.003961840004194528,2,gmm_tied_spec,decoded,0.2138529660005588,0,0.6699999999999999,0.03639191862789632,16,759,,,,,0.0,55.21672016059344,0.0,0.45979166666666665,,,,,,,,,,,,,,
k4_hierarchical,1200,4,6.0,2,6.185,0.030833333333333334,0.004166666666666667,"[7.977529789039211, -5.520540552227373, 5.437365892380856, -5.409807552929295]",0.003961840004194528,2,gmm_full_spec,initial,0.3811279259971343,0,0.5016666666666667,0.20313911945781943,197,394,-4267.963983345864,67.0,True,3.0,,,,,0.0,,,,,,,,,,,,,
k4_hierarchical,1200,4,6.0,2,6.185,0.030833333333333334,0.004166666666666667,"[7.977529789039211, -5.520540552227373, 5.437365892380856, -5.409807552929295]",0.003961840004194528,2,gmm_full_spec,decoded,0.381574606995855,0,0.6708333333333334,0.032450382539653856,152,445,,,,,0.0,168.5067923746308,0.0,0.48520833333333335,,,,,,,,,,,,,,
k4_hierarchical,1200,4,6.0,2,6.185,0.030833333333333334,0.004166666666666667,"[7.977529789039211, -5.520540552227373, 5.437365892380856, -5.409807552929295]",0.003961840004194528,2,km_spec_degree,initial,0.010564321004494559,0,0.6258333333333334,0.13337134947954127,95,764,-3268.867616159527,14.0,True,3.0,,,,,,,,,,,,,,,,,,
k4_hierarchical,1200,4,6.0,2,6.185,0.030833333333333334,0.004166666666666667,"[7.977529789039211, -5.520540552227373, 5.437365892380856, -5.409807552929295]",0.003961840004194528,2,km_spec_degree,decoded,0.01089836400205968,0,0.675,0.030918190382589656,42,646,,,,,0.0,80.60534206575407,0.0,0.4714583333333333,,,,,,,,,,,,,,
k4_hierarchical,1200,4,6.0,2,6.185,0.030833333333333334,0.004166666666666667,"[7.977529789039211, -5.520540552227373, 5.437365892380856, -5.409807552929295]",0.003961840004194528,2,gmm_full_spec_degree,initial,0.47656384800211526,0,0.49416666666666664,0.21353801249621787,204,395,-4992.821712144392,107.0,True,1.0,,,,,0.0,,,,,,,,,,,,,
k4_hierarchical,1200,4,6.0,2,6.185,0.030833333333333334,0.004166666666666667,"[7.977529789039211, -5.520540552227373, 5.437365892380856, -5.409807552929295]",0.003961840004194528,2,gmm_full_spec_degree,decoded,0.4769938550016377,0,0.6691666666666667,0.026281108807594024,137,430,,,,,0.0,212.10181424602598,0.0,0.49166666666666664,,,,,,,,,,,,,,
k4_hierarchical,1200,4,6.0,2,6.185,0.030833333333333334,0.004166666666666667,"[7.977529789039211, -5.520540552227373, 5.437365892380856, -5.409807552929295]",0.003961840004194528,2,km_neighbor_degree,initial,0.011918750002223533,0,0.6066666666666667,0.23453410318582332,151,570,-3558.137464006722,12.0,True,5.0,,,,,,,,,,,,,,,,,,
k4_hierarchical,1200,4,6.0,2,6.185,0.030833333333333334,0.004166666666666667,"[7.977529789039211, -5.520540552227373, 5.437365892380856, -5.409807552929295]",0.003961840004194528,2,km_neighbor_degree,decoded,0.01226281700655818,0,0.6516666666666666,0.05159371387314062,242,383,,,,,0.0,68.50099172683703,0.0,0.47541666666666665,,,,,,,,,,,,,,
k4_hierarchical,1200,4,6.0,2,6.185,0.030833333333333334,0.004166666666666667,"[7.977529789039211, -5.520540552227373, 5.437365892380856, -5.409807552929295]",0.003961840004194528,2,gmm_full_neighbor_degree,initial,0.5032800019980641,0,0.5308333333333333,0.2047658934081335,142,465,-7179.66934687716,150.0,False,0.0,,,,,0.0,,,,,,,,,,,,,
k4_hierarchical,1200,4,6.0,2,6.185,0.030833333333333334,0.004166666666666667,"[7.977529789039211, -5.520540552227373, 5.437365892380856, -5.409807552929295]",0.003961840004194528,2,gmm_full_neighbor_degree,decoded,0.503824450999673,0,0.635,0.05089086761576188,226,428,,,,,0.0,36.11726565850706,0.0,0.46875,,,,,,,,,,,,,,
k4_hierarchical,1200,4,6.0,2,6.185,0.030833333333333334,0.004166666666666667,"[7.977529789039211, -5.520540552227373, 5.437365892380856, -5.409807552929295]",0.003961840004194528,2,poisson_gaussian,initial,0.3907036899981904,0,0.49583333333333335,0.1998835266476188,158,487,-8506.044486685068,108.0,True,,,,,,,-7.08837040557089,converged,random_data,1120802142.0,0.0,4.0,0.0,3.0,6.0,7921.0,0.02,,
k4_hierarchical,1200,4,6.0,2,6.185,0.030833333333333334,0.004166666666666667,"[7.977529789039211, -5.520540552227373, 5.437365892380856, -5.409807552929295]",0.003961840004194528,2,poisson_gaussian,decoded,0.3910341469963896,0,0.6866666666666666,0.016829110729150065,109,476,,,,,0.0,139.84727802061866,0.0,0.48791666666666667,,,,,,,,,,,,,,
k4_hierarchical,1200,4,6.0,2,6.185,0.030833333333333334,0.004166666666666667,"[7.977529789039211, -5.520540552227373, 5.437365892380856, -5.409807552929295]",0.003961840004194528,2,spectral_bernoulli_surrogate,initial,0.28794341500179144,0,0.6341666666666667,0.1243355355694981,123,571,-22312.6198983297,121.0,True,4.0,,,,,,,,,,,,,,,,,0.0,
k4_hierarchical,1200,4,6.0,2,6.185,0.030833333333333334,0.004166666666666667,"[7.977529789039211, -5.520540552227373, 5.437365892380856, -5.409807552929295]",0.003961840004194528,2,spectral_bernoulli_surrogate,decoded,0.2883811439969577,0,0.6591666666666667,0.04148782815612815,189,353,,,,,0.0,30.27645986963888,0.125,0.4820833333333333,,,,,,,,,,,,,,
k4_hierarchical,1200,4,6.0,2,6.185,0.030833333333333334,0.004166666666666667,"[7.977529789039211, -5.520540552227373, 5.437365892380856, -5.409807552929295]",0.003961840004194528,2,raw_bernoulli_vem,initial,0.10796187599771656,0,0.4733333333333334,0.37080107392979844,0,608,-22905.468660392267,22.0,True,4.0,,,,,,,,,,,,,,,,,0.0,
k4_hierarchical,1200,4,6.0,2,6.185,0.030833333333333334,0.004166666666666667,"[7.977529789039211, -5.520540552227373, 5.437365892380856, -5.409807552929295]",0.003961840004194528,2,edge_only_oracle,reference,0.0,0,0.28500000000000003,0.42948019401020615,280,311,,,,,,,,,,,,,,,,,,,,,,
k4_hierarchical,1200,4,96.0,0,95.66166666666666,0.0,0.0,"[108.13724670691543, 58.09407140491821, 27.214912541116895, -19.27699282955027]",0.01431367099576164,1,km_classic_U,initial,0.009104666001803707,0,0.39083333333333337,0.5963065918756048,149,600,-1029.9441775385249,8.0,True,2.0,,,,,,,,,,,,,,,,,,
k4_hierarchical,1200,4,96.0,0,95.66166666666666,0.0,0.0,"[108.13724670691543, 58.09407140491821, 27.214912541116895, -19.27699282955027]",0.01431367099576164,1,km_classic_U,decoded,0.009444616996916011,0,0.375,0.6289074589910244,150,600,,,,,0.0,1.924917078388465,0.0,0.048125,,,,,,,,,,,,,,
k4_hierarchical,1200,4,96.0,0,95.66166666666666,0.0,0.0,"[108.13724670691543, 58.09407140491821, 27.214912541116895, -19.27699282955027]",0.01431367099576164,1,km_ASE,initial,0.008195768998120911,0,0.37250000000000005,0.6188278867859742,142,600,-24834.06200242824,9.0,True,1.0,,,,,,,,,,,,,,,,,,
k4_hierarchical,1200,4,96.0,0,95.66166666666666,0.0,0.0,"[108.13724670691543, 58.09407140491821, 27.214912541116895, -19.27699282955027]",0.01431367099576164,1,km_ASE,decoded,0.008526715995685663,0,0.3716666666666667,0.6262337818688339,144,600,,,,,0.0,1.9816124266966306,0.0,0.05291666666666667,,,,,,,,,,,,,,
k4_hierarchical,1200,4,96.0,0,95.66166666666666,0.0,0.0,"[108.13724670691543, 58.09407140491821, 27.214912541116895, -19.27699282955027]",0.01431367099576164,1,km_RRE,initial,0.008148448003339581,0,0.37083333333333335,0.6249254389374823,142,600,-756882.082737988,7.0,True,2.0,,,,,,,,,,,,,,,,,,
k4_hierarchical,1200,4,96.0,0,95.66166666666666,0.0,0.0,"[108.13724670691543, 58.09407140491821, 27.214912541116895, -19.27699282955027]",0.01431367099576164,1,km_RRE,decoded,0.008515889996488113,0,0.3716666666666667,0.6262337818688339,144,600,,,,,0.0,1.9962019825820874,0.0,0.05395833333333333,,,,,,,,,,,,,,
k4_hierarchical,1200,4,96.0,0,95.66166666666666,0.0,0.0,"[108.13724670691543, 58.09407140491821, 27.214912541116895, -19.27699282955027]",0.01431367099576164,1,km_spec,initial,0.00831024099898059,0,0.38083333333333336,0.6094181370954362,146,600,-1089.9919447349876,8.0,True,2.0,,,,,,,,,,,,,,,,,,
k4_hierarchical,1200,4,96.0,0,95.66166666666666,0.0,0.0,"[108.13724670691543, 58.09407140491821, 27.214912541116895, -19.27699282955027]",0.01431367099576164,1,km_spec,decoded,0.008680257000378333,0,0.37083333333333335,0.626276840284294,143,600,,,,,0.0,1.9531687070515742,0.0,0.049791666666666665,,,,,,,,,,,,,,
k4_hierarchical,1200,4,96.0,0,95.66166666666666,0.0,0.0,"[108.13724670691543, 58.09407140491821, 27.214912541116895, -19.27699282955027]",0.01431367099576164,1,gmm_tied_spec,initial,0.16674730499653379,0,0.050833333333333286,0.8771660558832551,277,323,-3104.497389123846,12.0,True,1.0,,,,,0.0,,,,,,,,,,,,,
k4_hierarchical,1200,4,96.0,0,95.66166666666666,0.0,0.0,"[108.13724670691543, 58.09407140491821, 27.214912541116895, -19.27699282955027]",0.01431367099576164,1,gmm_tied_spec,decoded,0.16709892400103854,0,0.6483333333333333,0.05064457543339232,95,561,,,,,0.0,267.1990104962049,0.0,0.47,,,,,,,,,,,,,,
k4_hierarchical,1200,4,96.0,0,95.66166666666666,0.0,0.0,"[108.13724670691543, 58.09407140491821, 27.214912541116895, -19.27699282955027]",0.01431367099576164,1,gmm_full_spec,initial,0.24999054799991427,0,0.275,0.6820087893794727,30,600,-2223.254227860022,30.0,True,1.0,,,,,0.0,,,,,,,,,,,,,
k4_hierarchical,1200,4,96.0,0,95.66166666666666,0.0,0.0,"[108.13724670691543, 58.09407140491821, 27.214912541116895, -19.27699282955027]",0.01431367099576164,1,gmm_full_spec,decoded,0.25036909699701937,0,0.2783333333333333,0.6794336524359652,33,600,,,,,0.0,16.678732798326834,0.0,0.2970833333333333,,,,,,,,,,,,,,
k4_hierarchical,1200,4,96.0,0,95.66166666666666,0.0,0.0,"[108.13724670691543, 58.09407140491821, 27.214912541116895, -19.27699282955027]",0.01431367099576164,1,km_spec_degree,initial,0.009245458000805229,0,0.36750000000000005,0.6237483323496883,138,600,-1326.5357656635717,7.0,True,1.0,,,,,,,,,,,,,,,,,,
k4_hierarchical,1200,4,96.0,0,95.66166666666666,0.0,0.0,"[108.13724670691543, 58.09407140491821, 27.214912541116895, -19.27699282955027]",0.01431367099576164,1,km_spec_degree,decoded,0.00958145299955504,0,0.37083333333333335,0.626276840284294,143,600,,,,,0.0,1.9949526833900382,0.0,0.05479166666666667,,,,,,,,,,,,,,
k4_hierarchical,1200,4,96.0,0,95.66166666666666,0.0,0.0,"[108.13724670691543, 58.09407140491821, 27.214912541116895, -19.27699282955027]",0.01431367099576164,1,gmm_full_spec_degree,initial,0.29846168200310785,0,0.27083333333333337,0.6878258554330094,25,600,-1585.8922852725805,30.0,True,5.0,,,,,0.0,,,,,,,,,,,,,
k4_hierarchical,1200,4,96.0,0,95.66166666666666,0.0,0.0,"[108.13724670691543, 58.09407140491821, 27.214912541116895, -19.27699282955027]",0.01431367099576164,1,gmm_full_spec_degree,decoded,0.29880874400259927,0,0.26,0.698572667539251,9,600,,,,,0.0,20.917627371195536,0.0,0.24125,,,,,,,,,,,,,,
k4_hierarchical,1200,4,96.0,0,95.66166666666666,0.0,0.0,"[108.13724670691543, 58.09407140491821, 27.214912541116895, -19.27699282955027]",0.01431367099576164,1,km_neighbor_degree,initial,0.008415118994889781,0,0.025833333333333375,0.934079350709143,295,305,-1999.0352664135748,5.0,True,1.0,,,,,,,,,,,,,,,,,,
k4_hierarchical,1200,4,96.0,0,95.66166666666666,0.0,0.0,"[108.13724670691543, 58.09407140491821, 27.214912541116895, -19.27699282955027]",0.01431367099576164,1,km_neighbor_degree,decoded,0.008781018994341139,0,0.5058333333333334,0.1620050561632572,161,507,,,,,0.0,119.8557281437786,0.0,0.425625,,,,,,,,,,,,,,
k4_hierarchical,1200,4,96.0,0,95.66166666666666,0.0,0.0,"[108.13724670691543, 58.09407140491821, 27.214912541116895, -19.27699282955027]",0.01431367099576164,1,gmm_full_neighbor_degree,initial,0.0981827540017548,0,0.019166666666666665,0.9504141657813785,297,303,-4318.217003465621,10.0,True,5.0,,,,,0.0,,,,,,,,,,,,,
k4_hierarchical,1200,4,96.0,0,95.66166666666666,0.0,0.0,"[108.13724670691543, 58.09407140491821, 27.214912541116895, -19.27699282955027]",0.01431367099576164,1,gmm_full_neighbor_degree,decoded,0.09859695699560689,0,0.4591666666666666,0.20645243532639257,191,511,,,,,0.0,135.5978584383111,0.0,0.439375,,,,,,,,,,,,,,
k4_hierarchical,1200,4,96.0,0,95.66166666666666,0.0,0.0,"[108.13724670691543, 58.09407140491821, 27.214912541116895, -19.27699282955027]",0.01431367099576164,1,poisson_gaussian,initial,0.17208943700097734,0,0.01666666666666672,0.9566635479504324,296,304,-8136.343236800982,17.0,True,,,,,,,-6.780286030667485,converged,weighted_kmeans++_seeding,1089408280.0,0.0,4.0,0.0,4.0,6.0,7919.0,0.02,,
k4_hierarchical,1200,4,96.0,0,95.66166666666666,0.0,0.0,"[108.13724670691543, 58.09407140491821, 27.214912541116895, -19.27699282955027]",0.01431367099576164,1,poisson_gaussian,decoded,0.17245230299886316,0,0.5758333333333333,0.11922329521666346,141,539,,,,,0.0,187.62123160453524,0.0,0.456875,,,,,,,,,,,,,,
k4_hierarchical,1200,4,96.0,0,95.66166666666666,0.0,0.0,"[108.13724670691543, 58.09407140491821, 27.214912541116895, -19.27699282955027]",0.01431367099576164,1,spectral_bernoulli_surrogate,initial,0.07938388599723112,0,0.050833333333333286,0.8770563332237639,293,307,-182250.97901467548,21.0,True,3.0,,,,,,,,,,,,,,,,,0.0,
k4_hierarchical,1200,4,96.0,0,95.66166666666666,0.0,0.0,"[108.13724670691543, 58.09407140491821, 27.214912541116895, -19.27699282955027]",0.01431367099576164,1,spectral_bernoulli_surrogate,decoded,0.07973513400065713,0,0.74,-0.0008687508213323274,0,602,,,,,0.0,18322.95176714478,0.0,0.5008333333333334,,,,,,,,,,,,,,
k4_hierarchical,1200,4,96.0,0,95.66166666666666,0.0,0.0,"[108.13724670691543, 58.09407140491821, 27.214912541116895, -19.27699282955027]",0.01431367099576164,1,raw_bernoulli_vem,initial,0.12147354800254107,0,0.005833333333333357,0.9845873908800262,299,301,-181643.55282184147,7.0,True,1.0,,,,,,,,,,,,,,,,,0.0,
k4_hierarchical,1200,4,96.0,0,95.66166666666666,0.0,0.0,"[108.13724670691543, 58.09407140491821, 27.214912541116895, -19.27699282955027]",0.01431367099576164,1,edge_only_oracle,reference,0.0,0,0.004166666666666652,0.9889538636155332,299,301,,,,,,,,,,,,,,,,,,,,,,
k4_hierarchical,1200,4,96.0,1,95.38166666666666,0.0,0.0,"[108.80070323928187, 57.663603235761, 27.84194536023522, -19.38625893472651]",0.010405272005300503,1,km_classic_U,initial,0.00909437100199284,0,0.3766666666666667,0.6127275648703393,147,600,-988.7706938045634,9.0,True,0.0,,,,,,,,,,,,,,,,,,
k4_hierarchical,1200,4,96.0,1,95.38166666666666,0.0,0.0,"[108.80070323928187, 57.663603235761, 27.84194536023522, -19.38625893472651]",0.010405272005300503,1,km_classic_U,decoded,0.009456636005779728,0,0.3683333333333333,0.6234840197217286,139,600,,,,,0.0,1.9627979291014965,0.0,0.04583333333333333,,,,,,,,,,,,,,
k4_hierarchical,1200,4,96.0,1,95.38166666666666,0.0,0.0,"[108.80070323928187, 57.663603235761, 27.84194536023522, -19.38625893472651]",0.010405272005300503,1,km_ASE,initial,0.007878721997258253,0,0.36916666666666664,0.6262553504981558,142,600,-24607.92912918512,10.0,True,0.0,,,,,,,,,,,,,,,,,,
k4_hierarchical,1200,4,96.0,1,95.38166666666666,0.0,0.0,"[108.80070323928187, 57.663603235761, 27.84194536023522, -19.38625893472651]",0.010405272005300503,1,km_ASE,decoded,0.008250550992670469,0,0.37,0.623327195044721,141,600,,,,,0.0,1.9916659710633906,0.0,0.0475,,,,,,,,,,,,,,
k4_hierarchical,1200,4,96.0,1,95.38166666666666,0.0,0.0,"[108.80070323928187, 57.663603235761, 27.84194536023522, -19.38625893472651]",0.010405272005300503,1,km_RRE,initial,0.007682566996663809,0,0.36916666666666664,0.6263864364603164,141,600,-784861.3648455832,4.0,True,0.0,,,,,,,,,,,,,,,,,,
k4_hierarchical,1200,4,96.0,1,95.38166666666666,0.0,0.0,"[108.80070323928187, 57.663603235761, 27.84194536023522, -19.38625893472651]",0.010405272005300503,1,km_RRE,decoded,0.008007716001884546,0,0.37,0.623327195044721,141,600,,,,,0.0,1.9986802676746849,0.0,0.04791666666666667,,,,,,,,,,,,,,
k4_hierarchical,1200,4,96.0,1,95.38166666666666,0.0,0.0,"[108.80070323928187, 57.663603235761, 27.84194536023522, -19.38625893472651]",0.010405272005300503,1,km_spec,initial,0.008094347002042923,0,0.375,0.6156083128874452,146,600,-1047.5890023277498,13.0,True,1.0,,,,,,,,,,,,,,,,,,
k4_hierarchical,1200,4,96.0,1,95.38166666666666,0.0,0.0,"[108.80070323928187, 57.663603235761, 27.84194536023522, -19.38625893472651]",0.010405272005300503,1,km_spec,decoded,0.008426226006122306,0,0.36916666666666664,0.623401689352371,140,600,,,,,0.0,1.9660142728371275,0.0,0.045625,,,,,,,,,,,,,,
k4_hierarchical,1200,4,96.0,1,95.38166666666666,0.0,0.0,"[108.80070323928187, 57.663603235761, 27.84194536023522, -19.38625893472651]",0.010405272005300503,1,gmm_tied_spec,initial,0.07701235900458414,0,0.04249999999999998,0.8951479271369804,270,330,-3209.2525373836706,9.0,True,5.0,,,,,0.0,,,,,,,,,,,,,
k4_hierarchical,1200,4,96.0,1,95.38166666666666,0.0,0.0,"[108.80070323928187, 57.663603235761, 27.84194536023522, -19.38625893472651]",0.010405272005300503,1,gmm_tied_spec,decoded,0.07741356300539337,0,0.45499999999999996,0.20228550469249193,180,516,,,,,0.0,131.28273293110658,0.0,0.433125,,,,,,,,,,,,,,
k4_hierarchical,1200,4,96.0,1,95.38166666666666,0.0,0.0,"[108.80070323928187, 57.663603235761, 27.84194536023522, -19.38625893472651]",0.010405272005300503,1,gmm_full_spec,initial,0.08304474300530273,0,0.3516666666666667,0.6278659159633786,119,600,-2358.005509331067,13.0,True,4.0,,,,,0.0,,,,,,,,,,,,,
k4_hierarchical,1200,4,96.0,1,95.38166666666666,0.0,0.0,"[108.80070323928187, 57.663603235761, 27.84194536023522, -19.38625893472651]",0.010405272005300503,1,gmm_full_spec,decoded,0.08345759400253883,0,0.37,0.623327195044721,141,600,,,,,0.0,2.009057283820628,0.0,0.05979166666666667,,,,,,,,,,,,,,
k4_hierarchical,1200,4,96.0,1,95.38166666666666,0.0,0.0,"[108.80070323928187, 57.663603235761, 27.84194536023522, -19.38625893472651]",0.010405272005300503,1,km_spec_degree,initial,0.009078376002435107,0,0.36916666666666664,0.6262553504981558,142,600,-1267.356192592784,12.0,True,0.0,,,,,,,,,,,,,,,,,,
k4_hierarchical,1200,4,96.0,1,95.38166666666666,0.0,0.0,"[108.80070323928187, 57.663603235761, 27.84194536023522, -19.38625893472651]",0.010405272005300503,1,km_spec_degree,decoded,0.009397096000611782,0,0.37,0.623327195044721,141,600,,,,,0.0,1.9916659710633893,0.0,0.0475,,,,,,,,,,,,,,
k4_hierarchical,1200,4,96.0,1,95.38166666666666,0.0,0.0,"[108.80070323928187, 57.663603235761, 27.84194536023522, -19.38625893472651]",0.010405272005300503,1,gmm_full_spec_degree,initial,0.11725464500341332,0,0.054166666666666696,0.8700115616867009,254,346,-1691.4997996953553,30.0,True,1.0,,,,,0.0,,,,,,,,,,,,,
k4_hierarchical,1200,4,96.0,1,95.38166666666666,0.0,0.0,"[108.80070323928187, 57.663603235761, 27.84194536023522, -19.38625893472651]",0.010405272005300503,1,gmm_full_spec_degree,decoded,0.11762539300252683,0,0.49,0.18593698031033107,175,460,,,,,0.0,77.90190499373034,0.0,0.3958333333333333,,,,,,,,,,,,,,
k4_hierarchical,1200,4,96.0,1,95.38166666666666,0.0,0.0,"[108.80070323928187, 57.663603235761, 27.84194536023522, -19.38625893472651]",0.010405272005300503,1,km_neighbor_degree,initial,0.00885637299506925,0,0.03166666666666662,0.9199592394907002,285,315,-1970.971711947505,10.0,True,5.0,,,,,,,,,,,,,,,,,,
k4_hierarchical,1200,4,96.0,1,95.38166666666666,0.0,0.0,"[108.80070323928187, 57.663603235761, 27.84194536023522, -19.38625893472651]",0.010405272005300503,1,km_neighbor_degree,decoded,0.009189543998218141,0,0.4708333333333333,0.18343189401607968,171,532,,,,,0.0,157.5011609988108,0.0,0.4427083333333333,,,,,,,,,,,,,,
k4_hierarchical,1200,4,96.0,1,95.38166666666666,0.0,0.0,"[108.80070323928187, 57.663603235761, 27.84194536023522, -19.38625893472651]",0.010405272005300503,1,gmm_full_neighbor_degree,initial,0.15666762299952097,0,0.019166666666666665,0.9504208093427311,291,309,-4385.084083195361,33.0,True,5.0,,,,,0.0,,,,,,,,,,,,,
k4_hierarchical,1200,4,96.0,1,95.38166666666666,0.0,0.0,"[108.80070323928187, 57.663603235761, 27.84194536023522, -19.38625893472651]",0.010405272005300503,1,gmm_full_neighbor_degree,decoded,0.15702942700590938,0,0.39249999999999996,0.2873442235703992,216,479,,,,,0.0,105.65631403974614,0.0,0.418125,,,,,,,,,,,,,,
k4_hierarchical,1200,4,96.0,1,95.38166666666666,0.0,0.0,"[108.80070323928187, 57.663603235761, 27.84194536023522, -19.38625893472651]",0.010405272005300503,1,poisson_gaussian,initial,0.10878780799976084,0,0.019166666666666665,0.9504141657813785,297,303,-8265.061544274347,16.0,True,,,,,,,-6.887551286895289,converged,weighted_kmeans++_seeding,102713161.0,0.0,4.0,0.0,4.0,6.0,7920.0,0.02,,
k4_hierarchical,1200,4,96.0,1,95.38166666666666,0.0,0.0,"[108.80070323928187, 57.663603235761, 27.84194536023522, -19.38625893472651]",0.010405272005300503,1,poisson_gaussian,decoded,0.10918161000154214,0,0.40249999999999997,0.26821042659087724,209,490,,,,,0.0,108.10520331082226,0.0,0.4197916666666667,,,,,,,,,,,,,,
k4_hierarchical,1200,4,96.0,1,95.38166666666666,0.0,0.0,"[108.80070323928187, 57.663603235761, 27.84194536023522, -19.38625893472651]",0.010405272005300503,1,spectral_bernoulli_surrogate,initial,0.15819044400268467,0,0.04833333333333334,0.8825524081051677,278,322,-181495.68790613225,7.0,True,0.0,,,,,,,,,,,,,,,,,0.0,
k4_hierarchical,1200,4,96.0,1,95.38166666666666,0.0,0.0,"[108.80070323928187, 57.663603235761, 27.84194536023522, -19.38625893472651]",0.010405272005300503,1,spectral_bernoulli_surrogate,decoded,0.15859115700004622,0,0.365,0.3233875470971105,199,436,,,,,0.0,73.02495184665825,0.0,0.39229166666666665,,,,,,,,,,,,,,
k4_hierarchical,1200,4,96.0,1,95.38166666666666,0.0,0.0,"[108.80070323928187, 57.663603235761, 27.84194536023522, -19.38625893472651]",0.010405272005300503,1,raw_bernoulli_vem,initial,0.21601193400420016,0,0.00666666666666671,0.9824153916555136,298,302,-180897.21222518105,11.0,True,5.0,,,,,,,,,,,,,,,,,0.0,
k4_hierarchical,1200,4,96.0,1,95.38166666666666,0.0,0.0,"[108.80070323928187, 57.663603235761, 27.84194536023522, -19.38625893472651]",0.010405272005300503,1,edge_only_oracle,reference,0.0,0,0.005833333333333357,0.9845880792893246,295,305,,,,,,,,,,,,,,,,,,,,,,
k4_hierarchical,1200,4,96.0,2,96.21666666666667,0.0,0.0,"[108.84944850525247, 58.61658841698926, 28.810429750202797, -19.422165719685108]",0.01323180399776902,1,km_classic_U,initial,0.010245782003039494,0,0.38416666666666666,0.6075294189659649,151,600,-1013.3595055851036,14.0,True,1.0,,,,,,,,,,,,,,,,,,
k4_hierarchical,1200,4,96.0,2,96.21666666666667,0.0,0.0,"[108.84944850525247, 58.61658841698926, 28.810429750202797, -19.422165719685108]",0.01323180399776902,1,km_classic_U,decoded,0.010602048008877318,0,0.37250000000000005,0.6289426680397774,147,600,,,,,0.0,1.9380647962581306,0.0,0.0425,,,,,,,,,,,,,,
k4_hierarchical,1200,4,96.0,2,96.21666666666667,0.0,0.0,"[108.84944850525247, 58.61658841698926, 28.810429750202797, -19.422165719685108]",0.01323180399776902,1,km_ASE,initial,0.008319524997205008,0,0.3716666666666667,0.6260533380376992,144,600,-24688.439672221717,11.0,True,0.0,,,,,,,,,,,,,,,,,,
k4_hierarchical,1200,4,96.0,2,96.21666666666667,0.0,0.0,"[108.84944850525247, 58.61658841698926, 28.810429750202797, -19.422165719685108]",0.01323180399776902,1,km_ASE,decoded,0.008665645997098181,0,0.37083333333333335,0.6290052593169745,145,600,,,,,0.0,1.9911505210428526,0.0,0.0475,,,,,,,,,,,,,,
k4_hierarchical,1200,4,96.0,2,96.21666666666667,0.0,0.0,"[108.84944850525247, 58.61658841698926, 28.810429750202797, -19.422165719685108]",0.01323180399776902,1,km_RRE,initial,0.008297961998323444,0,0.37083333333333335,0.6276367826765533,144,600,-756901.3129595405,10.0,True,4.0,,,,,,,,,,,,,,,,,,
k4_hierarchical,1200,4,96.0,2,96.21666666666667,0.0,0.0,"[108.84944850525247, 58.61658841698926, 28.810429750202797, -19.422165719685108]",0.01323180399776902,1,km_RRE,decoded,0.008608719996118452,0,0.3733333333333333,0.6275428644394652,147,600,,,,,0.0,1.9954895881835444,0.0,0.048125,,,,,,,,,,,,,,
k4_hierarchical,1200,4,96.0,2,96.21666666666667,0.0,0.0,"[108.84944850525247, 58.61658841698926, 28.810429750202797, -19.422165719685108]",0.01323180399776902,1,km_spec,initial,0.009521523003058974,0,0.3783333333333333,0.6166665507734616,148,600,-1066.6130772338918,26.0,True,0.0,,,,,,,,,,,,,,,,,,
k4_hierarchical,1200,4,96.0,2,96.21666666666667,0.0,0.0,"[108.84944850525247, 58.61658841698926, 28.810429750202797, -19.422165719685108]",0.01323180399776902,1,km_spec,decoded,0.009869266003079247,0,0.36916666666666664,0.6290991400238672,143,600,,,,,0.0,1.9634098581194772,0.0,0.04375,,,,,,,,,,,,,,
k4_hierarchical,1200,4,96.0,2,96.21666666666667,0.0,0.0,"[108.84944850525247, 58.61658841698926, 28.810429750202797, -19.422165719685108]",0.01323180399776902,1,gmm_tied_spec,initial,0.15261312299844576,0,0.046666666666666634,0.8862766825630397,270,330,-2974.662619865877,13.0,True,3.0,,,,,0.0,,,,,,,,,,,,,
k4_hierarchical,1200,4,96.0,2,96.21666666666667,0.0,0.0,"[108.84944850525247, 58.61658841698926, 28.810429750202797, -19.422165719685108]",0.01323180399776902,1,gmm_tied_spec,decoded,0.1529851629966288,0,0.3916666666666667,0.2964551072547637,202,378,,,,,0.0,60.67252662910106,0.0,0.3525,,,,,,,,,,,,,,
k4_hierarchical,1200,4,96.0,2,96.21666666666667,0.0,0.0,"[108.84944850525247, 58.61658841698926, 28.810429750202797, -19.422165719685108]",0.01323180399776902,1,gmm_full_spec,initial,0.2684726599982241,0,0.31833333333333336,0.6460175726609804,82,600,-2070.1071346926547,41.0,True,4.0,,,,,0.0,,,,,,,,,,,,,
k4_hierarchical,1200,4,96.0,2,96.21666666666667,0.0,0.0,"[108.84944850525247, 58.61658841698926, 28.810429750202797, -19.422165719685108]",0.01323180399776902,1,gmm_full_spec,decoded,0.2688628169998992,0,0.3258333333333333,0.6385668224277437,90,600,,,,,0.0,29.182215936553984,0.0,0.325,,,,,,,,,,,,,,
k4_hierarchical,1200,4,96.0,2,96.21666666666667,0.0,0.0,"[108.84944850525247, 58.61658841698926, 28.810429750202797, -19.422165719685108]",0.01323180399776902,1,km_spec_degree,initial,0.009002352999232244,0,0.37583333333333335,0.6213032128110884,147,600,-1279.5941087928215,12.0,True,2.0,,,,,,,,,,,,,,,,,,
k4_hierarchical,1200,4,96.0,2,96.21666666666667,0.0,0.0,"[108.84944850525247, 58.61658841698926, 28.810429750202797, -19.422165719685108]",0.01323180399776902,1,km_spec_degree,decoded,0.009315483999671414,0,0.37,0.6290482888991269,144,600,,,,,0.0,1.9766508352343226,0.0,0.04541666666666667,,,,,,,,,,,,,,
k4_hierarchical,1200,4,96.0,2,96.21666666666667,0.0,0.0,"[108.84944850525247, 58.61658841698926, 28.810429750202797, -19.422165719685108]",0.01323180399776902,1,gmm_full_spec_degree,initial,0.23873548599658534,0,0.27,0.689428480215435,24,600,-1455.987096100138,84.0,True,4.0,,,,,0.0,,,,,,,,,,,,,
k4_hierarchical,1200,4,96.0,2,96.21666666666667,0.0,0.0,"[108.84944850525247, 58.61658841698926, 28.810429750202797, -19.422165719685108]",0.01323180399776902,1,gmm_full_spec_degree,decoded,0.2391750780006987,0,0.30166666666666664,0.6581902804613758,62,600,,,,,0.0,2.4049270142384556,0.0,0.11520833333333333,,,,,,,,,,,,,,
k4_hierarchical,1200,4,96.0,2,96.21666666666667,0.0,0.0,"[108.84944850525247, 58.61658841698926, 28.810429750202797, -19.422165719685108]",0.01323180399776902,1,km_neighbor_degree,initial,0.00830693500029156,0,0.03083333333333338,0.9224082272235804,288,312,-1934.5889670926185,4.0,True,0.0,,,,,,,,,,,,,,,,,,
k4_hierarchical,1200,4,96.0,2,96.21666666666667,0.0,0.0,"[108.84944850525247, 58.61658841698926, 28.810429750202797, -19.422165719685108]",0.01323180399776902,1,km_neighbor_degree,decoded,0.008656149999296758,0,0.4683333333333334,0.20266586018871657,159,439,,,,,0.0,99.09038403761522,0.0,0.39125,,,,,,,,,,,,,,
k4_hierarchical,1200,4,96.0,2,96.21666666666667,0.0,0.0,"[108.84944850525247, 58.61658841698926, 28.810429750202797, -19.422165719685108]",0.01323180399776902,1,gmm_full_neighbor_degree,initial,0.10994097300135763,0,0.01666666666666672,0.9566738689852022,288,312,-4149.305917852273,16.0,True,3.0,,,,,0.0,,,,,,,,,,,,,
k4_hierarchical,1200,4,96.0,2,96.21666666666667,0.0,0.0,"[108.84944850525247, 58.61658841698926, 28.810429750202797, -19.422165719685108]",0.01323180399776902,1,gmm_full_neighbor_degree,decoded,0.11031526599981589,0,0.5333333333333333,0.1373291226401895,137,457,,,,,0.0,123.68251081232945,0.0,0.413125,,,,,,,,,,,,,,
k4_hierarchical,1200,4,96.0,2,96.21666666666667,0.0,0.0,"[108.84944850525247, 58.61658841698926, 28.810429750202797, -19.422165719685108]",0.01323180399776902,1,poisson_gaussian,initial,0.09904380000079982,0,0.015833333333333366,0.9588814237389456,294,306,-7988.200808470866,19.0,True,,,,,,,-6.656834007059055,converged,random_data,1120802142.0,0.0,4.0,0.0,3.0,6.0,7921.0,0.02,,
k4_hierarchical,1200,4,96.0,2,96.21666666666667,0.0,0.0,"[108.84944850525247, 58.61658841698926, 28.810429750202797, -19.422165719685108]",0.01323180399776902,1,poisson_gaussian,decoded,0.09939493799902266,0,0.54,0.12530535399163323,124,475,,,,,0.0,134.93634929366092,0.0,0.4197916666666667,,,,,,,,,,,,,,
k4_hierarchical,1200,4,96.0,2,96.21666666666667,0.0,0.0,"[108.84944850525247, 58.61658841698926, 28.810429750202797, -19.422165719685108]",0.01323180399776902,1,spectral_bernoulli_surrogate,initial,0.07666897200397216,0,0.04916666666666669,0.8811111056049844,284,316,-182601.502513918,16.0,True,3.0,,,,,,,,,,,,,,,,,0.0,
k4_hierarchical,1200,4,96.0,2,96.21666666666667,0.0,0.0,"[108.84944850525247, 58.61658841698926, 28.810429750202797, -19.422165719685108]",0.01323180399776902,1,spectral_bernoulli_surrogate,decoded,0.07702756200887961,0,0.39,0.30638587517909593,217,373,,,,,0.0,60.97078176633671,0.0,0.355,,,,,,,,,,,,,,
k4_hierarchical,1200,4,96.0,2,96.21666666666667,0.0,0.0,"[108.84944850525247, 58.61658841698926, 28.810429750202797, -19.422165719685108]",0.01323180399776902,1,raw_bernoulli_vem,initial,0.1006491520020063,0,0.007499999999999951,0.9802506220406793,299,301,-181954.42650422358,7.0,True,5.0,,,,,,,,,,,,,,,,,0.0,
k4_hierarchical,1200,4,96.0,2,96.21666666666667,0.0,0.0,"[108.84944850525247, 58.61658841698926, 28.810429750202797, -19.422165719685108]",0.01323180399776902,1,edge_only_oracle,reference,0.0,0,0.004166666666666652,0.9889538636155332,299,301,,,,,,,,,,,,,,,,,,,,,,
